item_url,acquisition,datetime,quadkey,gsd,off_nadir,sun_elevation,clouds_pct,epsg,platform,bbox_w,bbox_s,bbox_e,bbox_n,visual_href,ms_href,pan_href,date,phase
https://maxar-opendata.s3.amazonaws.com/events/WildFires-LosAngeles-Jan-2025/ard/11/031311013310/2025-01-16/105001004042BF00.json,105001004042BF00,2025-01-16 18:53:54+00:00,031311013310,0.48,24.1,32.8,0,32611,GE01,-118.83485843242586,34.10072827764622,-118.78704950170162,34.105851089705894,https://maxar-opendata.s3.amazonaws.com/events/WildFires-LosAngeles-Jan-2025/ard/11/031311013310/2025-01-16/105001004042BF00-visual.tif,https://maxar-opendata.s3.amazonaws.com/events/WildFires-LosAngeles-Jan-2025/ard/11/031311013310/2025-01-16/105001004042BF00-ms.tif,https://maxar-opendata.s3.amazonaws.com/events/WildFires-LosAngeles-Jan-2025/ard/11/031311013310/2025-01-16/105001004042BF00-pan.tif,2025-01-16,post
https://maxar-opendata.s3.amazonaws.com/events/WildFires-LosAngeles-Jan-2025/ard/11/031311013311/2025-01-16/105001004042BF00.json,105001004042BF00,2025-01-16 18:53:53+00:00,031311013311,0.48,24.3,32.8,0,32611,GE01,-118.79053018604232,34.10137831422389,-118.73286727188243,34.10596205228721,https://maxar-opendata.s3.amazonaws.com/events/WildFires-LosAngeles-Jan-2025/ard/11/031311013311/2025-01-16/105001004042BF00-visual.tif,https://maxar-opendata.s3.amazonaws.com/events/WildFires-LosAngeles-Jan-2025/ard/11/031311013311/2025-01-16/105001004042BF00-ms.tif,https://maxar-opendata.s3.amazonaws.com/events/WildFires-LosAngeles-Jan-2025/ard/11/031311013311/2025-01-16/105001004042BF00-pan.tif,2025-01-16,post
https://maxar-opendata.s3.amazonaws.com/events/WildFires-LosAngeles-Jan-2025/ard/11/031311013312/2025-01-16/105001004042BF00.json,105001004042BF00,2025-01-16 18:53:54+00:00,031311013312,0.48,24.1,32.8,0,32611,GE01,-118.83595849685837,34.05563793722765,-118.78610278183349,34.104244627706315,https://maxar-opendata.s3.amazonaws.com/events/WildFires-LosAngeles-Jan-2025/ard/11/031311013312/2025-01-16/105001004042BF00-visual.tif,https://maxar-opendata.s3.amazonaws.com/events/WildFires-LosAngeles-Jan-2025/ard/11/031311013312/2025-01-16/105001004042BF00-ms.tif,https://maxar-opendata.s3.amazonaws.com/events/WildFires-LosAngeles-Jan-2025/ard/11/031311013312/2025-01-16/105001004042BF00-pan.tif,2025-01-16,post
https://maxar-opendata.s3.amazonaws.com/events/WildFires-LosAngeles-Jan-2025/ard/11/031311013313/2025-01-16/105001004042BF00.json,105001004042BF00,2025-01-16 18:53:53+00:00,031311013313,0.48,24.3,32.8,0,32611,GE01,-118.79049517378039,34.05630636542734,-118.73194922043604,34.10502119456861,https://maxar-opendata.s3.amazonaws.com/events/WildFires-LosAngeles-Jan-2025/ard/11/031311013313/2025-01-16/105001004042BF00-visual.tif,https://maxar-opendata.s3.amazonaws.com/events/WildFires-LosAngeles-Jan-2025/ard/11/031311013313/2025-01-16/105001004042BF00-ms.tif,https://maxar-opendata.s3.amazonaws.com/events/WildFires-LosAngeles-Jan-2025/ard/11/031311013313/2025-01-16/105001004042BF00-pan.tif,2025-01-16,post
https://maxar-opendata.s3.amazonaws.com/events/WildFires-LosAngeles-Jan-2025/ard/11/031311013330/2025-01-16/105001004042BF00.json,105001004042BF00,2025-01-16 18:53:54+00:00,031311013330,0.48,24.1,32.8,0,32611,GE01,-118.83481199275259,34.01057336124903,-118.78515816359156,34.05917261800656,https://maxar-opendata.s3.amazonaws.com/events/WildFires-LosAngeles-Jan-2025/ard/11/031311013330/2025-01-16/105001004042BF00-visual.tif,https://maxar-opendata.s3.amazonaws.com/events/WildFires-LosAngeles-Jan-2025/ard/11/031311013330/2025-01-16/105001004042BF00-ms.tif,https://maxar-opendata.s3.amazonaws.com/events/WildFires-LosAngeles-Jan-2025/ard/11/031311013330/2025-01-16/105001004042BF00-pan.tif,2025-01-16,post
https://maxar-opendata.s3.amazonaws.com/events/WildFires-LosAngeles-Jan-2025/ard/11/031311013331/2025-01-16/105001004042BF00.json,105001004042BF00,2025-01-16 18:53:53+00:00,031311013331,0.48,24.2,32.8,0,32611,GE01,-118.78954653053438,34.0112340623513,-118.73103320703103,34.0599478773459,https://maxar-opendata.s3.amazonaws.com/events/WildFires-LosAngeles-Jan-2025/ard/11/031311013331/2025-01-16/105001004042BF00-visual.tif,https://maxar-opendata.s3.amazonaws.com/events/WildFires-LosAngeles-Jan-2025/ard/11/031311013331/2025-01-16/105001004042BF00-ms.tif,https://maxar-opendata.s3.amazonaws.com/events/WildFires-LosAngeles-Jan-2025/ard/11/031311013331/2025-01-16/105001004042BF00-pan.tif,2025-01-16,post
https://maxar-opendata.s3.amazonaws.com/events/WildFires-LosAngeles-Jan-2025/ard/11/031311013332/2025-01-16/105001004042BF00.json,105001004042BF00,2025-01-16 18:53:54+00:00,031311013332,0.48,24.0,32.8,0,32611,GE01,-118.8344008764817,33.96547249617009,-118.78421564249325,34.01410025409668,https://maxar-opendata.s3.amazonaws.com/events/WildFires-LosAngeles-Jan-2025/ard/11/031311013332/2025-01-16/105001004042BF00-visual.tif,https://maxar-opendata.s3.amazonaws.com/events/WildFires-LosAngeles-Jan-2025/ard/11/031311013332/2025-01-16/105001004042BF00-ms.tif,https://maxar-opendata.s3.amazonaws.com/events/WildFires-LosAngeles-Jan-2025/ard/11/031311013332/2025-01-16/105001004042BF00-pan.tif,2025-01-16,post
https://maxar-opendata.s3.amazonaws.com/events/WildFires-LosAngeles-Jan-2025/ard/11/031311013333/2025-01-16/105001004042BF00.json,105001004042BF00,2025-01-16 18:53:53+00:00,031311013333,0.48,24.2,32.8,0,32611,GE01,-118.78859999316934,33.96616140526562,-118.73011922732016,34.014874207270374,https://maxar-opendata.s3.amazonaws.com/events/WildFires-LosAngeles-Jan-2025/ard/11/031311013333/2025-01-16/105001004042BF00-visual.tif,https://maxar-opendata.s3.amazonaws.com/events/WildFires-LosAngeles-Jan-2025/ard/11/031311013333/2025-01-16/105001004042BF00-ms.tif,https://maxar-opendata.s3.amazonaws.com/events/WildFires-LosAngeles-Jan-2025/ard/11/031311013333/2025-01-16/105001004042BF00-pan.tif,2025-01-16,post
https://maxar-opendata.s3.amazonaws.com/events/WildFires-LosAngeles-Jan-2025/ard/11/031311031110/2025-01-16/105001004042BF00.json,105001004042BF00,2025-01-16 18:53:54+00:00,031311031110,0.48,24.0,32.8,5,32611,GE01,-118.83467965909557,33.95246905575516,-118.78392871197163,33.96902753624625,https://maxar-opendata.s3.amazonaws.com/events/WildFires-LosAngeles-Jan-2025/ard/11/031311031110/2025-01-16/105001004042BF00-visual.tif,https://maxar-opendata.s3.amazonaws.com/events/WildFires-LosAngeles-Jan-2025/ard/11/031311031110/2025-01-16/105001004042BF00-ms.tif,https://maxar-opendata.s3.amazonaws.com/events/WildFires-LosAngeles-Jan-2025/ard/11/031311031110/2025-01-16/105001004042BF00-pan.tif,2025-01-16,post
https://maxar-opendata.s3.amazonaws.com/events/WildFires-LosAngeles-Jan-2025/ard/11/031311031111/2025-01-16/105001004042BF00.json,105001004042BF00,2025-01-16 18:53:53+00:00,031311031111,0.48,24.2,32.8,24,32611,GE01,-118.78765555719323,33.9523003424446,-118.72982194174241,33.96980018460781,https://maxar-opendata.s3.amazonaws.com/events/WildFires-LosAngeles-Jan-2025/ard/11/031311031111/2025-01-16/105001004042BF00-visual.tif,https://maxar-opendata.s3.amazonaws.com/events/WildFires-LosAngeles-Jan-2025/ard/11/031311031111/2025-01-16/105001004042BF00-ms.tif,https://maxar-opendata.s3.amazonaws.com/events/WildFires-LosAngeles-Jan-2025/ard/11/031311031111/2025-01-16/105001004042BF00-pan.tif,2025-01-16,post
https://maxar-opendata.s3.amazonaws.com/events/WildFires-LosAngeles-Jan-2025/ard/11/031311100221/2024-12-14/10400100A0AEFE00.json,10400100A0AEFE00,2024-12-14 18:39:29+00:00,031311100221,0.32,10.1,30.1,0,32611,WV03,-118.65165633,34.37383812247715,-118.62970131611394,34.38301736,https://maxar-opendata.s3.amazonaws.com/events/WildFires-LosAngeles-Jan-2025/ard/11/031311100221/2024-12-14/10400100A0AEFE00-visual.tif,https://maxar-opendata.s3.amazonaws.com/events/WildFires-LosAngeles-Jan-2025/ard/11/031311100221/2024-12-14/10400100A0AEFE00-ms.tif,https://maxar-opendata.s3.amazonaws.com/events/WildFires-LosAngeles-Jan-2025/ard/11/031311100221/2024-12-14/10400100A0AEFE00-pan.tif,2024-12-14,pre
https://maxar-opendata.s3.amazonaws.com/events/WildFires-LosAngeles-Jan-2025/ard/11/031311100221/2025-01-09/104001009F2ED400.json,104001009F2ED400,2025-01-09 18:56:06+00:00,031311100221,0.39,28.6,31.7,0,32611,WV03,-118.65165633,34.37383812247715,-118.62970131611394,34.38301736,https://maxar-opendata.s3.amazonaws.com/events/WildFires-LosAngeles-Jan-2025/ard/11/031311100221/2025-01-09/104001009F2ED400-visual.tif,https://maxar-opendata.s3.amazonaws.com/events/WildFires-LosAngeles-Jan-2025/ard/11/031311100221/2025-01-09/104001009F2ED400-ms.tif,https://maxar-opendata.s3.amazonaws.com/events/WildFires-LosAngeles-Jan-2025/ard/11/031311100221/2025-01-09/104001009F2ED400-pan.tif,2025-01-09,post
https://maxar-opendata.s3.amazonaws.com/events/WildFires-LosAngeles-Jan-2025/ard/11/031311100221/2025-01-09/10400100A069A700.json,10400100A069A700,2025-01-09 18:56:25+00:00,031311100221,0.37,26.0,31.7,0,32611,WV03,-118.65165633,34.373838675892415,-118.62970131611394,34.38301736,https://maxar-opendata.s3.amazonaws.com/events/WildFires-LosAngeles-Jan-2025/ard/11/031311100221/2025-01-09/10400100A069A700-visual.tif,https://maxar-opendata.s3.amazonaws.com/events/WildFires-LosAngeles-Jan-2025/ard/11/031311100221/2025-01-09/10400100A069A700-ms.tif,https://maxar-opendata.s3.amazonaws.com/events/WildFires-LosAngeles-Jan-2025/ard/11/031311100221/2025-01-09/10400100A069A700-pan.tif,2025-01-09,post
https://maxar-opendata.s3.amazonaws.com/events/WildFires-LosAngeles-Jan-2025/ard/11/031311100221/2025-01-13/103001010B9A1B00.json,103001010B9A1B00,2025-01-13 19:06:52+00:00,031311100221,0.76,39.1,32.9,0,32611,WV02,-118.65165633,34.37383812247715,-118.62970131611394,34.38301736,https://maxar-opendata.s3.amazonaws.com/events/WildFires-LosAngeles-Jan-2025/ard/11/031311100221/2025-01-13/103001010B9A1B00-visual.tif,https://maxar-opendata.s3.amazonaws.com/events/WildFires-LosAngeles-Jan-2025/ard/11/031311100221/2025-01-13/103001010B9A1B00-ms.tif,https://maxar-opendata.s3.amazonaws.com/events/WildFires-LosAngeles-Jan-2025/ard/11/031311100221/2025-01-13/103001010B9A1B00-pan.tif,2025-01-13,post
https://maxar-opendata.s3.amazonaws.com/events/WildFires-LosAngeles-Jan-2025/ard/11/031311100223/2024-12-14/10400100A0AEFE00.json,10400100A0AEFE00,2024-12-14 18:39:30+00:00,031311100223,0.32,10.0,30.1,0,32611,WV03,-118.65152045740919,34.328765955841796,-118.62882906310628,34.37695016732339,https://maxar-opendata.s3.amazonaws.com/events/WildFires-LosAngeles-Jan-2025/ard/11/031311100223/2024-12-14/10400100A0AEFE00-visual.tif,https://maxar-opendata.s3.amazonaws.com/events/WildFires-LosAngeles-Jan-2025/ard/11/031311100223/2024-12-14/10400100A0AEFE00-ms.tif,https://maxar-opendata.s3.amazonaws.com/events/WildFires-LosAngeles-Jan-2025/ard/11/031311100223/2024-12-14/10400100A0AEFE00-pan.tif,2024-12-14,pre
https://maxar-opendata.s3.amazonaws.com/events/WildFires-LosAngeles-Jan-2025/ard/11/031311100223/2025-01-09/10400100A069A700.json,10400100A069A700,2025-01-09 18:56:26+00:00,031311100223,0.37,26.1,31.8,0,32611,WV03,-118.65152046975493,34.32876636958778,-118.62882906310628,34.37695016732339,https://maxar-opendata.s3.amazonaws.com/events/WildFires-LosAngeles-Jan-2025/ard/11/031311100223/2025-01-09/10400100A069A700-visual.tif,https://maxar-opendata.s3.amazonaws.com/events/WildFires-LosAngeles-Jan-2025/ard/11/031311100223/2025-01-09/10400100A069A700-ms.tif,https://maxar-opendata.s3.amazonaws.com/events/WildFires-LosAngeles-Jan-2025/ard/11/031311100223/2025-01-09/10400100A069A700-pan.tif,2025-01-09,post
https://maxar-opendata.s3.amazonaws.com/events/WildFires-LosAngeles-Jan-2025/ard/11/031311100223/2025-01-10/1050010040277400.json,1050010040277400,2025-01-10 18:35:41+00:00,031311100223,0.44,16.7,30.3,0,32611,GE01,-118.65152048045374,34.32876724593897,-118.63686813415269,34.37685222916923,https://maxar-opendata.s3.amazonaws.com/events/WildFires-LosAngeles-Jan-2025/ard/11/031311100223/2025-01-10/1050010040277400-visual.tif,https://maxar-opendata.s3.amazonaws.com/events/WildFires-LosAngeles-Jan-2025/ard/11/031311100223/2025-01-10/1050010040277400-ms.tif,https://maxar-opendata.s3.amazonaws.com/events/WildFires-LosAngeles-Jan-2025/ard/11/031311100223/2025-01-10/1050010040277400-pan.tif,2025-01-10,post
https://maxar-opendata.s3.amazonaws.com/events/WildFires-LosAngeles-Jan-2025/ard/11/031311100223/2025-01-13/103001010B9A1B00.json,103001010B9A1B00,2025-01-13 19:06:52+00:00,031311100223,0.76,39.1,32.9,0,32611,WV02,-118.65152045740919,34.328765955841796,-118.62882906310628,34.37695016732339,https://maxar-opendata.s3.amazonaws.com/events/WildFires-LosAngeles-Jan-2025/ard/11/031311100223/2025-01-13/103001010B9A1B00-visual.tif,https://maxar-opendata.s3.amazonaws.com/events/WildFires-LosAngeles-Jan-2025/ard/11/031311100223/2025-01-13/103001010B9A1B00-ms.tif,https://maxar-opendata.s3.amazonaws.com/events/WildFires-LosAngeles-Jan-2025/ard/11/031311100223/2025-01-13/103001010B9A1B00-pan.tif,2025-01-13,post
https://maxar-opendata.s3.amazonaws.com/events/WildFires-LosAngeles-Jan-2025/ard/11/031311100223/2025-01-16/103001010C12B000.json,103001010C12B000,2025-01-16 18:57:59+00:00,031311100223,0.6,29.1,32.9,0,32611,WV02,-118.6486986975707,34.328824170887714,-118.62882906310628,34.37695016732339,https://maxar-opendata.s3.amazonaws.com/events/WildFires-LosAngeles-Jan-2025/ard/11/031311100223/2025-01-16/103001010C12B000-visual.tif,https://maxar-opendata.s3.amazonaws.com/events/WildFires-LosAngeles-Jan-2025/ard/11/031311100223/2025-01-16/103001010C12B000-ms.tif,https://maxar-opendata.s3.amazonaws.com/events/WildFires-LosAngeles-Jan-2025/ard/11/031311100223/2025-01-16/103001010C12B000-pan.tif,2025-01-16,post
https://maxar-opendata.s3.amazonaws.com/events/WildFires-LosAngeles-Jan-2025/ard/11/031311100230/2024-12-14/10400100A1989500.json,10400100A1989500,2024-12-14 18:39:16+00:00,031311100230,0.34,16.9,30.1,0,32611,WV03,-118.63325800116344,34.37408777151795,-118.57533971987351,34.38227585687986,https://maxar-opendata.s3.amazonaws.com/events/WildFires-LosAngeles-Jan-2025/ard/11/031311100230/2024-12-14/10400100A1989500-visual.tif,https://maxar-opendata.s3.amazonaws.com/events/WildFires-LosAngeles-Jan-2025/ard/11/031311100230/2024-12-14/10400100A1989500-ms.tif,https://maxar-opendata.s3.amazonaws.com/events/WildFires-LosAngeles-Jan-2025/ard/11/031311100230/2024-12-14/10400100A1989500-pan.tif,2024-12-14,pre
https://maxar-opendata.s3.amazonaws.com/events/WildFires-LosAngeles-Jan-2025/ard/11/031311100230/2025-01-09/104001009F2ED400.json,104001009F2ED400,2025-01-09 18:56:06+00:00,031311100230,0.39,28.9,31.7,0,32611,WV03,-118.63325800116344,34.37408777151795,-118.57533971987351,34.38227585687986,https://maxar-opendata.s3.amazonaws.com/events/WildFires-LosAngeles-Jan-2025/ard/11/031311100230/2025-01-09/104001009F2ED400-visual.tif,https://maxar-opendata.s3.amazonaws.com/events/WildFires-LosAngeles-Jan-2025/ard/11/031311100230/2025-01-09/104001009F2ED400-ms.tif,https://maxar-opendata.s3.amazonaws.com/events/WildFires-LosAngeles-Jan-2025/ard/11/031311100230/2025-01-09/104001009F2ED400-pan.tif,2025-01-09,post
https://maxar-opendata.s3.amazonaws.com/events/WildFires-LosAngeles-Jan-2025/ard/11/031311100230/2025-01-09/10400100A069A700.json,10400100A069A700,2025-01-09 18:56:25+00:00,031311100230,0.38,26.3,31.7,0,32611,WV03,-118.63325800116344,34.37408777151795,-118.57533971987351,34.38227585687986,https://maxar-opendata.s3.amazonaws.com/events/WildFires-LosAngeles-Jan-2025/ard/11/031311100230/2025-01-09/10400100A069A700-visual.tif,https://maxar-opendata.s3.amazonaws.com/events/WildFires-LosAngeles-Jan-2025/ard/11/031311100230/2025-01-09/10400100A069A700-ms.tif,https://maxar-opendata.s3.amazonaws.com/events/WildFires-LosAngeles-Jan-2025/ard/11/031311100230/2025-01-09/10400100A069A700-pan.tif,2025-01-09,post
https://maxar-opendata.s3.amazonaws.com/events/WildFires-LosAngeles-Jan-2025/ard/11/031311100230/2025-01-13/103001010B9A1B00.json,103001010B9A1B00,2025-01-13 19:06:52+00:00,031311100230,0.76,39.2,32.9,0,32611,WV02,-118.63325800116344,34.37408777151795,-118.57533971987351,34.38227585687986,https://maxar-opendata.s3.amazonaws.com/events/WildFires-LosAngeles-Jan-2025/ard/11/031311100230/2025-01-13/103001010B9A1B00-visual.tif,https://maxar-opendata.s3.amazonaws.com/events/WildFires-LosAngeles-Jan-2025/ard/11/031311100230/2025-01-13/103001010B9A1B00-ms.tif,https://maxar-opendata.s3.amazonaws.com/events/WildFires-LosAngeles-Jan-2025/ard/11/031311100230/2025-01-13/103001010B9A1B00-pan.tif,2025-01-13,post
https://maxar-opendata.s3.amazonaws.com/events/WildFires-LosAngeles-Jan-2025/ard/11/031311100230/2025-01-14/10400100A1AFE700.json,10400100A1AFE700,2025-01-14 18:37:53+00:00,031311100230,0.38,26.8,31.1,0,32611,WV03,-118.62932508548732,34.374141730964176,-118.57533971987351,34.38211734958982,https://maxar-opendata.s3.amazonaws.com/events/WildFires-LosAngeles-Jan-2025/ard/11/031311100230/2025-01-14/10400100A1AFE700-visual.tif,https://maxar-opendata.s3.amazonaws.com/events/WildFires-LosAngeles-Jan-2025/ard/11/031311100230/2025-01-14/10400100A1AFE700-ms.tif,https://maxar-opendata.s3.amazonaws.com/events/WildFires-LosAngeles-Jan-2025/ard/11/031311100230/2025-01-14/10400100A1AFE700-pan.tif,2025-01-14,post
https://maxar-opendata.s3.amazonaws.com/events/WildFires-LosAngeles-Jan-2025/ard/11/031311100230/2025-01-16/103001010C12B000.json,103001010C12B000,2025-01-16 18:57:59+00:00,031311100230,0.6,29.2,32.9,0,32611,WV02,-118.63325791467648,34.37408777151795,-118.57533971987351,34.3822758533942,https://maxar-opendata.s3.amazonaws.com/events/WildFires-LosAngeles-Jan-2025/ard/11/031311100230/2025-01-16/103001010C12B000-visual.tif,https://maxar-opendata.s3.amazonaws.com/events/WildFires-LosAngeles-Jan-2025/ard/11/031311100230/2025-01-16/103001010C12B000-ms.tif,https://maxar-opendata.s3.amazonaws.com/events/WildFires-LosAngeles-Jan-2025/ard/11/031311100230/2025-01-16/103001010C12B000-pan.tif,2025-01-16,post
https://maxar-opendata.s3.amazonaws.com/events/WildFires-LosAngeles-Jan-2025/ard/11/031311100231/2024-12-14/10400100A1989500.json,10400100A1989500,2024-12-14 18:39:16+00:00,031311100231,0.33,16.6,30.1,2,32611,WV03,-118.57883660947418,34.37480125268324,-118.5209762484689,34.380082525512734,https://maxar-opendata.s3.amazonaws.com/events/WildFires-LosAngeles-Jan-2025/ard/11/031311100231/2024-12-14/10400100A1989500-visual.tif,https://maxar-opendata.s3.amazonaws.com/events/WildFires-LosAngeles-Jan-2025/ard/11/031311100231/2024-12-14/10400100A1989500-ms.tif,https://maxar-opendata.s3.amazonaws.com/events/WildFires-LosAngeles-Jan-2025/ard/11/031311100231/2024-12-14/10400100A1989500-pan.tif,2024-12-14,pre
https://maxar-opendata.s3.amazonaws.com/events/WildFires-LosAngeles-Jan-2025/ard/11/031311100231/2025-01-09/10400100A069A700.json,10400100A069A700,2025-01-09 18:56:25+00:00,031311100231,0.38,26.6,31.7,0,32611,WV03,-118.57883660947418,34.37480125268324,-118.5209762484689,34.380082525512734,https://maxar-opendata.s3.amazonaws.com/events/WildFires-LosAngeles-Jan-2025/ard/11/031311100231/2025-01-09/10400100A069A700-visual.tif,https://maxar-opendata.s3.amazonaws.com/events/WildFires-LosAngeles-Jan-2025/ard/11/031311100231/2025-01-09/10400100A069A700-ms.tif,https://maxar-opendata.s3.amazonaws.com/events/WildFires-LosAngeles-Jan-2025/ard/11/031311100231/2025-01-09/10400100A069A700-pan.tif,2025-01-09,post
https://maxar-opendata.s3.amazonaws.com/events/WildFires-LosAngeles-Jan-2025/ard/11/031311100231/2025-01-13/103001010B9A1B00.json,103001010B9A1B00,2025-01-13 19:06:52+00:00,031311100231,0.77,39.4,32.9,0,32611,WV02,-118.57883660947418,34.37480125268324,-118.5209762484689,34.380082525512734,https://maxar-opendata.s3.amazonaws.com/events/WildFires-LosAngeles-Jan-2025/ard/11/031311100231/2025-01-13/103001010B9A1B00-visual.tif,https://maxar-opendata.s3.amazonaws.com/events/WildFires-LosAngeles-Jan-2025/ard/11/031311100231/2025-01-13/103001010B9A1B00-ms.tif,https://maxar-opendata.s3.amazonaws.com/events/WildFires-LosAngeles-Jan-2025/ard/11/031311100231/2025-01-13/103001010B9A1B00-pan.tif,2025-01-13,post
https://maxar-opendata.s3.amazonaws.com/events/WildFires-LosAngeles-Jan-2025/ard/11/031311100231/2025-01-14/10400100A1AFE700.json,10400100A1AFE700,2025-01-14 18:37:53+00:00,031311100231,0.38,26.7,31.1,0,32611,WV03,-118.57883656625968,34.37480125268324,-118.5209762484689,34.38008252377107,https://maxar-opendata.s3.amazonaws.com/events/WildFires-LosAngeles-Jan-2025/ard/11/031311100231/2025-01-14/10400100A1AFE700-visual.tif,https://maxar-opendata.s3.amazonaws.com/events/WildFires-LosAngeles-Jan-2025/ard/11/031311100231/2025-01-14/10400100A1AFE700-ms.tif,https://maxar-opendata.s3.amazonaws.com/events/WildFires-LosAngeles-Jan-2025/ard/11/031311100231/2025-01-14/10400100A1AFE700-pan.tif,2025-01-14,post
https://maxar-opendata.s3.amazonaws.com/events/WildFires-LosAngeles-Jan-2025/ard/11/031311100231/2025-01-16/103001010C12B000.json,103001010C12B000,2025-01-16 18:57:59+00:00,031311100231,0.6,29.5,32.9,0,32611,WV02,-118.57883656624617,34.37480125268324,-118.5209762484689,34.380082523770525,https://maxar-opendata.s3.amazonaws.com/events/WildFires-LosAngeles-Jan-2025/ard/11/031311100231/2025-01-16/103001010C12B000-visual.tif,https://maxar-opendata.s3.amazonaws.com/events/WildFires-LosAngeles-Jan-2025/ard/11/031311100231/2025-01-16/103001010C12B000-ms.tif,https://maxar-opendata.s3.amazonaws.com/events/WildFires-LosAngeles-Jan-2025/ard/11/031311100231/2025-01-16/103001010C12B000-pan.tif,2025-01-16,post
https://maxar-opendata.s3.amazonaws.com/events/WildFires-LosAngeles-Jan-2025/ard/11/031311100231/2025-01-20/10400100A2561F00.json,10400100A2561F00,2025-01-20 18:32:22+00:00,031311100231,0.39,29.1,31.6,0,32611,WV03,-118.5788365833642,34.37480125268324,-118.5209762484689,34.380082524460434,https://maxar-opendata.s3.amazonaws.com/events/WildFires-LosAngeles-Jan-2025/ard/11/031311100231/2025-01-20/10400100A2561F00-visual.tif,https://maxar-opendata.s3.amazonaws.com/events/WildFires-LosAngeles-Jan-2025/ard/11/031311100231/2025-01-20/10400100A2561F00-ms.tif,https://maxar-opendata.s3.amazonaws.com/events/WildFires-LosAngeles-Jan-2025/ard/11/031311100231/2025-01-20/10400100A2561F00-pan.tif,2025-01-20,post
https://maxar-opendata.s3.amazonaws.com/events/WildFires-LosAngeles-Jan-2025/ard/11/031311100232/2024-12-14/10400100A1989500.json,10400100A1989500,2024-12-14 18:39:16+00:00,031311100232,0.34,17.6,30.1,1,32611,WV03,-118.63315354598214,34.329014120806015,-118.57449653260635,34.37766221487677,https://maxar-opendata.s3.amazonaws.com/events/WildFires-LosAngeles-Jan-2025/ard/11/031311100232/2024-12-14/10400100A1989500-visual.tif,https://maxar-opendata.s3.amazonaws.com/events/WildFires-LosAngeles-Jan-2025/ard/11/031311100232/2024-12-14/10400100A1989500-ms.tif,https://maxar-opendata.s3.amazonaws.com/events/WildFires-LosAngeles-Jan-2025/ard/11/031311100232/2024-12-14/10400100A1989500-pan.tif,2024-12-14,pre
https://maxar-opendata.s3.amazonaws.com/events/WildFires-LosAngeles-Jan-2025/ard/11/031311100232/2025-01-09/10400100A069A700.json,10400100A069A700,2025-01-09 18:56:26+00:00,031311100232,0.38,26.4,31.8,0,32611,WV03,-118.63315354598214,34.329014120806015,-118.57449653260635,34.37766221487677,https://maxar-opendata.s3.amazonaws.com/events/WildFires-LosAngeles-Jan-2025/ard/11/031311100232/2025-01-09/10400100A069A700-visual.tif,https://maxar-opendata.s3.amazonaws.com/events/WildFires-LosAngeles-Jan-2025/ard/11/031311100232/2025-01-09/10400100A069A700-ms.tif,https://maxar-opendata.s3.amazonaws.com/events/WildFires-LosAngeles-Jan-2025/ard/11/031311100232/2025-01-09/10400100A069A700-pan.tif,2025-01-09,post
https://maxar-opendata.s3.amazonaws.com/events/WildFires-LosAngeles-Jan-2025/ard/11/031311100232/2025-01-13/103001010B9A1B00.json,103001010B9A1B00,2025-01-13 19:06:53+00:00,031311100232,0.76,39.3,32.9,0,32611,WV02,-118.63315354598214,34.329014120806015,-118.57449653260635,34.37766221487677,https://maxar-opendata.s3.amazonaws.com/events/WildFires-LosAngeles-Jan-2025/ard/11/031311100232/2025-01-13/103001010B9A1B00-visual.tif,https://maxar-opendata.s3.amazonaws.com/events/WildFires-LosAngeles-Jan-2025/ard/11/031311100232/2025-01-13/103001010B9A1B00-ms.tif,https://maxar-opendata.s3.amazonaws.com/events/WildFires-LosAngeles-Jan-2025/ard/11/031311100232/2025-01-13/103001010B9A1B00-pan.tif,2025-01-13,post
https://maxar-opendata.s3.amazonaws.com/events/WildFires-LosAngeles-Jan-2025/ard/11/031311100232/2025-01-14/10400100A1AFE700.json,10400100A1AFE700,2025-01-14 18:37:53+00:00,031311100232,0.37,26.3,31.1,0,32611,WV03,-118.62924492097275,34.32906375571343,-118.57449653260635,34.37766221487677,https://maxar-opendata.s3.amazonaws.com/events/WildFires-LosAngeles-Jan-2025/ard/11/031311100232/2025-01-14/10400100A1AFE700-visual.tif,https://maxar-opendata.s3.amazonaws.com/events/WildFires-LosAngeles-Jan-2025/ard/11/031311100232/2025-01-14/10400100A1AFE700-ms.tif,https://maxar-opendata.s3.amazonaws.com/events/WildFires-LosAngeles-Jan-2025/ard/11/031311100232/2025-01-14/10400100A1AFE700-pan.tif,2025-01-14,post
https://maxar-opendata.s3.amazonaws.com/events/WildFires-LosAngeles-Jan-2025/ard/11/031311100232/2025-01-16/103001010C12B000.json,103001010C12B000,2025-01-16 18:57:59+00:00,031311100232,0.6,29.2,32.9,0,32611,WV02,-118.63315354598214,34.329014120806015,-118.57449653260635,34.37766221487677,https://maxar-opendata.s3.amazonaws.com/events/WildFires-LosAngeles-Jan-2025/ard/11/031311100232/2025-01-16/103001010C12B000-visual.tif,https://maxar-opendata.s3.amazonaws.com/events/WildFires-LosAngeles-Jan-2025/ard/11/031311100232/2025-01-16/103001010C12B000-ms.tif,https://maxar-opendata.s3.amazonaws.com/events/WildFires-LosAngeles-Jan-2025/ard/11/031311100232/2025-01-16/103001010C12B000-pan.tif,2025-01-16,post
https://maxar-opendata.s3.amazonaws.com/events/WildFires-LosAngeles-Jan-2025/ard/11/031311100233/2024-12-14/104001009F982A00.json,104001009F982A00,2024-12-14 18:39:04+00:00,031311100233,0.36,22.9,30.2,22,32611,WV03,-118.55190984869753,34.33006884939717,-118.52016213097863,34.37820818841412,https://maxar-opendata.s3.amazonaws.com/events/WildFires-LosAngeles-Jan-2025/ard/11/031311100233/2024-12-14/104001009F982A00-visual.tif,https://maxar-opendata.s3.amazonaws.com/events/WildFires-LosAngeles-Jan-2025/ard/11/031311100233/2024-12-14/104001009F982A00-ms.tif,https://maxar-opendata.s3.amazonaws.com/events/WildFires-LosAngeles-Jan-2025/ard/11/031311100233/2024-12-14/104001009F982A00-pan.tif,2024-12-14,pre
https://maxar-opendata.s3.amazonaws.com/events/WildFires-LosAngeles-Jan-2025/ard/11/031311100233/2024-12-14/10400100A1989500.json,10400100A1989500,2024-12-14 18:39:15+00:00,031311100233,0.34,17.4,30.1,5,32611,WV03,-118.57879025034838,34.329726405137016,-118.52016213097863,34.37820724352195,https://maxar-opendata.s3.amazonaws.com/events/WildFires-LosAngeles-Jan-2025/ard/11/031311100233/2024-12-14/10400100A1989500-visual.tif,https://maxar-opendata.s3.amazonaws.com/events/WildFires-LosAngeles-Jan-2025/ard/11/031311100233/2024-12-14/10400100A1989500-ms.tif,https://maxar-opendata.s3.amazonaws.com/events/WildFires-LosAngeles-Jan-2025/ard/11/031311100233/2024-12-14/10400100A1989500-pan.tif,2024-12-14,pre
https://maxar-opendata.s3.amazonaws.com/events/WildFires-LosAngeles-Jan-2025/ard/11/031311100233/2025-01-09/10400100A069A700.json,10400100A069A700,2025-01-09 18:56:26+00:00,031311100233,0.38,26.7,31.8,0,32611,WV03,-118.57879025034838,34.329726405137016,-118.52016213097863,34.37820724352195,https://maxar-opendata.s3.amazonaws.com/events/WildFires-LosAngeles-Jan-2025/ard/11/031311100233/2025-01-09/10400100A069A700-visual.tif,https://maxar-opendata.s3.amazonaws.com/events/WildFires-LosAngeles-Jan-2025/ard/11/031311100233/2025-01-09/10400100A069A700-ms.tif,https://maxar-opendata.s3.amazonaws.com/events/WildFires-LosAngeles-Jan-2025/ard/11/031311100233/2025-01-09/10400100A069A700-pan.tif,2025-01-09,post
https://maxar-opendata.s3.amazonaws.com/events/WildFires-LosAngeles-Jan-2025/ard/11/031311100233/2025-01-13/103001010B9A1B00.json,103001010B9A1B00,2025-01-13 19:06:53+00:00,031311100233,0.77,39.4,33.0,0,32611,WV02,-118.57879025034838,34.329726405137016,-118.52016213097863,34.37820724352195,https://maxar-opendata.s3.amazonaws.com/events/WildFires-LosAngeles-Jan-2025/ard/11/031311100233/2025-01-13/103001010B9A1B00-visual.tif,https://maxar-opendata.s3.amazonaws.com/events/WildFires-LosAngeles-Jan-2025/ard/11/031311100233/2025-01-13/103001010B9A1B00-ms.tif,https://maxar-opendata.s3.amazonaws.com/events/WildFires-LosAngeles-Jan-2025/ard/11/031311100233/2025-01-13/103001010B9A1B00-pan.tif,2025-01-13,post
https://maxar-opendata.s3.amazonaws.com/events/WildFires-LosAngeles-Jan-2025/ard/11/031311100233/2025-01-14/10400100A1AFE700.json,10400100A1AFE700,2025-01-14 18:37:53+00:00,031311100233,0.37,26.3,31.1,0,32611,WV03,-118.57879025034838,34.329726405137016,-118.52016213097863,34.37820724352195,https://maxar-opendata.s3.amazonaws.com/events/WildFires-LosAngeles-Jan-2025/ard/11/031311100233/2025-01-14/10400100A1AFE700-visual.tif,https://maxar-opendata.s3.amazonaws.com/events/WildFires-LosAngeles-Jan-2025/ard/11/031311100233/2025-01-14/10400100A1AFE700-ms.tif,https://maxar-opendata.s3.amazonaws.com/events/WildFires-LosAngeles-Jan-2025/ard/11/031311100233/2025-01-14/10400100A1AFE700-pan.tif,2025-01-14,post
https://maxar-opendata.s3.amazonaws.com/events/WildFires-LosAngeles-Jan-2025/ard/11/031311100233/2025-01-15/10400100A14A8300.json,10400100A14A8300,2025-01-15 18:53:01+00:00,031311100233,0.38,26.7,32.4,0,32611,WV03,-118.53375215694409,34.330291217182875,-118.52016213097863,34.37820627678716,https://maxar-opendata.s3.amazonaws.com/events/WildFires-LosAngeles-Jan-2025/ard/11/031311100233/2025-01-15/10400100A14A8300-visual.tif,https://maxar-opendata.s3.amazonaws.com/events/WildFires-LosAngeles-Jan-2025/ard/11/031311100233/2025-01-15/10400100A14A8300-ms.tif,https://maxar-opendata.s3.amazonaws.com/events/WildFires-LosAngeles-Jan-2025/ard/11/031311100233/2025-01-15/10400100A14A8300-pan.tif,2025-01-15,post
https://maxar-opendata.s3.amazonaws.com/events/WildFires-LosAngeles-Jan-2025/ard/11/031311100233/2025-01-16/103001010C12B000.json,103001010C12B000,2025-01-16 18:57:59+00:00,031311100233,0.6,29.5,32.9,0,32611,WV02,-118.57879025034838,34.329726405137016,-118.52016213097863,34.37820724352195,https://maxar-opendata.s3.amazonaws.com/events/WildFires-LosAngeles-Jan-2025/ard/11/031311100233/2025-01-16/103001010C12B000-visual.tif,https://maxar-opendata.s3.amazonaws.com/events/WildFires-LosAngeles-Jan-2025/ard/11/031311100233/2025-01-16/103001010C12B000-ms.tif,https://maxar-opendata.s3.amazonaws.com/events/WildFires-LosAngeles-Jan-2025/ard/11/031311100233/2025-01-16/103001010C12B000-pan.tif,2025-01-16,post
https://maxar-opendata.s3.amazonaws.com/events/WildFires-LosAngeles-Jan-2025/ard/11/031311100233/2025-01-20/10400100A2561F00.json,10400100A2561F00,2025-01-20 18:32:22+00:00,031311100233,0.39,29.1,31.6,0,32611,WV03,-118.57879025034838,34.329726405137016,-118.52016213097863,34.37820724352195,https://maxar-opendata.s3.amazonaws.com/events/WildFires-LosAngeles-Jan-2025/ard/11/031311100233/2025-01-20/10400100A2561F00-visual.tif,https://maxar-opendata.s3.amazonaws.com/events/WildFires-LosAngeles-Jan-2025/ard/11/031311100233/2025-01-20/10400100A2561F00-ms.tif,https://maxar-opendata.s3.amazonaws.com/events/WildFires-LosAngeles-Jan-2025/ard/11/031311100233/2025-01-20/10400100A2561F00-pan.tif,2025-01-20,post
https://maxar-opendata.s3.amazonaws.com/events/WildFires-LosAngeles-Jan-2025/ard/11/031311100320/2025-01-09/10400100A20D9300.json,10400100A20D9300,2025-01-09 18:56:49+00:00,031311100320,0.39,28.8,31.7,0,32611,WV03,-118.52441753845824,34.37549059979117,-118.47873970953108,34.37788928767511,https://maxar-opendata.s3.amazonaws.com/events/WildFires-LosAngeles-Jan-2025/ard/11/031311100320/2025-01-09/10400100A20D9300-visual.tif,https://maxar-opendata.s3.amazonaws.com/events/WildFires-LosAngeles-Jan-2025/ard/11/031311100320/2025-01-09/10400100A20D9300-ms.tif,https://maxar-opendata.s3.amazonaws.com/events/WildFires-LosAngeles-Jan-2025/ard/11/031311100320/2025-01-09/10400100A20D9300-pan.tif,2025-01-09,post
https://maxar-opendata.s3.amazonaws.com/events/WildFires-LosAngeles-Jan-2025/ard/11/031311100320/2025-01-13/103001010B9A1B00.json,103001010B9A1B00,2025-01-13 19:06:52+00:00,031311100320,0.77,39.6,32.9,0,32611,WV02,-118.52441753845824,34.37549059979117,-118.48956328516388,34.37788928767511,https://maxar-opendata.s3.amazonaws.com/events/WildFires-LosAngeles-Jan-2025/ard/11/031311100320/2025-01-13/103001010B9A1B00-visual.tif,https://maxar-opendata.s3.amazonaws.com/events/WildFires-LosAngeles-Jan-2025/ard/11/031311100320/2025-01-13/103001010B9A1B00-ms.tif,https://maxar-opendata.s3.amazonaws.com/events/WildFires-LosAngeles-Jan-2025/ard/11/031311100320/2025-01-13/103001010B9A1B00-pan.tif,2025-01-13,post
https://maxar-opendata.s3.amazonaws.com/events/WildFires-LosAngeles-Jan-2025/ard/11/031311100320/2025-01-14/10400100A0BAD600.json,10400100A0BAD600,2025-01-14 18:37:32+00:00,031311100320,0.33,16.9,31.1,0,32611,WV03,-118.5243916182373,34.37549059979117,-118.47873970953108,34.37788824301911,https://maxar-opendata.s3.amazonaws.com/events/WildFires-LosAngeles-Jan-2025/ard/11/031311100320/2025-01-14/10400100A0BAD600-visual.tif,https://maxar-opendata.s3.amazonaws.com/events/WildFires-LosAngeles-Jan-2025/ard/11/031311100320/2025-01-14/10400100A0BAD600-ms.tif,https://maxar-opendata.s3.amazonaws.com/events/WildFires-LosAngeles-Jan-2025/ard/11/031311100320/2025-01-14/10400100A0BAD600-pan.tif,2025-01-14,post
https://maxar-opendata.s3.amazonaws.com/events/WildFires-LosAngeles-Jan-2025/ard/11/031311100320/2025-01-14/10400100A1AFE700.json,10400100A1AFE700,2025-01-14 18:37:53+00:00,031311100320,0.38,26.7,31.1,0,32611,WV03,-118.52441751582195,34.37549059979117,-118.47874118236204,34.37788928676281,https://maxar-opendata.s3.amazonaws.com/events/WildFires-LosAngeles-Jan-2025/ard/11/031311100320/2025-01-14/10400100A1AFE700-visual.tif,https://maxar-opendata.s3.amazonaws.com/events/WildFires-LosAngeles-Jan-2025/ard/11/031311100320/2025-01-14/10400100A1AFE700-ms.tif,https://maxar-opendata.s3.amazonaws.com/events/WildFires-LosAngeles-Jan-2025/ard/11/031311100320/2025-01-14/10400100A1AFE700-pan.tif,2025-01-14,post
https://maxar-opendata.s3.amazonaws.com/events/WildFires-LosAngeles-Jan-2025/ard/11/031311100320/2025-01-15/10400100A14A8300.json,10400100A14A8300,2025-01-15 18:53:01+00:00,031311100320,0.38,27.1,32.4,0,32611,WV03,-118.52441752858707,34.37549059979117,-118.47873970953108,34.37788928727728,https://maxar-opendata.s3.amazonaws.com/events/WildFires-LosAngeles-Jan-2025/ard/11/031311100320/2025-01-15/10400100A14A8300-visual.tif,https://maxar-opendata.s3.amazonaws.com/events/WildFires-LosAngeles-Jan-2025/ard/11/031311100320/2025-01-15/10400100A14A8300-ms.tif,https://maxar-opendata.s3.amazonaws.com/events/WildFires-LosAngeles-Jan-2025/ard/11/031311100320/2025-01-15/10400100A14A8300-pan.tif,2025-01-15,post
https://maxar-opendata.s3.amazonaws.com/events/WildFires-LosAngeles-Jan-2025/ard/11/031311100320/2025-01-16/103001010C12B000.json,103001010C12B000,2025-01-16 18:57:59+00:00,031311100320,0.61,29.7,32.9,0,32611,WV02,-118.52441752422581,34.37549059979117,-118.47873970953108,34.3778892871015,https://maxar-opendata.s3.amazonaws.com/events/WildFires-LosAngeles-Jan-2025/ard/11/031311100320/2025-01-16/103001010C12B000-visual.tif,https://maxar-opendata.s3.amazonaws.com/events/WildFires-LosAngeles-Jan-2025/ard/11/031311100320/2025-01-16/103001010C12B000-ms.tif,https://maxar-opendata.s3.amazonaws.com/events/WildFires-LosAngeles-Jan-2025/ard/11/031311100320/2025-01-16/103001010C12B000-pan.tif,2025-01-16,post
https://maxar-opendata.s3.amazonaws.com/events/WildFires-LosAngeles-Jan-2025/ard/11/031311100320/2025-01-19/103001010C955800.json,103001010C955800,2025-01-19 18:49:27+00:00,031311100320,0.55,24.4,32.8,0,32611,WV02,-118.50886577721934,34.375682912510285,-118.47875437074738,34.377262509037514,https://maxar-opendata.s3.amazonaws.com/events/WildFires-LosAngeles-Jan-2025/ard/11/031311100320/2025-01-19/103001010C955800-visual.tif,https://maxar-opendata.s3.amazonaws.com/events/WildFires-LosAngeles-Jan-2025/ard/11/031311100320/2025-01-19/103001010C955800-ms.tif,https://maxar-opendata.s3.amazonaws.com/events/WildFires-LosAngeles-Jan-2025/ard/11/031311100320/2025-01-19/103001010C955800-pan.tif,2025-01-19,post
https://maxar-opendata.s3.amazonaws.com/events/WildFires-LosAngeles-Jan-2025/ard/11/031311100320/2025-01-20/10400100A2561F00.json,10400100A2561F00,2025-01-20 18:32:22+00:00,031311100320,0.39,28.8,31.6,0,32611,WV03,-118.52441753383789,34.37549059979117,-118.47873970953108,34.3778892874889,https://maxar-opendata.s3.amazonaws.com/events/WildFires-LosAngeles-Jan-2025/ard/11/031311100320/2025-01-20/10400100A2561F00-visual.tif,https://maxar-opendata.s3.amazonaws.com/events/WildFires-LosAngeles-Jan-2025/ard/11/031311100320/2025-01-20/10400100A2561F00-ms.tif,https://maxar-opendata.s3.amazonaws.com/events/WildFires-LosAngeles-Jan-2025/ard/11/031311100320/2025-01-20/10400100A2561F00-pan.tif,2025-01-20,post
https://maxar-opendata.s3.amazonaws.com/events/WildFires-LosAngeles-Jan-2025/ard/11/031311100322/2025-01-09/10400100A20D9300.json,10400100A20D9300,2025-01-09 18:56:49+00:00,031311100322,0.39,28.6,31.8,0,32611,WV03,-118.524417498388,34.33041459587552,-118.46582592268778,34.377889286060174,https://maxar-opendata.s3.amazonaws.com/events/WildFires-LosAngeles-Jan-2025/ard/11/031311100322/2025-01-09/10400100A20D9300-visual.tif,https://maxar-opendata.s3.amazonaws.com/events/WildFires-LosAngeles-Jan-2025/ard/11/031311100322/2025-01-09/10400100A20D9300-ms.tif,https://maxar-opendata.s3.amazonaws.com/events/WildFires-LosAngeles-Jan-2025/ard/11/031311100322/2025-01-09/10400100A20D9300-pan.tif,2025-01-09,post
https://maxar-opendata.s3.amazonaws.com/events/WildFires-LosAngeles-Jan-2025/ard/11/031311100322/2025-01-13/103001010B9A1B00.json,103001010B9A1B00,2025-01-13 19:06:53+00:00,031311100322,0.77,39.6,33.0,0,32611,WV02,-118.524417498388,34.33041459587552,-118.4895679549652,34.377889286060174,https://maxar-opendata.s3.amazonaws.com/events/WildFires-LosAngeles-Jan-2025/ard/11/031311100322/2025-01-13/103001010B9A1B00-visual.tif,https://maxar-opendata.s3.amazonaws.com/events/WildFires-LosAngeles-Jan-2025/ard/11/031311100322/2025-01-13/103001010B9A1B00-ms.tif,https://maxar-opendata.s3.amazonaws.com/events/WildFires-LosAngeles-Jan-2025/ard/11/031311100322/2025-01-13/103001010B9A1B00-pan.tif,2025-01-13,post
https://maxar-opendata.s3.amazonaws.com/events/WildFires-LosAngeles-Jan-2025/ard/11/031311100322/2025-01-14/10400100A0BAD600.json,10400100A0BAD600,2025-01-14 18:37:32+00:00,031311100322,0.33,16.9,31.1,0,32611,WV03,-118.524417498388,34.33041459587552,-118.46582592268778,34.377889286060174,https://maxar-opendata.s3.amazonaws.com/events/WildFires-LosAngeles-Jan-2025/ard/11/031311100322/2025-01-14/10400100A0BAD600-visual.tif,https://maxar-opendata.s3.amazonaws.com/events/WildFires-LosAngeles-Jan-2025/ard/11/031311100322/2025-01-14/10400100A0BAD600-ms.tif,https://maxar-opendata.s3.amazonaws.com/events/WildFires-LosAngeles-Jan-2025/ard/11/031311100322/2025-01-14/10400100A0BAD600-pan.tif,2025-01-14,post
https://maxar-opendata.s3.amazonaws.com/events/WildFires-LosAngeles-Jan-2025/ard/11/031311100322/2025-01-14/10400100A1AFE700.json,10400100A1AFE700,2025-01-14 18:37:53+00:00,031311100322,0.37,26.2,31.1,0,32611,WV03,-118.524417498388,34.33041459587552,-118.46673354757436,34.377889286060174,https://maxar-opendata.s3.amazonaws.com/events/WildFires-LosAngeles-Jan-2025/ard/11/031311100322/2025-01-14/10400100A1AFE700-visual.tif,https://maxar-opendata.s3.amazonaws.com/events/WildFires-LosAngeles-Jan-2025/ard/11/031311100322/2025-01-14/10400100A1AFE700-ms.tif,https://maxar-opendata.s3.amazonaws.com/events/WildFires-LosAngeles-Jan-2025/ard/11/031311100322/2025-01-14/10400100A1AFE700-pan.tif,2025-01-14,post
https://maxar-opendata.s3.amazonaws.com/events/WildFires-LosAngeles-Jan-2025/ard/11/031311100322/2025-01-15/10400100A14A8300.json,10400100A14A8300,2025-01-15 18:53:01+00:00,031311100322,0.38,26.8,32.4,0,32611,WV03,-118.524417498388,34.33041459587552,-118.46582592268778,34.377889286060174,https://maxar-opendata.s3.amazonaws.com/events/WildFires-LosAngeles-Jan-2025/ard/11/031311100322/2025-01-15/10400100A14A8300-visual.tif,https://maxar-opendata.s3.amazonaws.com/events/WildFires-LosAngeles-Jan-2025/ard/11/031311100322/2025-01-15/10400100A14A8300-ms.tif,https://maxar-opendata.s3.amazonaws.com/events/WildFires-LosAngeles-Jan-2025/ard/11/031311100322/2025-01-15/10400100A14A8300-pan.tif,2025-01-15,post
https://maxar-opendata.s3.amazonaws.com/events/WildFires-LosAngeles-Jan-2025/ard/11/031311100322/2025-01-16/103001010C12B000.json,103001010C12B000,2025-01-16 18:57:59+00:00,031311100322,0.61,29.7,32.9,0,32611,WV02,-118.524417498388,34.33041459587552,-118.46582592268778,34.377889286060174,https://maxar-opendata.s3.amazonaws.com/events/WildFires-LosAngeles-Jan-2025/ard/11/031311100322/2025-01-16/103001010C12B000-visual.tif,https://maxar-opendata.s3.amazonaws.com/events/WildFires-LosAngeles-Jan-2025/ard/11/031311100322/2025-01-16/103001010C12B000-ms.tif,https://maxar-opendata.s3.amazonaws.com/events/WildFires-LosAngeles-Jan-2025/ard/11/031311100322/2025-01-16/103001010C12B000-pan.tif,2025-01-16,post
https://maxar-opendata.s3.amazonaws.com/events/WildFires-LosAngeles-Jan-2025/ard/11/031311100322/2025-01-19/103001010C955800.json,103001010C955800,2025-01-19 18:49:26+00:00,031311100322,0.55,24.1,32.8,0,32611,WV02,-118.50885566104657,34.330601356614864,-118.46582592268778,34.377262101328,https://maxar-opendata.s3.amazonaws.com/events/WildFires-LosAngeles-Jan-2025/ard/11/031311100322/2025-01-19/103001010C955800-visual.tif,https://maxar-opendata.s3.amazonaws.com/events/WildFires-LosAngeles-Jan-2025/ard/11/031311100322/2025-01-19/103001010C955800-ms.tif,https://maxar-opendata.s3.amazonaws.com/events/WildFires-LosAngeles-Jan-2025/ard/11/031311100322/2025-01-19/103001010C955800-pan.tif,2025-01-19,post
https://maxar-opendata.s3.amazonaws.com/events/WildFires-LosAngeles-Jan-2025/ard/11/031311100322/2025-01-20/10400100A2561F00.json,10400100A2561F00,2025-01-20 18:32:22+00:00,031311100322,0.39,28.8,31.6,0,32611,WV03,-118.524417498388,34.33041459587552,-118.46582592268778,34.377889286060174,https://maxar-opendata.s3.amazonaws.com/events/WildFires-LosAngeles-Jan-2025/ard/11/031311100322/2025-01-20/10400100A2561F00-visual.tif,https://maxar-opendata.s3.amazonaws.com/events/WildFires-LosAngeles-Jan-2025/ard/11/031311100322/2025-01-20/10400100A2561F00-ms.tif,https://maxar-opendata.s3.amazonaws.com/events/WildFires-LosAngeles-Jan-2025/ard/11/031311100322/2025-01-20/10400100A2561F00-pan.tif,2025-01-20,post
https://maxar-opendata.s3.amazonaws.com/events/WildFires-LosAngeles-Jan-2025/ard/11/031311100323/2025-01-09/10400100A20D9300.json,10400100A20D9300,2025-01-09 18:56:49+00:00,031311100323,0.39,29.0,31.8,0,32611,WV03,-118.47000087890198,34.3310786903271,-118.41148797221166,34.37569614702593,https://maxar-opendata.s3.amazonaws.com/events/WildFires-LosAngeles-Jan-2025/ard/11/031311100323/2025-01-09/10400100A20D9300-visual.tif,https://maxar-opendata.s3.amazonaws.com/events/WildFires-LosAngeles-Jan-2025/ard/11/031311100323/2025-01-09/10400100A20D9300-ms.tif,https://maxar-opendata.s3.amazonaws.com/events/WildFires-LosAngeles-Jan-2025/ard/11/031311100323/2025-01-09/10400100A20D9300-pan.tif,2025-01-09,post
https://maxar-opendata.s3.amazonaws.com/events/WildFires-LosAngeles-Jan-2025/ard/11/031311100323/2025-01-14/10400100A0BAD600.json,10400100A0BAD600,2025-01-14 18:37:32+00:00,031311100323,0.33,16.7,31.1,0,32611,WV03,-118.47000087890198,34.3310786903271,-118.41148797221166,34.37569614702593,https://maxar-opendata.s3.amazonaws.com/events/WildFires-LosAngeles-Jan-2025/ard/11/031311100323/2025-01-14/10400100A0BAD600-visual.tif,https://maxar-opendata.s3.amazonaws.com/events/WildFires-LosAngeles-Jan-2025/ard/11/031311100323/2025-01-14/10400100A0BAD600-ms.tif,https://maxar-opendata.s3.amazonaws.com/events/WildFires-LosAngeles-Jan-2025/ard/11/031311100323/2025-01-14/10400100A0BAD600-pan.tif,2025-01-14,post
https://maxar-opendata.s3.amazonaws.com/events/WildFires-LosAngeles-Jan-2025/ard/11/031311100323/2025-01-15/10400100A14A8300.json,10400100A14A8300,2025-01-15 18:53:00+00:00,031311100323,0.38,27.1,32.4,0,32611,WV03,-118.47000087890198,34.3310786903271,-118.41148797221166,34.37569614702593,https://maxar-opendata.s3.amazonaws.com/events/WildFires-LosAngeles-Jan-2025/ard/11/031311100323/2025-01-15/10400100A14A8300-visual.tif,https://maxar-opendata.s3.amazonaws.com/events/WildFires-LosAngeles-Jan-2025/ard/11/031311100323/2025-01-15/10400100A14A8300-ms.tif,https://maxar-opendata.s3.amazonaws.com/events/WildFires-LosAngeles-Jan-2025/ard/11/031311100323/2025-01-15/10400100A14A8300-pan.tif,2025-01-15,post
https://maxar-opendata.s3.amazonaws.com/events/WildFires-LosAngeles-Jan-2025/ard/11/031311100323/2025-01-16/103001010C12B000.json,103001010C12B000,2025-01-16 18:57:59+00:00,031311100323,0.61,30.0,32.9,0,32611,WV02,-118.47000087890198,34.3310786903271,-118.41148797221166,34.37569614702593,https://maxar-opendata.s3.amazonaws.com/events/WildFires-LosAngeles-Jan-2025/ard/11/031311100323/2025-01-16/103001010C12B000-visual.tif,https://maxar-opendata.s3.amazonaws.com/events/WildFires-LosAngeles-Jan-2025/ard/11/031311100323/2025-01-16/103001010C12B000-ms.tif,https://maxar-opendata.s3.amazonaws.com/events/WildFires-LosAngeles-Jan-2025/ard/11/031311100323/2025-01-16/103001010C12B000-pan.tif,2025-01-16,post
https://maxar-opendata.s3.amazonaws.com/events/WildFires-LosAngeles-Jan-2025/ard/11/031311100323/2025-01-19/103001010C955800.json,103001010C955800,2025-01-19 18:49:26+00:00,031311100323,0.55,24.3,32.8,0,32611,WV02,-118.47000087890198,34.3310786903271,-118.41148797221166,34.37569614702593,https://maxar-opendata.s3.amazonaws.com/events/WildFires-LosAngeles-Jan-2025/ard/11/031311100323/2025-01-19/103001010C955800-visual.tif,https://maxar-opendata.s3.amazonaws.com/events/WildFires-LosAngeles-Jan-2025/ard/11/031311100323/2025-01-19/103001010C955800-ms.tif,https://maxar-opendata.s3.amazonaws.com/events/WildFires-LosAngeles-Jan-2025/ard/11/031311100323/2025-01-19/103001010C955800-pan.tif,2025-01-19,post
https://maxar-opendata.s3.amazonaws.com/events/WildFires-LosAngeles-Jan-2025/ard/11/031311100323/2025-01-20/10400100A2561F00.json,10400100A2561F00,2025-01-20 18:32:23+00:00,031311100323,0.39,28.5,31.6,0,32611,WV03,-118.47000087890198,34.3310786903271,-118.41148797221166,34.37569614702593,https://maxar-opendata.s3.amazonaws.com/events/WildFires-LosAngeles-Jan-2025/ard/11/031311100323/2025-01-20/10400100A2561F00-visual.tif,https://maxar-opendata.s3.amazonaws.com/events/WildFires-LosAngeles-Jan-2025/ard/11/031311100323/2025-01-20/10400100A2561F00-ms.tif,https://maxar-opendata.s3.amazonaws.com/events/WildFires-LosAngeles-Jan-2025/ard/11/031311100323/2025-01-20/10400100A2561F00-pan.tif,2025-01-20,post
https://maxar-opendata.s3.amazonaws.com/events/WildFires-LosAngeles-Jan-2025/ard/11/031311100332/2024-12-21/10400100A0BD9A00.json,10400100A0BD9A00,2024-12-21 18:52:32+00:00,031311100332,0.38,27.5,30.7,0,32611,WV03,-118.41558660688955,34.33171868589153,-118.40165821,34.37350310260131,https://maxar-opendata.s3.amazonaws.com/events/WildFires-LosAngeles-Jan-2025/ard/11/031311100332/2024-12-21/10400100A0BD9A00-visual.tif,https://maxar-opendata.s3.amazonaws.com/events/WildFires-LosAngeles-Jan-2025/ard/11/031311100332/2024-12-21/10400100A0BD9A00-ms.tif,https://maxar-opendata.s3.amazonaws.com/events/WildFires-LosAngeles-Jan-2025/ard/11/031311100332/2024-12-21/10400100A0BD9A00-pan.tif,2024-12-21,pre
https://maxar-opendata.s3.amazonaws.com/events/WildFires-LosAngeles-Jan-2025/ard/11/031311100332/2025-01-14/10400100A0BAD600.json,10400100A0BAD600,2025-01-14 18:37:32+00:00,031311100332,0.33,16.5,31.1,0,32611,WV03,-118.41558660688955,34.33171868589153,-118.40165821,34.37350310260131,https://maxar-opendata.s3.amazonaws.com/events/WildFires-LosAngeles-Jan-2025/ard/11/031311100332/2025-01-14/10400100A0BAD600-visual.tif,https://maxar-opendata.s3.amazonaws.com/events/WildFires-LosAngeles-Jan-2025/ard/11/031311100332/2025-01-14/10400100A0BAD600-ms.tif,https://maxar-opendata.s3.amazonaws.com/events/WildFires-LosAngeles-Jan-2025/ard/11/031311100332/2025-01-14/10400100A0BAD600-pan.tif,2025-01-14,post
https://maxar-opendata.s3.amazonaws.com/events/WildFires-LosAngeles-Jan-2025/ard/11/031311100332/2025-01-15/10400100A14A8300.json,10400100A14A8300,2025-01-15 18:53:00+00:00,031311100332,0.38,27.4,32.4,0,32611,WV03,-118.41558660688955,34.33171868589153,-118.40165821,34.37350310260131,https://maxar-opendata.s3.amazonaws.com/events/WildFires-LosAngeles-Jan-2025/ard/11/031311100332/2025-01-15/10400100A14A8300-visual.tif,https://maxar-opendata.s3.amazonaws.com/events/WildFires-LosAngeles-Jan-2025/ard/11/031311100332/2025-01-15/10400100A14A8300-ms.tif,https://maxar-opendata.s3.amazonaws.com/events/WildFires-LosAngeles-Jan-2025/ard/11/031311100332/2025-01-15/10400100A14A8300-pan.tif,2025-01-15,post
https://maxar-opendata.s3.amazonaws.com/events/WildFires-LosAngeles-Jan-2025/ard/11/031311100332/2025-01-16/103001010C12B000.json,103001010C12B000,2025-01-16 18:57:59+00:00,031311100332,0.61,30.1,32.9,0,32611,WV02,-118.41558660688955,34.33171868589153,-118.40165821,34.37350310260131,https://maxar-opendata.s3.amazonaws.com/events/WildFires-LosAngeles-Jan-2025/ard/11/031311100332/2025-01-16/103001010C12B000-visual.tif,https://maxar-opendata.s3.amazonaws.com/events/WildFires-LosAngeles-Jan-2025/ard/11/031311100332/2025-01-16/103001010C12B000-ms.tif,https://maxar-opendata.s3.amazonaws.com/events/WildFires-LosAngeles-Jan-2025/ard/11/031311100332/2025-01-16/103001010C12B000-pan.tif,2025-01-16,post
https://maxar-opendata.s3.amazonaws.com/events/WildFires-LosAngeles-Jan-2025/ard/11/031311100332/2025-01-19/103001010C955800.json,103001010C955800,2025-01-19 18:49:26+00:00,031311100332,0.55,24.5,32.8,0,32611,WV02,-118.41558660688955,34.33171868589153,-118.40165821,34.37350310260131,https://maxar-opendata.s3.amazonaws.com/events/WildFires-LosAngeles-Jan-2025/ard/11/031311100332/2025-01-19/103001010C955800-visual.tif,https://maxar-opendata.s3.amazonaws.com/events/WildFires-LosAngeles-Jan-2025/ard/11/031311100332/2025-01-19/103001010C955800-ms.tif,https://maxar-opendata.s3.amazonaws.com/events/WildFires-LosAngeles-Jan-2025/ard/11/031311100332/2025-01-19/103001010C955800-pan.tif,2025-01-19,post
https://maxar-opendata.s3.amazonaws.com/events/WildFires-LosAngeles-Jan-2025/ard/11/031311102001/2024-12-14/10400100A0AEFE00.json,10400100A0AEFE00,2024-12-14 18:39:31+00:00,031311102001,0.32,9.9,30.2,0,32611,WV03,-118.65055789215117,34.283693461083104,-118.62795874567954,34.33187646261893,https://maxar-opendata.s3.amazonaws.com/events/WildFires-LosAngeles-Jan-2025/ard/11/031311102001/2024-12-14/10400100A0AEFE00-visual.tif,https://maxar-opendata.s3.amazonaws.com/events/WildFires-LosAngeles-Jan-2025/ard/11/031311102001/2024-12-14/10400100A0AEFE00-ms.tif,https://maxar-opendata.s3.amazonaws.com/events/WildFires-LosAngeles-Jan-2025/ard/11/031311102001/2024-12-14/10400100A0AEFE00-pan.tif,2024-12-14,pre
https://maxar-opendata.s3.amazonaws.com/events/WildFires-LosAngeles-Jan-2025/ard/11/031311102001/2024-12-14/103001010A705C00.json,103001010A705C00,2024-12-14 18:53:50+00:00,031311102001,0.58,27.5,31.1,0,32611,WV02,-118.65050916791418,34.283693461083104,-118.62795874567954,34.331686504946305,https://maxar-opendata.s3.amazonaws.com/events/WildFires-LosAngeles-Jan-2025/ard/11/031311102001/2024-12-14/103001010A705C00-visual.tif,https://maxar-opendata.s3.amazonaws.com/events/WildFires-LosAngeles-Jan-2025/ard/11/031311102001/2024-12-14/103001010A705C00-ms.tif,https://maxar-opendata.s3.amazonaws.com/events/WildFires-LosAngeles-Jan-2025/ard/11/031311102001/2024-12-14/103001010A705C00-pan.tif,2024-12-14,pre
https://maxar-opendata.s3.amazonaws.com/events/WildFires-LosAngeles-Jan-2025/ard/11/031311102001/2024-12-21/10400100A17B5900.json,10400100A17B5900,2024-12-21 18:51:48+00:00,031311102001,0.34,19.3,30.7,0,32611,WV03,-118.65039980437182,34.283693461083104,-118.62795874567954,34.32418051101725,https://maxar-opendata.s3.amazonaws.com/events/WildFires-LosAngeles-Jan-2025/ard/11/031311102001/2024-12-21/10400100A17B5900-visual.tif,https://maxar-opendata.s3.amazonaws.com/events/WildFires-LosAngeles-Jan-2025/ard/11/031311102001/2024-12-21/10400100A17B5900-ms.tif,https://maxar-opendata.s3.amazonaws.com/events/WildFires-LosAngeles-Jan-2025/ard/11/031311102001/2024-12-21/10400100A17B5900-pan.tif,2024-12-21,pre
https://maxar-opendata.s3.amazonaws.com/events/WildFires-LosAngeles-Jan-2025/ard/11/031311102001/2025-01-09/10400100A069A700.json,10400100A069A700,2025-01-09 18:56:27+00:00,031311102001,0.38,26.2,31.8,0,32611,WV03,-118.6505579014164,34.28369390761781,-118.62795874567954,34.33187646261893,https://maxar-opendata.s3.amazonaws.com/events/WildFires-LosAngeles-Jan-2025/ard/11/031311102001/2025-01-09/10400100A069A700-visual.tif,https://maxar-opendata.s3.amazonaws.com/events/WildFires-LosAngeles-Jan-2025/ard/11/031311102001/2025-01-09/10400100A069A700-ms.tif,https://maxar-opendata.s3.amazonaws.com/events/WildFires-LosAngeles-Jan-2025/ard/11/031311102001/2025-01-09/10400100A069A700-pan.tif,2025-01-09,post
https://maxar-opendata.s3.amazonaws.com/events/WildFires-LosAngeles-Jan-2025/ard/11/031311102001/2025-01-10/1050010040277400.json,1050010040277400,2025-01-10 18:35:39+00:00,031311102001,0.44,15.8,30.4,0,32611,GE01,-118.65055791946186,34.283694929738594,-118.63756874783739,34.33176059839292,https://maxar-opendata.s3.amazonaws.com/events/WildFires-LosAngeles-Jan-2025/ard/11/031311102001/2025-01-10/1050010040277400-visual.tif,https://maxar-opendata.s3.amazonaws.com/events/WildFires-LosAngeles-Jan-2025/ard/11/031311102001/2025-01-10/1050010040277400-ms.tif,https://maxar-opendata.s3.amazonaws.com/events/WildFires-LosAngeles-Jan-2025/ard/11/031311102001/2025-01-10/1050010040277400-pan.tif,2025-01-10,post
https://maxar-opendata.s3.amazonaws.com/events/WildFires-LosAngeles-Jan-2025/ard/11/031311102001/2025-01-13/103001010B9A1B00.json,103001010B9A1B00,2025-01-13 19:06:53+00:00,031311102001,0.76,39.1,33.0,0,32611,WV02,-118.65055789215117,34.283693461083104,-118.62795874567954,34.33187646261893,https://maxar-opendata.s3.amazonaws.com/events/WildFires-LosAngeles-Jan-2025/ard/11/031311102001/2025-01-13/103001010B9A1B00-visual.tif,https://maxar-opendata.s3.amazonaws.com/events/WildFires-LosAngeles-Jan-2025/ard/11/031311102001/2025-01-13/103001010B9A1B00-ms.tif,https://maxar-opendata.s3.amazonaws.com/events/WildFires-LosAngeles-Jan-2025/ard/11/031311102001/2025-01-13/103001010B9A1B00-pan.tif,2025-01-13,post
https://maxar-opendata.s3.amazonaws.com/events/WildFires-LosAngeles-Jan-2025/ard/11/031311102001/2025-01-16/103001010C12B000.json,103001010C12B000,2025-01-16 18:57:59+00:00,031311102001,0.6,29.1,33.0,0,32611,WV02,-118.64782793550714,34.28374198243889,-118.62795874567954,34.33187646261893,https://maxar-opendata.s3.amazonaws.com/events/WildFires-LosAngeles-Jan-2025/ard/11/031311102001/2025-01-16/103001010C12B000-visual.tif,https://maxar-opendata.s3.amazonaws.com/events/WildFires-LosAngeles-Jan-2025/ard/11/031311102001/2025-01-16/103001010C12B000-ms.tif,https://maxar-opendata.s3.amazonaws.com/events/WildFires-LosAngeles-Jan-2025/ard/11/031311102001/2025-01-16/103001010C12B000-pan.tif,2025-01-16,post
https://maxar-opendata.s3.amazonaws.com/events/WildFires-LosAngeles-Jan-2025/ard/11/031311102003/2024-12-14/10400100A0AEFE00.json,10400100A0AEFE00,2024-12-14 18:39:32+00:00,031311102003,0.32,9.8,30.2,0,32611,WV03,-118.64959531988558,34.251221527630456,-118.62733127267094,34.286802406113736,https://maxar-opendata.s3.amazonaws.com/events/WildFires-LosAngeles-Jan-2025/ard/11/031311102003/2024-12-14/10400100A0AEFE00-visual.tif,https://maxar-opendata.s3.amazonaws.com/events/WildFires-LosAngeles-Jan-2025/ard/11/031311102003/2024-12-14/10400100A0AEFE00-ms.tif,https://maxar-opendata.s3.amazonaws.com/events/WildFires-LosAngeles-Jan-2025/ard/11/031311102003/2024-12-14/10400100A0AEFE00-pan.tif,2024-12-14,pre
https://maxar-opendata.s3.amazonaws.com/events/WildFires-LosAngeles-Jan-2025/ard/11/031311102003/2024-12-14/103001010A705C00.json,103001010A705C00,2024-12-14 18:53:50+00:00,031311102003,0.58,27.4,31.1,11,32611,WV02,-118.64959531988558,34.23862063830646,-118.62709035967282,34.286802406113736,https://maxar-opendata.s3.amazonaws.com/events/WildFires-LosAngeles-Jan-2025/ard/11/031311102003/2024-12-14/103001010A705C00-visual.tif,https://maxar-opendata.s3.amazonaws.com/events/WildFires-LosAngeles-Jan-2025/ard/11/031311102003/2024-12-14/103001010A705C00-ms.tif,https://maxar-opendata.s3.amazonaws.com/events/WildFires-LosAngeles-Jan-2025/ard/11/031311102003/2024-12-14/103001010A705C00-pan.tif,2024-12-14,pre
https://maxar-opendata.s3.amazonaws.com/events/WildFires-LosAngeles-Jan-2025/ard/11/031311102003/2024-12-21/10400100A17B5900.json,10400100A17B5900,2024-12-21 18:51:48+00:00,031311102003,0.34,19.4,30.7,0,32611,WV03,-118.64959531988558,34.23862063830646,-118.62709035967282,34.286802406113736,https://maxar-opendata.s3.amazonaws.com/events/WildFires-LosAngeles-Jan-2025/ard/11/031311102003/2024-12-21/10400100A17B5900-visual.tif,https://maxar-opendata.s3.amazonaws.com/events/WildFires-LosAngeles-Jan-2025/ard/11/031311102003/2024-12-21/10400100A17B5900-ms.tif,https://maxar-opendata.s3.amazonaws.com/events/WildFires-LosAngeles-Jan-2025/ard/11/031311102003/2024-12-21/10400100A17B5900-pan.tif,2024-12-21,pre
https://maxar-opendata.s3.amazonaws.com/events/WildFires-LosAngeles-Jan-2025/ard/11/031311102003/2025-01-09/10400100A069A700.json,10400100A069A700,2025-01-09 18:56:27+00:00,031311102003,0.38,26.3,31.9,0,32611,WV03,-118.64959532939389,34.23862088182193,-118.62709035967282,34.286802406113736,https://maxar-opendata.s3.amazonaws.com/events/WildFires-LosAngeles-Jan-2025/ard/11/031311102003/2025-01-09/10400100A069A700-visual.tif,https://maxar-opendata.s3.amazonaws.com/events/WildFires-LosAngeles-Jan-2025/ard/11/031311102003/2025-01-09/10400100A069A700-ms.tif,https://maxar-opendata.s3.amazonaws.com/events/WildFires-LosAngeles-Jan-2025/ard/11/031311102003/2025-01-09/10400100A069A700-pan.tif,2025-01-09,post
https://maxar-opendata.s3.amazonaws.com/events/WildFires-LosAngeles-Jan-2025/ard/11/031311102003/2025-01-13/103001010B9A1B00.json,103001010B9A1B00,2025-01-13 19:06:53+00:00,031311102003,0.76,39.1,33.0,0,32611,WV02,-118.64959531988558,34.23862063830646,-118.62709035967282,34.286802406113736,https://maxar-opendata.s3.amazonaws.com/events/WildFires-LosAngeles-Jan-2025/ard/11/031311102003/2025-01-13/103001010B9A1B00-visual.tif,https://maxar-opendata.s3.amazonaws.com/events/WildFires-LosAngeles-Jan-2025/ard/11/031311102003/2025-01-13/103001010B9A1B00-ms.tif,https://maxar-opendata.s3.amazonaws.com/events/WildFires-LosAngeles-Jan-2025/ard/11/031311102003/2025-01-13/103001010B9A1B00-pan.tif,2025-01-13,post
https://maxar-opendata.s3.amazonaws.com/events/WildFires-LosAngeles-Jan-2025/ard/11/031311102003/2025-01-16/103001010C12B000.json,103001010C12B000,2025-01-16 18:58:00+00:00,031311102003,0.6,29.1,33.0,0,32611,WV02,-118.64665624973584,34.23867911792492,-118.62709035967282,34.286802406113736,https://maxar-opendata.s3.amazonaws.com/events/WildFires-LosAngeles-Jan-2025/ard/11/031311102003/2025-01-16/103001010C12B000-visual.tif,https://maxar-opendata.s3.amazonaws.com/events/WildFires-LosAngeles-Jan-2025/ard/11/031311102003/2025-01-16/103001010C12B000-ms.tif,https://maxar-opendata.s3.amazonaws.com/events/WildFires-LosAngeles-Jan-2025/ard/11/031311102003/2025-01-16/103001010C12B000-pan.tif,2025-01-16,post
https://maxar-opendata.s3.amazonaws.com/events/WildFires-LosAngeles-Jan-2025/ard/11/031311102010/2024-12-14/10400100A1989500.json,10400100A1989500,2024-12-14 18:39:15+00:00,031311102010,0.34,18.3,30.2,0,32611,WV03,-118.63227935513855,34.2839401182295,-118.57365521646925,34.33258731578847,https://maxar-opendata.s3.amazonaws.com/events/WildFires-LosAngeles-Jan-2025/ard/11/031311102010/2024-12-14/10400100A1989500-visual.tif,https://maxar-opendata.s3.amazonaws.com/events/WildFires-LosAngeles-Jan-2025/ard/11/031311102010/2024-12-14/10400100A1989500-ms.tif,https://maxar-opendata.s3.amazonaws.com/events/WildFires-LosAngeles-Jan-2025/ard/11/031311102010/2024-12-14/10400100A1989500-pan.tif,2024-12-14,pre
https://maxar-opendata.s3.amazonaws.com/events/WildFires-LosAngeles-Jan-2025/ard/11/031311102010/2024-12-14/103001010A705C00.json,103001010A705C00,2024-12-14 18:53:50+00:00,031311102010,0.58,27.7,31.1,0,32611,WV02,-118.63227210679543,34.2839401182295,-118.57365521646925,34.33258731578847,https://maxar-opendata.s3.amazonaws.com/events/WildFires-LosAngeles-Jan-2025/ard/11/031311102010/2024-12-14/103001010A705C00-visual.tif,https://maxar-opendata.s3.amazonaws.com/events/WildFires-LosAngeles-Jan-2025/ard/11/031311102010/2024-12-14/103001010A705C00-ms.tif,https://maxar-opendata.s3.amazonaws.com/events/WildFires-LosAngeles-Jan-2025/ard/11/031311102010/2024-12-14/103001010A705C00-pan.tif,2024-12-14,pre
https://maxar-opendata.s3.amazonaws.com/events/WildFires-LosAngeles-Jan-2025/ard/11/031311102010/2024-12-21/10400100A17B5900.json,10400100A17B5900,2024-12-21 18:51:48+00:00,031311102010,0.35,19.7,30.7,0,32611,WV03,-118.63211363600102,34.2839401182295,-118.57365521646925,34.3232753482723,https://maxar-opendata.s3.amazonaws.com/events/WildFires-LosAngeles-Jan-2025/ard/11/031311102010/2024-12-21/10400100A17B5900-visual.tif,https://maxar-opendata.s3.amazonaws.com/events/WildFires-LosAngeles-Jan-2025/ard/11/031311102010/2024-12-21/10400100A17B5900-ms.tif,https://maxar-opendata.s3.amazonaws.com/events/WildFires-LosAngeles-Jan-2025/ard/11/031311102010/2024-12-21/10400100A17B5900-pan.tif,2024-12-21,pre
https://maxar-opendata.s3.amazonaws.com/events/WildFires-LosAngeles-Jan-2025/ard/11/031311102010/2025-01-09/10400100A069A700.json,10400100A069A700,2025-01-09 18:56:27+00:00,031311102010,0.38,26.5,31.8,0,32611,WV03,-118.63227935513855,34.2839401182295,-118.57365521646925,34.33258731578847,https://maxar-opendata.s3.amazonaws.com/events/WildFires-LosAngeles-Jan-2025/ard/11/031311102010/2025-01-09/10400100A069A700-visual.tif,https://maxar-opendata.s3.amazonaws.com/events/WildFires-LosAngeles-Jan-2025/ard/11/031311102010/2025-01-09/10400100A069A700-ms.tif,https://maxar-opendata.s3.amazonaws.com/events/WildFires-LosAngeles-Jan-2025/ard/11/031311102010/2025-01-09/10400100A069A700-pan.tif,2025-01-09,post
https://maxar-opendata.s3.amazonaws.com/events/WildFires-LosAngeles-Jan-2025/ard/11/031311102010/2025-01-13/103001010B9A1B00.json,103001010B9A1B00,2025-01-13 19:06:53+00:00,031311102010,0.76,39.3,33.0,0,32611,WV02,-118.63227935513855,34.2839401182295,-118.57365521646925,34.33258731578847,https://maxar-opendata.s3.amazonaws.com/events/WildFires-LosAngeles-Jan-2025/ard/11/031311102010/2025-01-13/103001010B9A1B00-visual.tif,https://maxar-opendata.s3.amazonaws.com/events/WildFires-LosAngeles-Jan-2025/ard/11/031311102010/2025-01-13/103001010B9A1B00-ms.tif,https://maxar-opendata.s3.amazonaws.com/events/WildFires-LosAngeles-Jan-2025/ard/11/031311102010/2025-01-13/103001010B9A1B00-pan.tif,2025-01-13,post
https://maxar-opendata.s3.amazonaws.com/events/WildFires-LosAngeles-Jan-2025/ard/11/031311102010/2025-01-14/10400100A1AFE700.json,10400100A1AFE700,2025-01-14 18:37:52+00:00,031311102010,0.37,25.7,31.1,0,32611,WV03,-118.6285334994782,34.28398447310675,-118.57365521646925,34.33258731578847,https://maxar-opendata.s3.amazonaws.com/events/WildFires-LosAngeles-Jan-2025/ard/11/031311102010/2025-01-14/10400100A1AFE700-visual.tif,https://maxar-opendata.s3.amazonaws.com/events/WildFires-LosAngeles-Jan-2025/ard/11/031311102010/2025-01-14/10400100A1AFE700-ms.tif,https://maxar-opendata.s3.amazonaws.com/events/WildFires-LosAngeles-Jan-2025/ard/11/031311102010/2025-01-14/10400100A1AFE700-pan.tif,2025-01-14,post
https://maxar-opendata.s3.amazonaws.com/events/WildFires-LosAngeles-Jan-2025/ard/11/031311102010/2025-01-16/103001010C12B000.json,103001010C12B000,2025-01-16 18:57:59+00:00,031311102010,0.6,29.2,33.0,0,32611,WV02,-118.63227935513855,34.2839401182295,-118.57365521646925,34.33258731578847,https://maxar-opendata.s3.amazonaws.com/events/WildFires-LosAngeles-Jan-2025/ard/11/031311102010/2025-01-16/103001010C12B000-visual.tif,https://maxar-opendata.s3.amazonaws.com/events/WildFires-LosAngeles-Jan-2025/ard/11/031311102010/2025-01-16/103001010C12B000-ms.tif,https://maxar-opendata.s3.amazonaws.com/events/WildFires-LosAngeles-Jan-2025/ard/11/031311102010/2025-01-16/103001010C12B000-pan.tif,2025-01-16,post
https://maxar-opendata.s3.amazonaws.com/events/WildFires-LosAngeles-Jan-2025/ard/11/031311102011/2024-12-14/104001009F982A00.json,104001009F982A00,2024-12-14 18:39:05+00:00,031311102011,0.36,22.9,30.3,0,32611,WV03,-118.55174633904345,34.284974318840064,-118.51934982015379,34.33327407266651,https://maxar-opendata.s3.amazonaws.com/events/WildFires-LosAngeles-Jan-2025/ard/11/031311102011/2024-12-14/104001009F982A00-visual.tif,https://maxar-opendata.s3.amazonaws.com/events/WildFires-LosAngeles-Jan-2025/ard/11/031311102011/2024-12-14/104001009F982A00-ms.tif,https://maxar-opendata.s3.amazonaws.com/events/WildFires-LosAngeles-Jan-2025/ard/11/031311102011/2024-12-14/104001009F982A00-pan.tif,2024-12-14,pre
https://maxar-opendata.s3.amazonaws.com/events/WildFires-LosAngeles-Jan-2025/ard/11/031311102011/2024-12-14/10400100A1989500.json,10400100A1989500,2024-12-14 18:39:15+00:00,031311102011,0.34,18.1,30.2,0,32611,WV03,-118.57794512902113,34.284651206981806,-118.51934982015379,34.33327407266651,https://maxar-opendata.s3.amazonaws.com/events/WildFires-LosAngeles-Jan-2025/ard/11/031311102011/2024-12-14/10400100A1989500-visual.tif,https://maxar-opendata.s3.amazonaws.com/events/WildFires-LosAngeles-Jan-2025/ard/11/031311102011/2024-12-14/10400100A1989500-ms.tif,https://maxar-opendata.s3.amazonaws.com/events/WildFires-LosAngeles-Jan-2025/ard/11/031311102011/2024-12-14/10400100A1989500-pan.tif,2024-12-14,pre
https://maxar-opendata.s3.amazonaws.com/events/WildFires-LosAngeles-Jan-2025/ard/11/031311102011/2024-12-14/103001010A705C00.json,103001010A705C00,2024-12-14 18:53:50+00:00,031311102011,0.58,27.9,31.1,6,32611,WV02,-118.57794512902113,34.284651206981806,-118.51934982015379,34.33327407266651,https://maxar-opendata.s3.amazonaws.com/events/WildFires-LosAngeles-Jan-2025/ard/11/031311102011/2024-12-14/103001010A705C00-visual.tif,https://maxar-opendata.s3.amazonaws.com/events/WildFires-LosAngeles-Jan-2025/ard/11/031311102011/2024-12-14/103001010A705C00-ms.tif,https://maxar-opendata.s3.amazonaws.com/events/WildFires-LosAngeles-Jan-2025/ard/11/031311102011/2024-12-14/103001010A705C00-pan.tif,2024-12-14,pre
https://maxar-opendata.s3.amazonaws.com/events/WildFires-LosAngeles-Jan-2025/ard/11/031311102011/2025-01-09/10400100A069A700.json,10400100A069A700,2025-01-09 18:56:27+00:00,031311102011,0.38,26.8,31.8,0,32611,WV03,-118.57794512902113,34.284651206981806,-118.51934982015379,34.33327407266651,https://maxar-opendata.s3.amazonaws.com/events/WildFires-LosAngeles-Jan-2025/ard/11/031311102011/2025-01-09/10400100A069A700-visual.tif,https://maxar-opendata.s3.amazonaws.com/events/WildFires-LosAngeles-Jan-2025/ard/11/031311102011/2025-01-09/10400100A069A700-ms.tif,https://maxar-opendata.s3.amazonaws.com/events/WildFires-LosAngeles-Jan-2025/ard/11/031311102011/2025-01-09/10400100A069A700-pan.tif,2025-01-09,post
https://maxar-opendata.s3.amazonaws.com/events/WildFires-LosAngeles-Jan-2025/ard/11/031311102011/2025-01-13/103001010B9A1B00.json,103001010B9A1B00,2025-01-13 19:06:53+00:00,031311102011,0.77,39.4,33.0,0,32611,WV02,-118.57794512902113,34.284651206981806,-118.51934982015379,34.33327407266651,https://maxar-opendata.s3.amazonaws.com/events/WildFires-LosAngeles-Jan-2025/ard/11/031311102011/2025-01-13/103001010B9A1B00-visual.tif,https://maxar-opendata.s3.amazonaws.com/events/WildFires-LosAngeles-Jan-2025/ard/11/031311102011/2025-01-13/103001010B9A1B00-ms.tif,https://maxar-opendata.s3.amazonaws.com/events/WildFires-LosAngeles-Jan-2025/ard/11/031311102011/2025-01-13/103001010B9A1B00-pan.tif,2025-01-13,post
https://maxar-opendata.s3.amazonaws.com/events/WildFires-LosAngeles-Jan-2025/ard/11/031311102011/2025-01-14/10400100A1AFE700.json,10400100A1AFE700,2025-01-14 18:37:52+00:00,031311102011,0.37,25.6,31.1,0,32611,WV03,-118.57794512902113,34.284651206981806,-118.51934982015379,34.33327407266651,https://maxar-opendata.s3.amazonaws.com/events/WildFires-LosAngeles-Jan-2025/ard/11/031311102011/2025-01-14/10400100A1AFE700-visual.tif,https://maxar-opendata.s3.amazonaws.com/events/WildFires-LosAngeles-Jan-2025/ard/11/031311102011/2025-01-14/10400100A1AFE700-ms.tif,https://maxar-opendata.s3.amazonaws.com/events/WildFires-LosAngeles-Jan-2025/ard/11/031311102011/2025-01-14/10400100A1AFE700-pan.tif,2025-01-14,post
https://maxar-opendata.s3.amazonaws.com/events/WildFires-LosAngeles-Jan-2025/ard/11/031311102011/2025-01-15/10400100A14A8300.json,10400100A14A8300,2025-01-15 18:53:00+00:00,031311102011,0.37,26.3,32.4,0,32611,WV03,-118.53397969903659,34.28523020018988,-118.51934982015379,34.33327407266651,https://maxar-opendata.s3.amazonaws.com/events/WildFires-LosAngeles-Jan-2025/ard/11/031311102011/2025-01-15/10400100A14A8300-visual.tif,https://maxar-opendata.s3.amazonaws.com/events/WildFires-LosAngeles-Jan-2025/ard/11/031311102011/2025-01-15/10400100A14A8300-ms.tif,https://maxar-opendata.s3.amazonaws.com/events/WildFires-LosAngeles-Jan-2025/ard/11/031311102011/2025-01-15/10400100A14A8300-pan.tif,2025-01-15,post
https://maxar-opendata.s3.amazonaws.com/events/WildFires-LosAngeles-Jan-2025/ard/11/031311102011/2025-01-16/103001010C12B000.json,103001010C12B000,2025-01-16 18:57:59+00:00,031311102011,0.6,29.5,33.0,0,32611,WV02,-118.57794512902113,34.284651206981806,-118.51934982015379,34.33327407266651,https://maxar-opendata.s3.amazonaws.com/events/WildFires-LosAngeles-Jan-2025/ard/11/031311102011/2025-01-16/103001010C12B000-visual.tif,https://maxar-opendata.s3.amazonaws.com/events/WildFires-LosAngeles-Jan-2025/ard/11/031311102011/2025-01-16/103001010C12B000-ms.tif,https://maxar-opendata.s3.amazonaws.com/events/WildFires-LosAngeles-Jan-2025/ard/11/031311102011/2025-01-16/103001010C12B000-pan.tif,2025-01-16,post
https://maxar-opendata.s3.amazonaws.com/events/WildFires-LosAngeles-Jan-2025/ard/11/031311102011/2025-01-20/10400100A2561F00.json,10400100A2561F00,2025-01-20 18:32:23+00:00,031311102011,0.39,29.1,31.6,0,32611,WV03,-118.57794512902113,34.284651206981806,-118.51934982015379,34.33327407266651,https://maxar-opendata.s3.amazonaws.com/events/WildFires-LosAngeles-Jan-2025/ard/11/031311102011/2025-01-20/10400100A2561F00-visual.tif,https://maxar-opendata.s3.amazonaws.com/events/WildFires-LosAngeles-Jan-2025/ard/11/031311102011/2025-01-20/10400100A2561F00-ms.tif,https://maxar-opendata.s3.amazonaws.com/events/WildFires-LosAngeles-Jan-2025/ard/11/031311102011/2025-01-20/10400100A2561F00-pan.tif,2025-01-20,post
https://maxar-opendata.s3.amazonaws.com/events/WildFires-LosAngeles-Jan-2025/ard/11/031311102012/2024-12-14/10400100A1989500.json,10400100A1989500,2024-12-14 18:39:14+00:00,031311102012,0.34,19.0,30.2,0,32611,WV03,-118.63140710416471,34.24332694450607,-118.57293718356601,34.287512066152566,https://maxar-opendata.s3.amazonaws.com/events/WildFires-LosAngeles-Jan-2025/ard/11/031311102012/2024-12-14/10400100A1989500-visual.tif,https://maxar-opendata.s3.amazonaws.com/events/WildFires-LosAngeles-Jan-2025/ard/11/031311102012/2024-12-14/10400100A1989500-ms.tif,https://maxar-opendata.s3.amazonaws.com/events/WildFires-LosAngeles-Jan-2025/ard/11/031311102012/2024-12-14/10400100A1989500-pan.tif,2024-12-14,pre
https://maxar-opendata.s3.amazonaws.com/events/WildFires-LosAngeles-Jan-2025/ard/11/031311102012/2024-12-14/103001010A705C00.json,103001010A705C00,2024-12-14 18:53:50+00:00,031311102012,0.58,27.7,31.1,0,32611,WV02,-118.63140710416471,34.238865764043304,-118.5728157674396,34.287512066152566,https://maxar-opendata.s3.amazonaws.com/events/WildFires-LosAngeles-Jan-2025/ard/11/031311102012/2024-12-14/103001010A705C00-visual.tif,https://maxar-opendata.s3.amazonaws.com/events/WildFires-LosAngeles-Jan-2025/ard/11/031311102012/2024-12-14/103001010A705C00-ms.tif,https://maxar-opendata.s3.amazonaws.com/events/WildFires-LosAngeles-Jan-2025/ard/11/031311102012/2024-12-14/103001010A705C00-pan.tif,2024-12-14,pre
https://maxar-opendata.s3.amazonaws.com/events/WildFires-LosAngeles-Jan-2025/ard/11/031311102012/2024-12-21/10400100A17B5900.json,10400100A17B5900,2024-12-21 18:51:48+00:00,031311102012,0.35,19.7,30.7,0,32611,WV03,-118.63140710416471,34.238865764043304,-118.5728157674396,34.287512066152566,https://maxar-opendata.s3.amazonaws.com/events/WildFires-LosAngeles-Jan-2025/ard/11/031311102012/2024-12-21/10400100A17B5900-visual.tif,https://maxar-opendata.s3.amazonaws.com/events/WildFires-LosAngeles-Jan-2025/ard/11/031311102012/2024-12-21/10400100A17B5900-ms.tif,https://maxar-opendata.s3.amazonaws.com/events/WildFires-LosAngeles-Jan-2025/ard/11/031311102012/2024-12-21/10400100A17B5900-pan.tif,2024-12-21,pre
https://maxar-opendata.s3.amazonaws.com/events/WildFires-LosAngeles-Jan-2025/ard/11/031311102012/2025-01-09/10400100A069A700.json,10400100A069A700,2025-01-09 18:56:27+00:00,031311102012,0.38,26.6,31.9,0,32611,WV03,-118.63140710416471,34.238865764043304,-118.5728157674396,34.287512066152566,https://maxar-opendata.s3.amazonaws.com/events/WildFires-LosAngeles-Jan-2025/ard/11/031311102012/2025-01-09/10400100A069A700-visual.tif,https://maxar-opendata.s3.amazonaws.com/events/WildFires-LosAngeles-Jan-2025/ard/11/031311102012/2025-01-09/10400100A069A700-ms.tif,https://maxar-opendata.s3.amazonaws.com/events/WildFires-LosAngeles-Jan-2025/ard/11/031311102012/2025-01-09/10400100A069A700-pan.tif,2025-01-09,post
https://maxar-opendata.s3.amazonaws.com/events/WildFires-LosAngeles-Jan-2025/ard/11/031311102012/2025-01-13/103001010B9A1B00.json,103001010B9A1B00,2025-01-13 19:06:53+00:00,031311102012,0.76,39.2,33.0,0,32611,WV02,-118.63140710416471,34.238865764043304,-118.5728157674396,34.287512066152566,https://maxar-opendata.s3.amazonaws.com/events/WildFires-LosAngeles-Jan-2025/ard/11/031311102012/2025-01-13/103001010B9A1B00-visual.tif,https://maxar-opendata.s3.amazonaws.com/events/WildFires-LosAngeles-Jan-2025/ard/11/031311102012/2025-01-13/103001010B9A1B00-ms.tif,https://maxar-opendata.s3.amazonaws.com/events/WildFires-LosAngeles-Jan-2025/ard/11/031311102012/2025-01-13/103001010B9A1B00-pan.tif,2025-01-13,post
https://maxar-opendata.s3.amazonaws.com/events/WildFires-LosAngeles-Jan-2025/ard/11/031311102012/2025-01-14/10400100A1AFE700.json,10400100A1AFE700,2025-01-14 18:37:51+00:00,031311102012,0.37,25.0,31.1,0,32611,WV03,-118.62805948656286,34.23889887283028,-118.5728157674396,34.287512066152566,https://maxar-opendata.s3.amazonaws.com/events/WildFires-LosAngeles-Jan-2025/ard/11/031311102012/2025-01-14/10400100A1AFE700-visual.tif,https://maxar-opendata.s3.amazonaws.com/events/WildFires-LosAngeles-Jan-2025/ard/11/031311102012/2025-01-14/10400100A1AFE700-ms.tif,https://maxar-opendata.s3.amazonaws.com/events/WildFires-LosAngeles-Jan-2025/ard/11/031311102012/2025-01-14/10400100A1AFE700-pan.tif,2025-01-14,post
https://maxar-opendata.s3.amazonaws.com/events/WildFires-LosAngeles-Jan-2025/ard/11/031311102012/2025-01-16/103001010C12B000.json,103001010C12B000,2025-01-16 18:58:00+00:00,031311102012,0.6,29.2,33.0,0,32611,WV02,-118.63140710416471,34.238865764043304,-118.5728157674396,34.287512066152566,https://maxar-opendata.s3.amazonaws.com/events/WildFires-LosAngeles-Jan-2025/ard/11/031311102012/2025-01-16/103001010C12B000-visual.tif,https://maxar-opendata.s3.amazonaws.com/events/WildFires-LosAngeles-Jan-2025/ard/11/031311102012/2025-01-16/103001010C12B000-ms.tif,https://maxar-opendata.s3.amazonaws.com/events/WildFires-LosAngeles-Jan-2025/ard/11/031311102012/2025-01-16/103001010C12B000-pan.tif,2025-01-16,post
https://maxar-opendata.s3.amazonaws.com/events/WildFires-LosAngeles-Jan-2025/ard/11/031311102013/2024-12-14/104001009F982A00.json,104001009F982A00,2024-12-14 18:39:05+00:00,031311102013,0.36,22.8,30.3,0,32611,WV03,-118.55200515089297,34.23988447541369,-118.51856570043387,34.288197670325445,https://maxar-opendata.s3.amazonaws.com/events/WildFires-LosAngeles-Jan-2025/ard/11/031311102013/2024-12-14/104001009F982A00-visual.tif,https://maxar-opendata.s3.amazonaws.com/events/WildFires-LosAngeles-Jan-2025/ard/11/031311102013/2024-12-14/104001009F982A00-ms.tif,https://maxar-opendata.s3.amazonaws.com/events/WildFires-LosAngeles-Jan-2025/ard/11/031311102013/2024-12-14/104001009F982A00-pan.tif,2024-12-14,pre
https://maxar-opendata.s3.amazonaws.com/events/WildFires-LosAngeles-Jan-2025/ard/11/031311102013/2024-12-14/10400100A1989500.json,10400100A1989500,2024-12-14 18:39:14+00:00,031311102013,0.34,18.8,30.2,0,32611,WV03,-118.57710188310497,34.24597770625815,-118.51869519892925,34.288197670325445,https://maxar-opendata.s3.amazonaws.com/events/WildFires-LosAngeles-Jan-2025/ard/11/031311102013/2024-12-14/10400100A1989500-visual.tif,https://maxar-opendata.s3.amazonaws.com/events/WildFires-LosAngeles-Jan-2025/ard/11/031311102013/2024-12-14/10400100A1989500-ms.tif,https://maxar-opendata.s3.amazonaws.com/events/WildFires-LosAngeles-Jan-2025/ard/11/031311102013/2024-12-14/10400100A1989500-pan.tif,2024-12-14,pre
https://maxar-opendata.s3.amazonaws.com/events/WildFires-LosAngeles-Jan-2025/ard/11/031311102013/2024-12-14/103001010A705C00.json,103001010A705C00,2024-12-14 18:53:50+00:00,031311102013,0.58,27.9,31.1,1,32611,WV02,-118.57710188310497,34.23957565846898,-118.51853931211008,34.288197670325445,https://maxar-opendata.s3.amazonaws.com/events/WildFires-LosAngeles-Jan-2025/ard/11/031311102013/2024-12-14/103001010A705C00-visual.tif,https://maxar-opendata.s3.amazonaws.com/events/WildFires-LosAngeles-Jan-2025/ard/11/031311102013/2024-12-14/103001010A705C00-ms.tif,https://maxar-opendata.s3.amazonaws.com/events/WildFires-LosAngeles-Jan-2025/ard/11/031311102013/2024-12-14/103001010A705C00-pan.tif,2024-12-14,pre
https://maxar-opendata.s3.amazonaws.com/events/WildFires-LosAngeles-Jan-2025/ard/11/031311102013/2024-12-21/10400100A17B5900.json,10400100A17B5900,2024-12-21 18:51:48+00:00,031311102013,0.35,20.0,30.7,0,32611,WV03,-118.57710188310497,34.23957565846898,-118.54203040244285,34.28790635641449,https://maxar-opendata.s3.amazonaws.com/events/WildFires-LosAngeles-Jan-2025/ard/11/031311102013/2024-12-21/10400100A17B5900-visual.tif,https://maxar-opendata.s3.amazonaws.com/events/WildFires-LosAngeles-Jan-2025/ard/11/031311102013/2024-12-21/10400100A17B5900-ms.tif,https://maxar-opendata.s3.amazonaws.com/events/WildFires-LosAngeles-Jan-2025/ard/11/031311102013/2024-12-21/10400100A17B5900-pan.tif,2024-12-21,pre
https://maxar-opendata.s3.amazonaws.com/events/WildFires-LosAngeles-Jan-2025/ard/11/031311102013/2025-01-09/10400100A069A700.json,10400100A069A700,2025-01-09 18:56:27+00:00,031311102013,0.38,26.9,31.9,0,32611,WV03,-118.57710188310497,34.23957565846898,-118.51853931211008,34.288197670325445,https://maxar-opendata.s3.amazonaws.com/events/WildFires-LosAngeles-Jan-2025/ard/11/031311102013/2025-01-09/10400100A069A700-visual.tif,https://maxar-opendata.s3.amazonaws.com/events/WildFires-LosAngeles-Jan-2025/ard/11/031311102013/2025-01-09/10400100A069A700-ms.tif,https://maxar-opendata.s3.amazonaws.com/events/WildFires-LosAngeles-Jan-2025/ard/11/031311102013/2025-01-09/10400100A069A700-pan.tif,2025-01-09,post
https://maxar-opendata.s3.amazonaws.com/events/WildFires-LosAngeles-Jan-2025/ard/11/031311102013/2025-01-13/103001010B9A1B00.json,103001010B9A1B00,2025-01-13 19:06:53+00:00,031311102013,0.77,39.4,33.0,0,32611,WV02,-118.57710188310497,34.23957565846898,-118.51853931211008,34.288197670325445,https://maxar-opendata.s3.amazonaws.com/events/WildFires-LosAngeles-Jan-2025/ard/11/031311102013/2025-01-13/103001010B9A1B00-visual.tif,https://maxar-opendata.s3.amazonaws.com/events/WildFires-LosAngeles-Jan-2025/ard/11/031311102013/2025-01-13/103001010B9A1B00-ms.tif,https://maxar-opendata.s3.amazonaws.com/events/WildFires-LosAngeles-Jan-2025/ard/11/031311102013/2025-01-13/103001010B9A1B00-pan.tif,2025-01-13,post
https://maxar-opendata.s3.amazonaws.com/events/WildFires-LosAngeles-Jan-2025/ard/11/031311102013/2025-01-14/10400100A1AFE700.json,10400100A1AFE700,2025-01-14 18:37:51+00:00,031311102013,0.37,25.0,31.1,0,32611,WV03,-118.57710188310497,34.23957565846898,-118.51853931211008,34.288197670325445,https://maxar-opendata.s3.amazonaws.com/events/WildFires-LosAngeles-Jan-2025/ard/11/031311102013/2025-01-14/10400100A1AFE700-visual.tif,https://maxar-opendata.s3.amazonaws.com/events/WildFires-LosAngeles-Jan-2025/ard/11/031311102013/2025-01-14/10400100A1AFE700-ms.tif,https://maxar-opendata.s3.amazonaws.com/events/WildFires-LosAngeles-Jan-2025/ard/11/031311102013/2025-01-14/10400100A1AFE700-pan.tif,2025-01-14,post
https://maxar-opendata.s3.amazonaws.com/events/WildFires-LosAngeles-Jan-2025/ard/11/031311102013/2025-01-16/103001010C12B000.json,103001010C12B000,2025-01-16 18:58:00+00:00,031311102013,0.6,29.5,33.0,0,32611,WV02,-118.57710188310497,34.23957565846898,-118.51853931211008,34.288197670325445,https://maxar-opendata.s3.amazonaws.com/events/WildFires-LosAngeles-Jan-2025/ard/11/031311102013/2025-01-16/103001010C12B000-visual.tif,https://maxar-opendata.s3.amazonaws.com/events/WildFires-LosAngeles-Jan-2025/ard/11/031311102013/2025-01-16/103001010C12B000-ms.tif,https://maxar-opendata.s3.amazonaws.com/events/WildFires-LosAngeles-Jan-2025/ard/11/031311102013/2025-01-16/103001010C12B000-pan.tif,2025-01-16,post
https://maxar-opendata.s3.amazonaws.com/events/WildFires-LosAngeles-Jan-2025/ard/11/031311102013/2025-01-20/10400100A2561F00.json,10400100A2561F00,2025-01-20 18:32:24+00:00,031311102013,0.39,29.0,31.6,0,32611,WV03,-118.57710188310497,34.260171133817295,-118.51903186302597,34.288197670325445,https://maxar-opendata.s3.amazonaws.com/events/WildFires-LosAngeles-Jan-2025/ard/11/031311102013/2025-01-20/10400100A2561F00-visual.tif,https://maxar-opendata.s3.amazonaws.com/events/WildFires-LosAngeles-Jan-2025/ard/11/031311102013/2025-01-20/10400100A2561F00-ms.tif,https://maxar-opendata.s3.amazonaws.com/events/WildFires-LosAngeles-Jan-2025/ard/11/031311102013/2025-01-20/10400100A2561F00-pan.tif,2025-01-20,post
https://maxar-opendata.s3.amazonaws.com/events/WildFires-LosAngeles-Jan-2025/ard/11/031311102021/2024-12-14/103001010A705C00.json,103001010A705C00,2024-12-14 18:53:51+00:00,031311102021,0.58,27.4,31.1,2,32611,WV02,-118.64863274061464,34.1935474876183,-118.62622390093942,34.24172799806237,https://maxar-opendata.s3.amazonaws.com/events/WildFires-LosAngeles-Jan-2025/ard/11/031311102021/2024-12-14/103001010A705C00-visual.tif,https://maxar-opendata.s3.amazonaws.com/events/WildFires-LosAngeles-Jan-2025/ard/11/031311102021/2024-12-14/103001010A705C00-ms.tif,https://maxar-opendata.s3.amazonaws.com/events/WildFires-LosAngeles-Jan-2025/ard/11/031311102021/2024-12-14/103001010A705C00-pan.tif,2024-12-14,pre
https://maxar-opendata.s3.amazonaws.com/events/WildFires-LosAngeles-Jan-2025/ard/11/031311102021/2024-12-21/10400100A17B5900.json,10400100A17B5900,2024-12-21 18:51:49+00:00,031311102021,0.34,19.5,30.8,0,32611,WV03,-118.64863274061464,34.1935474876183,-118.62622390093942,34.24172799806237,https://maxar-opendata.s3.amazonaws.com/events/WildFires-LosAngeles-Jan-2025/ard/11/031311102021/2024-12-21/10400100A17B5900-visual.tif,https://maxar-opendata.s3.amazonaws.com/events/WildFires-LosAngeles-Jan-2025/ard/11/031311102021/2024-12-21/10400100A17B5900-ms.tif,https://maxar-opendata.s3.amazonaws.com/events/WildFires-LosAngeles-Jan-2025/ard/11/031311102021/2024-12-21/10400100A17B5900-pan.tif,2024-12-21,pre
https://maxar-opendata.s3.amazonaws.com/events/WildFires-LosAngeles-Jan-2025/ard/11/031311102021/2025-01-09/10400100A069A700.json,10400100A069A700,2025-01-09 18:56:28+00:00,031311102021,0.38,26.3,31.9,0,32611,WV03,-118.64863274587282,34.19354769830641,-118.62622390093942,34.24172799806237,https://maxar-opendata.s3.amazonaws.com/events/WildFires-LosAngeles-Jan-2025/ard/11/031311102021/2025-01-09/10400100A069A700-visual.tif,https://maxar-opendata.s3.amazonaws.com/events/WildFires-LosAngeles-Jan-2025/ard/11/031311102021/2025-01-09/10400100A069A700-ms.tif,https://maxar-opendata.s3.amazonaws.com/events/WildFires-LosAngeles-Jan-2025/ard/11/031311102021/2025-01-09/10400100A069A700-pan.tif,2025-01-09,post
https://maxar-opendata.s3.amazonaws.com/events/WildFires-LosAngeles-Jan-2025/ard/11/031311102021/2025-01-13/103001010B9A1B00.json,103001010B9A1B00,2025-01-13 19:06:54+00:00,031311102021,0.76,39.1,33.0,0,32611,WV02,-118.64863274061464,34.1935474876183,-118.62622390093942,34.24172799806237,https://maxar-opendata.s3.amazonaws.com/events/WildFires-LosAngeles-Jan-2025/ard/11/031311102021/2025-01-13/103001010B9A1B00-visual.tif,https://maxar-opendata.s3.amazonaws.com/events/WildFires-LosAngeles-Jan-2025/ard/11/031311102021/2025-01-13/103001010B9A1B00-ms.tif,https://maxar-opendata.s3.amazonaws.com/events/WildFires-LosAngeles-Jan-2025/ard/11/031311102021/2025-01-13/103001010B9A1B00-pan.tif,2025-01-13,post
https://maxar-opendata.s3.amazonaws.com/events/WildFires-LosAngeles-Jan-2025/ard/11/031311102021/2025-01-16/103001010C12B000.json,103001010C12B000,2025-01-16 18:58:00+00:00,031311102021,0.6,29.1,33.0,0,32611,WV02,-118.64471840412205,34.1935962509406,-118.62622390093942,34.24172799806237,https://maxar-opendata.s3.amazonaws.com/events/WildFires-LosAngeles-Jan-2025/ard/11/031311102021/2025-01-16/103001010C12B000-visual.tif,https://maxar-opendata.s3.amazonaws.com/events/WildFires-LosAngeles-Jan-2025/ard/11/031311102021/2025-01-16/103001010C12B000-ms.tif,https://maxar-opendata.s3.amazonaws.com/events/WildFires-LosAngeles-Jan-2025/ard/11/031311102021/2025-01-16/103001010C12B000-pan.tif,2025-01-16,post
https://maxar-opendata.s3.amazonaws.com/events/WildFires-LosAngeles-Jan-2025/ard/11/031311102021/2025-01-18/10500100404AD000.json,10500100404AD000,2025-01-18 18:26:51+00:00,031311102021,0.51,27.1,30.8,0,32611,GE01,-118.64831947895922,34.1935474876183,-118.62622390093942,34.22676921323693,https://maxar-opendata.s3.amazonaws.com/events/WildFires-LosAngeles-Jan-2025/ard/11/031311102021/2025-01-18/10500100404AD000-visual.tif,https://maxar-opendata.s3.amazonaws.com/events/WildFires-LosAngeles-Jan-2025/ard/11/031311102021/2025-01-18/10500100404AD000-ms.tif,https://maxar-opendata.s3.amazonaws.com/events/WildFires-LosAngeles-Jan-2025/ard/11/031311102021/2025-01-18/10500100404AD000-pan.tif,2025-01-18,post
https://maxar-opendata.s3.amazonaws.com/events/WildFires-LosAngeles-Jan-2025/ard/11/031311102023/2024-12-21/10400100A17B5900.json,10400100A17B5900,2024-12-21 18:51:50+00:00,031311102023,0.35,19.6,30.8,0,32611,WV03,-118.64767015434067,34.14847400912607,-118.62535936534675,34.19665323872016,https://maxar-opendata.s3.amazonaws.com/events/WildFires-LosAngeles-Jan-2025/ard/11/031311102023/2024-12-21/10400100A17B5900-visual.tif,https://maxar-opendata.s3.amazonaws.com/events/WildFires-LosAngeles-Jan-2025/ard/11/031311102023/2024-12-21/10400100A17B5900-ms.tif,https://maxar-opendata.s3.amazonaws.com/events/WildFires-LosAngeles-Jan-2025/ard/11/031311102023/2024-12-21/10400100A17B5900-pan.tif,2024-12-21,pre
https://maxar-opendata.s3.amazonaws.com/events/WildFires-LosAngeles-Jan-2025/ard/11/031311102023/2025-01-09/10400100A069A700.json,10400100A069A700,2025-01-09 18:56:29+00:00,031311102023,0.38,26.4,31.9,0,32611,WV03,-118.64767015865678,34.148474203110744,-118.62535936534675,34.19665323872016,https://maxar-opendata.s3.amazonaws.com/events/WildFires-LosAngeles-Jan-2025/ard/11/031311102023/2025-01-09/10400100A069A700-visual.tif,https://maxar-opendata.s3.amazonaws.com/events/WildFires-LosAngeles-Jan-2025/ard/11/031311102023/2025-01-09/10400100A069A700-ms.tif,https://maxar-opendata.s3.amazonaws.com/events/WildFires-LosAngeles-Jan-2025/ard/11/031311102023/2025-01-09/10400100A069A700-pan.tif,2025-01-09,post
https://maxar-opendata.s3.amazonaws.com/events/WildFires-LosAngeles-Jan-2025/ard/11/031311102023/2025-01-13/103001010B9A1B00.json,103001010B9A1B00,2025-01-13 19:06:54+00:00,031311102023,0.76,39.1,33.0,0,32611,WV02,-118.64767015434067,34.14847400912607,-118.62535936534675,34.19665323872016,https://maxar-opendata.s3.amazonaws.com/events/WildFires-LosAngeles-Jan-2025/ard/11/031311102023/2025-01-13/103001010B9A1B00-visual.tif,https://maxar-opendata.s3.amazonaws.com/events/WildFires-LosAngeles-Jan-2025/ard/11/031311102023/2025-01-13/103001010B9A1B00-ms.tif,https://maxar-opendata.s3.amazonaws.com/events/WildFires-LosAngeles-Jan-2025/ard/11/031311102023/2025-01-13/103001010B9A1B00-pan.tif,2025-01-13,post
https://maxar-opendata.s3.amazonaws.com/events/WildFires-LosAngeles-Jan-2025/ard/11/031311102023/2025-01-14/103001010C7D2D00.json,103001010C7D2D00,2025-01-14 18:30:58+00:00,031311102023,0.59,28.0,30.7,0,32611,WV02,-118.64742094659279,34.148475695308406,-118.62535936534675,34.184695409118206,https://maxar-opendata.s3.amazonaws.com/events/WildFires-LosAngeles-Jan-2025/ard/11/031311102023/2025-01-14/103001010C7D2D00-visual.tif,https://maxar-opendata.s3.amazonaws.com/events/WildFires-LosAngeles-Jan-2025/ard/11/031311102023/2025-01-14/103001010C7D2D00-ms.tif,https://maxar-opendata.s3.amazonaws.com/events/WildFires-LosAngeles-Jan-2025/ard/11/031311102023/2025-01-14/103001010C7D2D00-pan.tif,2025-01-14,post
https://maxar-opendata.s3.amazonaws.com/events/WildFires-LosAngeles-Jan-2025/ard/11/031311102023/2025-01-16/103001010C12B000.json,103001010C12B000,2025-01-16 18:58:01+00:00,031311102023,0.6,29.1,33.0,0,32611,WV02,-118.64464941844976,34.14850618660104,-118.62535936534675,34.19665323872016,https://maxar-opendata.s3.amazonaws.com/events/WildFires-LosAngeles-Jan-2025/ard/11/031311102023/2025-01-16/103001010C12B000-visual.tif,https://maxar-opendata.s3.amazonaws.com/events/WildFires-LosAngeles-Jan-2025/ard/11/031311102023/2025-01-16/103001010C12B000-ms.tif,https://maxar-opendata.s3.amazonaws.com/events/WildFires-LosAngeles-Jan-2025/ard/11/031311102023/2025-01-16/103001010C12B000-pan.tif,2025-01-16,post
https://maxar-opendata.s3.amazonaws.com/events/WildFires-LosAngeles-Jan-2025/ard/11/031311102023/2025-01-18/10500100404AD000.json,10500100404AD000,2025-01-18 18:26:51+00:00,031311102023,0.51,27.2,30.8,0,32611,GE01,-118.64767015434067,34.14847400912607,-118.62535936534675,34.19665323872016,https://maxar-opendata.s3.amazonaws.com/events/WildFires-LosAngeles-Jan-2025/ard/11/031311102023/2025-01-18/10500100404AD000-visual.tif,https://maxar-opendata.s3.amazonaws.com/events/WildFires-LosAngeles-Jan-2025/ard/11/031311102023/2025-01-18/10500100404AD000-ms.tif,https://maxar-opendata.s3.amazonaws.com/events/WildFires-LosAngeles-Jan-2025/ard/11/031311102023/2025-01-18/10500100404AD000-pan.tif,2025-01-18,post
https://maxar-opendata.s3.amazonaws.com/events/WildFires-LosAngeles-Jan-2025/ard/11/031311102030/2024-12-14/103001010A705C00.json,103001010A705C00,2024-12-14 18:53:51+00:00,031311102030,0.58,27.6,31.1,0,32611,WV02,-118.63053678889014,34.193791058502924,-118.57197818150851,34.24243646622017,https://maxar-opendata.s3.amazonaws.com/events/WildFires-LosAngeles-Jan-2025/ard/11/031311102030/2024-12-14/103001010A705C00-visual.tif,https://maxar-opendata.s3.amazonaws.com/events/WildFires-LosAngeles-Jan-2025/ard/11/031311102030/2024-12-14/103001010A705C00-ms.tif,https://maxar-opendata.s3.amazonaws.com/events/WildFires-LosAngeles-Jan-2025/ard/11/031311102030/2024-12-14/103001010A705C00-pan.tif,2024-12-14,pre
https://maxar-opendata.s3.amazonaws.com/events/WildFires-LosAngeles-Jan-2025/ard/11/031311102030/2024-12-21/10400100A17B5900.json,10400100A17B5900,2024-12-21 18:51:49+00:00,031311102030,0.35,19.8,30.8,0,32611,WV03,-118.63053678889014,34.193791058502924,-118.57197818150851,34.24243646622017,https://maxar-opendata.s3.amazonaws.com/events/WildFires-LosAngeles-Jan-2025/ard/11/031311102030/2024-12-21/10400100A17B5900-visual.tif,https://maxar-opendata.s3.amazonaws.com/events/WildFires-LosAngeles-Jan-2025/ard/11/031311102030/2024-12-21/10400100A17B5900-ms.tif,https://maxar-opendata.s3.amazonaws.com/events/WildFires-LosAngeles-Jan-2025/ard/11/031311102030/2024-12-21/10400100A17B5900-pan.tif,2024-12-21,pre
https://maxar-opendata.s3.amazonaws.com/events/WildFires-LosAngeles-Jan-2025/ard/11/031311102030/2025-01-09/10400100A069A700.json,10400100A069A700,2025-01-09 18:56:28+00:00,031311102030,0.38,26.6,31.9,0,32611,WV03,-118.63053678889014,34.193791058502924,-118.57197818150851,34.24243646622017,https://maxar-opendata.s3.amazonaws.com/events/WildFires-LosAngeles-Jan-2025/ard/11/031311102030/2025-01-09/10400100A069A700-visual.tif,https://maxar-opendata.s3.amazonaws.com/events/WildFires-LosAngeles-Jan-2025/ard/11/031311102030/2025-01-09/10400100A069A700-ms.tif,https://maxar-opendata.s3.amazonaws.com/events/WildFires-LosAngeles-Jan-2025/ard/11/031311102030/2025-01-09/10400100A069A700-pan.tif,2025-01-09,post
https://maxar-opendata.s3.amazonaws.com/events/WildFires-LosAngeles-Jan-2025/ard/11/031311102030/2025-01-13/103001010B9A1B00.json,103001010B9A1B00,2025-01-13 19:06:54+00:00,031311102030,0.76,39.2,33.0,0,32611,WV02,-118.63053678889014,34.193791058502924,-118.57197818150851,34.24243646622017,https://maxar-opendata.s3.amazonaws.com/events/WildFires-LosAngeles-Jan-2025/ard/11/031311102030/2025-01-13/103001010B9A1B00-visual.tif,https://maxar-opendata.s3.amazonaws.com/events/WildFires-LosAngeles-Jan-2025/ard/11/031311102030/2025-01-13/103001010B9A1B00-ms.tif,https://maxar-opendata.s3.amazonaws.com/events/WildFires-LosAngeles-Jan-2025/ard/11/031311102030/2025-01-13/103001010B9A1B00-pan.tif,2025-01-13,post
https://maxar-opendata.s3.amazonaws.com/events/WildFires-LosAngeles-Jan-2025/ard/11/031311102030/2025-01-14/10400100A1AFE700.json,10400100A1AFE700,2025-01-14 18:37:51+00:00,031311102030,0.36,24.3,31.2,0,32611,WV03,-118.62798600548122,34.193818972386566,-118.57197818150851,34.24243646622017,https://maxar-opendata.s3.amazonaws.com/events/WildFires-LosAngeles-Jan-2025/ard/11/031311102030/2025-01-14/10400100A1AFE700-visual.tif,https://maxar-opendata.s3.amazonaws.com/events/WildFires-LosAngeles-Jan-2025/ard/11/031311102030/2025-01-14/10400100A1AFE700-ms.tif,https://maxar-opendata.s3.amazonaws.com/events/WildFires-LosAngeles-Jan-2025/ard/11/031311102030/2025-01-14/10400100A1AFE700-pan.tif,2025-01-14,post
https://maxar-opendata.s3.amazonaws.com/events/WildFires-LosAngeles-Jan-2025/ard/11/031311102030/2025-01-16/103001010C12B000.json,103001010C12B000,2025-01-16 18:58:00+00:00,031311102030,0.6,29.2,33.0,0,32611,WV02,-118.63053678889014,34.193791058502924,-118.57197818150851,34.24243646622017,https://maxar-opendata.s3.amazonaws.com/events/WildFires-LosAngeles-Jan-2025/ard/11/031311102030/2025-01-16/103001010C12B000-visual.tif,https://maxar-opendata.s3.amazonaws.com/events/WildFires-LosAngeles-Jan-2025/ard/11/031311102030/2025-01-16/103001010C12B000-ms.tif,https://maxar-opendata.s3.amazonaws.com/events/WildFires-LosAngeles-Jan-2025/ard/11/031311102030/2025-01-16/103001010C12B000-pan.tif,2025-01-16,post
https://maxar-opendata.s3.amazonaws.com/events/WildFires-LosAngeles-Jan-2025/ard/11/031311102030/2025-01-18/10500100404AD000.json,10500100404AD000,2025-01-18 18:26:50+00:00,031311102030,0.51,27.0,30.9,0,32611,GE01,-118.63024501005243,34.193791058502924,-118.57197818150851,34.2266280094452,https://maxar-opendata.s3.amazonaws.com/events/WildFires-LosAngeles-Jan-2025/ard/11/031311102030/2025-01-18/10500100404AD000-visual.tif,https://maxar-opendata.s3.amazonaws.com/events/WildFires-LosAngeles-Jan-2025/ard/11/031311102030/2025-01-18/10500100404AD000-ms.tif,https://maxar-opendata.s3.amazonaws.com/events/WildFires-LosAngeles-Jan-2025/ard/11/031311102030/2025-01-18/10500100404AD000-pan.tif,2025-01-18,post
https://maxar-opendata.s3.amazonaws.com/events/WildFires-LosAngeles-Jan-2025/ard/11/031311102031/2024-12-14/103001010A705C00.json,103001010A705C00,2024-12-14 18:53:51+00:00,031311102031,0.58,27.9,31.1,0,32611,WV02,-118.57626050856777,34.19449975985058,-118.51779574054274,34.243120918895315,https://maxar-opendata.s3.amazonaws.com/events/WildFires-LosAngeles-Jan-2025/ard/11/031311102031/2024-12-14/103001010A705C00-visual.tif,https://maxar-opendata.s3.amazonaws.com/events/WildFires-LosAngeles-Jan-2025/ard/11/031311102031/2024-12-14/103001010A705C00-ms.tif,https://maxar-opendata.s3.amazonaws.com/events/WildFires-LosAngeles-Jan-2025/ard/11/031311102031/2024-12-14/103001010A705C00-pan.tif,2024-12-14,pre
https://maxar-opendata.s3.amazonaws.com/events/WildFires-LosAngeles-Jan-2025/ard/11/031311102031/2024-12-21/10400100A17B5900.json,10400100A17B5900,2024-12-21 18:51:49+00:00,031311102031,0.35,20.1,30.8,0,32611,WV03,-118.57626050856777,34.19449975985058,-118.54183497704808,34.24282805222879,https://maxar-opendata.s3.amazonaws.com/events/WildFires-LosAngeles-Jan-2025/ard/11/031311102031/2024-12-21/10400100A17B5900-visual.tif,https://maxar-opendata.s3.amazonaws.com/events/WildFires-LosAngeles-Jan-2025/ard/11/031311102031/2024-12-21/10400100A17B5900-ms.tif,https://maxar-opendata.s3.amazonaws.com/events/WildFires-LosAngeles-Jan-2025/ard/11/031311102031/2024-12-21/10400100A17B5900-pan.tif,2024-12-21,pre
https://maxar-opendata.s3.amazonaws.com/events/WildFires-LosAngeles-Jan-2025/ard/11/031311102031/2025-01-09/10400100A069A700.json,10400100A069A700,2025-01-09 18:56:28+00:00,031311102031,0.38,27.0,31.9,0,32611,WV03,-118.57626050856777,34.19449975985058,-118.51773060297648,34.243120918895315,https://maxar-opendata.s3.amazonaws.com/events/WildFires-LosAngeles-Jan-2025/ard/11/031311102031/2025-01-09/10400100A069A700-visual.tif,https://maxar-opendata.s3.amazonaws.com/events/WildFires-LosAngeles-Jan-2025/ard/11/031311102031/2025-01-09/10400100A069A700-ms.tif,https://maxar-opendata.s3.amazonaws.com/events/WildFires-LosAngeles-Jan-2025/ard/11/031311102031/2025-01-09/10400100A069A700-pan.tif,2025-01-09,post
https://maxar-opendata.s3.amazonaws.com/events/WildFires-LosAngeles-Jan-2025/ard/11/031311102031/2025-01-13/103001010B9A1B00.json,103001010B9A1B00,2025-01-13 19:06:54+00:00,031311102031,0.77,39.4,33.0,0,32611,WV02,-118.57626050856777,34.19449975985058,-118.51773060297648,34.243120918895315,https://maxar-opendata.s3.amazonaws.com/events/WildFires-LosAngeles-Jan-2025/ard/11/031311102031/2025-01-13/103001010B9A1B00-visual.tif,https://maxar-opendata.s3.amazonaws.com/events/WildFires-LosAngeles-Jan-2025/ard/11/031311102031/2025-01-13/103001010B9A1B00-ms.tif,https://maxar-opendata.s3.amazonaws.com/events/WildFires-LosAngeles-Jan-2025/ard/11/031311102031/2025-01-13/103001010B9A1B00-pan.tif,2025-01-13,post
https://maxar-opendata.s3.amazonaws.com/events/WildFires-LosAngeles-Jan-2025/ard/11/031311102031/2025-01-14/10400100A1AFE700.json,10400100A1AFE700,2025-01-14 18:37:51+00:00,031311102031,0.36,24.3,31.2,0,32611,WV03,-118.57626050856777,34.19449975985058,-118.51773060297648,34.243120918895315,https://maxar-opendata.s3.amazonaws.com/events/WildFires-LosAngeles-Jan-2025/ard/11/031311102031/2025-01-14/10400100A1AFE700-visual.tif,https://maxar-opendata.s3.amazonaws.com/events/WildFires-LosAngeles-Jan-2025/ard/11/031311102031/2025-01-14/10400100A1AFE700-ms.tif,https://maxar-opendata.s3.amazonaws.com/events/WildFires-LosAngeles-Jan-2025/ard/11/031311102031/2025-01-14/10400100A1AFE700-pan.tif,2025-01-14,post
https://maxar-opendata.s3.amazonaws.com/events/WildFires-LosAngeles-Jan-2025/ard/11/031311102031/2025-01-16/103001010C12B000.json,103001010C12B000,2025-01-16 18:58:00+00:00,031311102031,0.6,29.5,33.0,0,32611,WV02,-118.57626050856777,34.19449975985058,-118.51773060297648,34.243120918895315,https://maxar-opendata.s3.amazonaws.com/events/WildFires-LosAngeles-Jan-2025/ard/11/031311102031/2025-01-16/103001010C12B000-visual.tif,https://maxar-opendata.s3.amazonaws.com/events/WildFires-LosAngeles-Jan-2025/ard/11/031311102031/2025-01-16/103001010C12B000-ms.tif,https://maxar-opendata.s3.amazonaws.com/events/WildFires-LosAngeles-Jan-2025/ard/11/031311102031/2025-01-16/103001010C12B000-pan.tif,2025-01-16,post
https://maxar-opendata.s3.amazonaws.com/events/WildFires-LosAngeles-Jan-2025/ard/11/031311102031/2025-01-18/10500100404AD000.json,10500100404AD000,2025-01-18 18:26:49+00:00,031311102031,0.5,26.9,30.9,0,32611,GE01,-118.57596659186461,34.19449975985058,-118.51773060297648,34.22673153746957,https://maxar-opendata.s3.amazonaws.com/events/WildFires-LosAngeles-Jan-2025/ard/11/031311102031/2025-01-18/10500100404AD000-visual.tif,https://maxar-opendata.s3.amazonaws.com/events/WildFires-LosAngeles-Jan-2025/ard/11/031311102031/2025-01-18/10500100404AD000-ms.tif,https://maxar-opendata.s3.amazonaws.com/events/WildFires-LosAngeles-Jan-2025/ard/11/031311102031/2025-01-18/10500100404AD000-pan.tif,2025-01-18,post
https://maxar-opendata.s3.amazonaws.com/events/WildFires-LosAngeles-Jan-2025/ard/11/031311102032/2024-12-21/10400100A17B5900.json,10400100A17B5900,2024-12-21 18:51:50+00:00,031311102032,0.35,19.9,30.8,0,32611,WV03,-118.62966840515861,34.14871600186457,-118.57114245468084,34.19736051624311,https://maxar-opendata.s3.amazonaws.com/events/WildFires-LosAngeles-Jan-2025/ard/11/031311102032/2024-12-21/10400100A17B5900-visual.tif,https://maxar-opendata.s3.amazonaws.com/events/WildFires-LosAngeles-Jan-2025/ard/11/031311102032/2024-12-21/10400100A17B5900-ms.tif,https://maxar-opendata.s3.amazonaws.com/events/WildFires-LosAngeles-Jan-2025/ard/11/031311102032/2024-12-21/10400100A17B5900-pan.tif,2024-12-21,pre
https://maxar-opendata.s3.amazonaws.com/events/WildFires-LosAngeles-Jan-2025/ard/11/031311102032/2025-01-09/10400100A069A700.json,10400100A069A700,2025-01-09 18:56:29+00:00,031311102032,0.38,26.7,31.9,0,32611,WV03,-118.62966840515861,34.14871600186457,-118.57114245468084,34.19736051624311,https://maxar-opendata.s3.amazonaws.com/events/WildFires-LosAngeles-Jan-2025/ard/11/031311102032/2025-01-09/10400100A069A700-visual.tif,https://maxar-opendata.s3.amazonaws.com/events/WildFires-LosAngeles-Jan-2025/ard/11/031311102032/2025-01-09/10400100A069A700-ms.tif,https://maxar-opendata.s3.amazonaws.com/events/WildFires-LosAngeles-Jan-2025/ard/11/031311102032/2025-01-09/10400100A069A700-pan.tif,2025-01-09,post
https://maxar-opendata.s3.amazonaws.com/events/WildFires-LosAngeles-Jan-2025/ard/11/031311102032/2025-01-13/103001010B9A1B00.json,103001010B9A1B00,2025-01-13 19:06:54+00:00,031311102032,0.76,39.2,33.0,0,32611,WV02,-118.62966840515861,34.14871600186457,-118.57114245468084,34.19736051624311,https://maxar-opendata.s3.amazonaws.com/events/WildFires-LosAngeles-Jan-2025/ard/11/031311102032/2025-01-13/103001010B9A1B00-visual.tif,https://maxar-opendata.s3.amazonaws.com/events/WildFires-LosAngeles-Jan-2025/ard/11/031311102032/2025-01-13/103001010B9A1B00-ms.tif,https://maxar-opendata.s3.amazonaws.com/events/WildFires-LosAngeles-Jan-2025/ard/11/031311102032/2025-01-13/103001010B9A1B00-pan.tif,2025-01-13,post
https://maxar-opendata.s3.amazonaws.com/events/WildFires-LosAngeles-Jan-2025/ard/11/031311102032/2025-01-14/103001010C7D2D00.json,103001010C7D2D00,2025-01-14 18:30:58+00:00,031311102032,0.59,27.9,30.7,0,32611,WV02,-118.62939891208447,34.14871600186457,-118.57114245468084,34.18259935966578,https://maxar-opendata.s3.amazonaws.com/events/WildFires-LosAngeles-Jan-2025/ard/11/031311102032/2025-01-14/103001010C7D2D00-visual.tif,https://maxar-opendata.s3.amazonaws.com/events/WildFires-LosAngeles-Jan-2025/ard/11/031311102032/2025-01-14/103001010C7D2D00-ms.tif,https://maxar-opendata.s3.amazonaws.com/events/WildFires-LosAngeles-Jan-2025/ard/11/031311102032/2025-01-14/103001010C7D2D00-pan.tif,2025-01-14,post
https://maxar-opendata.s3.amazonaws.com/events/WildFires-LosAngeles-Jan-2025/ard/11/031311102032/2025-01-14/10400100A06B8000.json,10400100A06B8000,2025-01-14 18:36:39+00:00,031311102032,0.36,24.0,31.2,0,32611,WV03,-118.62900331908274,34.14871600186457,-118.57114245468084,34.16714585472728,https://maxar-opendata.s3.amazonaws.com/events/WildFires-LosAngeles-Jan-2025/ard/11/031311102032/2025-01-14/10400100A06B8000-visual.tif,https://maxar-opendata.s3.amazonaws.com/events/WildFires-LosAngeles-Jan-2025/ard/11/031311102032/2025-01-14/10400100A06B8000-ms.tif,https://maxar-opendata.s3.amazonaws.com/events/WildFires-LosAngeles-Jan-2025/ard/11/031311102032/2025-01-14/10400100A06B8000-pan.tif,2025-01-14,post
https://maxar-opendata.s3.amazonaws.com/events/WildFires-LosAngeles-Jan-2025/ard/11/031311102032/2025-01-14/10400100A1AFE700.json,10400100A1AFE700,2025-01-14 18:37:50+00:00,031311102032,0.36,23.7,31.2,0,32611,WV03,-118.62754277981628,34.14873996521115,-118.57114245468084,34.19736051624311,https://maxar-opendata.s3.amazonaws.com/events/WildFires-LosAngeles-Jan-2025/ard/11/031311102032/2025-01-14/10400100A1AFE700-visual.tif,https://maxar-opendata.s3.amazonaws.com/events/WildFires-LosAngeles-Jan-2025/ard/11/031311102032/2025-01-14/10400100A1AFE700-ms.tif,https://maxar-opendata.s3.amazonaws.com/events/WildFires-LosAngeles-Jan-2025/ard/11/031311102032/2025-01-14/10400100A1AFE700-pan.tif,2025-01-14,post
https://maxar-opendata.s3.amazonaws.com/events/WildFires-LosAngeles-Jan-2025/ard/11/031311102032/2025-01-15/10400100A0B73800.json,10400100A0B73800,2025-01-15 18:52:41+00:00,031311102032,0.35,20.5,32.6,0,32611,WV03,-118.62898291840754,34.14871600186457,-118.57114245468084,34.16114873614893,https://maxar-opendata.s3.amazonaws.com/events/WildFires-LosAngeles-Jan-2025/ard/11/031311102032/2025-01-15/10400100A0B73800-visual.tif,https://maxar-opendata.s3.amazonaws.com/events/WildFires-LosAngeles-Jan-2025/ard/11/031311102032/2025-01-15/10400100A0B73800-ms.tif,https://maxar-opendata.s3.amazonaws.com/events/WildFires-LosAngeles-Jan-2025/ard/11/031311102032/2025-01-15/10400100A0B73800-pan.tif,2025-01-15,post
https://maxar-opendata.s3.amazonaws.com/events/WildFires-LosAngeles-Jan-2025/ard/11/031311102032/2025-01-16/103001010C12B000.json,103001010C12B000,2025-01-16 18:58:01+00:00,031311102032,0.6,29.2,33.0,0,32611,WV02,-118.62966840515861,34.14871600186457,-118.57114245468084,34.19736051624311,https://maxar-opendata.s3.amazonaws.com/events/WildFires-LosAngeles-Jan-2025/ard/11/031311102032/2025-01-16/103001010C12B000-visual.tif,https://maxar-opendata.s3.amazonaws.com/events/WildFires-LosAngeles-Jan-2025/ard/11/031311102032/2025-01-16/103001010C12B000-ms.tif,https://maxar-opendata.s3.amazonaws.com/events/WildFires-LosAngeles-Jan-2025/ard/11/031311102032/2025-01-16/103001010C12B000-pan.tif,2025-01-16,post
https://maxar-opendata.s3.amazonaws.com/events/WildFires-LosAngeles-Jan-2025/ard/11/031311102032/2025-01-18/10500100404AD000.json,10500100404AD000,2025-01-18 18:26:50+00:00,031311102032,0.51,27.1,30.9,0,32611,GE01,-118.62966840515861,34.14871600186457,-118.57114245468084,34.19736051624311,https://maxar-opendata.s3.amazonaws.com/events/WildFires-LosAngeles-Jan-2025/ard/11/031311102032/2025-01-18/10500100404AD000-visual.tif,https://maxar-opendata.s3.amazonaws.com/events/WildFires-LosAngeles-Jan-2025/ard/11/031311102032/2025-01-18/10500100404AD000-ms.tif,https://maxar-opendata.s3.amazonaws.com/events/WildFires-LosAngeles-Jan-2025/ard/11/031311102032/2025-01-18/10500100404AD000-pan.tif,2025-01-18,post
https://maxar-opendata.s3.amazonaws.com/events/WildFires-LosAngeles-Jan-2025/ard/11/031311102033/2024-12-21/10400100A17B5900.json,10400100A17B5900,2024-12-21 18:51:50+00:00,031311102033,0.35,20.2,30.8,0,32611,WV03,-118.57542100139113,34.14942351137935,-118.54183991411037,34.197743745470156,https://maxar-opendata.s3.amazonaws.com/events/WildFires-LosAngeles-Jan-2025/ard/11/031311102033/2024-12-21/10400100A17B5900-visual.tif,https://maxar-opendata.s3.amazonaws.com/events/WildFires-LosAngeles-Jan-2025/ard/11/031311102033/2024-12-21/10400100A17B5900-ms.tif,https://maxar-opendata.s3.amazonaws.com/events/WildFires-LosAngeles-Jan-2025/ard/11/031311102033/2024-12-21/10400100A17B5900-pan.tif,2024-12-21,pre
https://maxar-opendata.s3.amazonaws.com/events/WildFires-LosAngeles-Jan-2025/ard/11/031311102033/2025-01-09/10400100A069A700.json,10400100A069A700,2025-01-09 18:56:29+00:00,031311102033,0.38,27.1,31.9,0,32611,WV03,-118.57542100139113,34.14942351137935,-118.51692368889532,34.198043818624576,https://maxar-opendata.s3.amazonaws.com/events/WildFires-LosAngeles-Jan-2025/ard/11/031311102033/2025-01-09/10400100A069A700-visual.tif,https://maxar-opendata.s3.amazonaws.com/events/WildFires-LosAngeles-Jan-2025/ard/11/031311102033/2025-01-09/10400100A069A700-ms.tif,https://maxar-opendata.s3.amazonaws.com/events/WildFires-LosAngeles-Jan-2025/ard/11/031311102033/2025-01-09/10400100A069A700-pan.tif,2025-01-09,post
https://maxar-opendata.s3.amazonaws.com/events/WildFires-LosAngeles-Jan-2025/ard/11/031311102033/2025-01-13/103001010B9A1B00.json,103001010B9A1B00,2025-01-13 19:06:54+00:00,031311102033,0.77,39.4,33.0,0,32611,WV02,-118.57542100139113,34.14942351137935,-118.51692368889532,34.198043818624576,https://maxar-opendata.s3.amazonaws.com/events/WildFires-LosAngeles-Jan-2025/ard/11/031311102033/2025-01-13/103001010B9A1B00-visual.tif,https://maxar-opendata.s3.amazonaws.com/events/WildFires-LosAngeles-Jan-2025/ard/11/031311102033/2025-01-13/103001010B9A1B00-ms.tif,https://maxar-opendata.s3.amazonaws.com/events/WildFires-LosAngeles-Jan-2025/ard/11/031311102033/2025-01-13/103001010B9A1B00-pan.tif,2025-01-13,post
https://maxar-opendata.s3.amazonaws.com/events/WildFires-LosAngeles-Jan-2025/ard/11/031311102033/2025-01-14/103001010C7D2D00.json,103001010C7D2D00,2025-01-14 18:30:58+00:00,031311102033,0.58,27.8,30.7,0,32611,WV02,-118.57502940231787,34.14942351137935,-118.51692368889532,34.17625635693528,https://maxar-opendata.s3.amazonaws.com/events/WildFires-LosAngeles-Jan-2025/ard/11/031311102033/2025-01-14/103001010C7D2D00-visual.tif,https://maxar-opendata.s3.amazonaws.com/events/WildFires-LosAngeles-Jan-2025/ard/11/031311102033/2025-01-14/103001010C7D2D00-ms.tif,https://maxar-opendata.s3.amazonaws.com/events/WildFires-LosAngeles-Jan-2025/ard/11/031311102033/2025-01-14/103001010C7D2D00-pan.tif,2025-01-14,post
https://maxar-opendata.s3.amazonaws.com/events/WildFires-LosAngeles-Jan-2025/ard/11/031311102033/2025-01-14/10400100A06B8000.json,10400100A06B8000,2025-01-14 18:36:39+00:00,031311102033,0.36,23.7,31.2,0,32611,WV03,-118.57485488683318,34.14942351137935,-118.51692368889532,34.17189254493649,https://maxar-opendata.s3.amazonaws.com/events/WildFires-LosAngeles-Jan-2025/ard/11/031311102033/2025-01-14/10400100A06B8000-visual.tif,https://maxar-opendata.s3.amazonaws.com/events/WildFires-LosAngeles-Jan-2025/ard/11/031311102033/2025-01-14/10400100A06B8000-ms.tif,https://maxar-opendata.s3.amazonaws.com/events/WildFires-LosAngeles-Jan-2025/ard/11/031311102033/2025-01-14/10400100A06B8000-pan.tif,2025-01-14,post
https://maxar-opendata.s3.amazonaws.com/events/WildFires-LosAngeles-Jan-2025/ard/11/031311102033/2025-01-14/10400100A1AFE700.json,10400100A1AFE700,2025-01-14 18:37:50+00:00,031311102033,0.36,23.6,31.2,0,32611,WV03,-118.57542100139113,34.14942351137935,-118.51692368889532,34.198043818624576,https://maxar-opendata.s3.amazonaws.com/events/WildFires-LosAngeles-Jan-2025/ard/11/031311102033/2025-01-14/10400100A1AFE700-visual.tif,https://maxar-opendata.s3.amazonaws.com/events/WildFires-LosAngeles-Jan-2025/ard/11/031311102033/2025-01-14/10400100A1AFE700-ms.tif,https://maxar-opendata.s3.amazonaws.com/events/WildFires-LosAngeles-Jan-2025/ard/11/031311102033/2025-01-14/10400100A1AFE700-pan.tif,2025-01-14,post
https://maxar-opendata.s3.amazonaws.com/events/WildFires-LosAngeles-Jan-2025/ard/11/031311102033/2025-01-15/10400100A0B73800.json,10400100A0B73800,2025-01-15 18:52:41+00:00,031311102033,0.35,20.9,32.6,0,32611,WV03,-118.57474849965071,34.14942351137935,-118.51692368889532,34.1613083653331,https://maxar-opendata.s3.amazonaws.com/events/WildFires-LosAngeles-Jan-2025/ard/11/031311102033/2025-01-15/10400100A0B73800-visual.tif,https://maxar-opendata.s3.amazonaws.com/events/WildFires-LosAngeles-Jan-2025/ard/11/031311102033/2025-01-15/10400100A0B73800-ms.tif,https://maxar-opendata.s3.amazonaws.com/events/WildFires-LosAngeles-Jan-2025/ard/11/031311102033/2025-01-15/10400100A0B73800-pan.tif,2025-01-15,post
https://maxar-opendata.s3.amazonaws.com/events/WildFires-LosAngeles-Jan-2025/ard/11/031311102033/2025-01-16/103001010C12B000.json,103001010C12B000,2025-01-16 18:58:01+00:00,031311102033,0.6,29.5,33.0,0,32611,WV02,-118.57542100139113,34.14942351137935,-118.51692368889532,34.198043818624576,https://maxar-opendata.s3.amazonaws.com/events/WildFires-LosAngeles-Jan-2025/ard/11/031311102033/2025-01-16/103001010C12B000-visual.tif,https://maxar-opendata.s3.amazonaws.com/events/WildFires-LosAngeles-Jan-2025/ard/11/031311102033/2025-01-16/103001010C12B000-ms.tif,https://maxar-opendata.s3.amazonaws.com/events/WildFires-LosAngeles-Jan-2025/ard/11/031311102033/2025-01-16/103001010C12B000-pan.tif,2025-01-16,post
https://maxar-opendata.s3.amazonaws.com/events/WildFires-LosAngeles-Jan-2025/ard/11/031311102033/2025-01-18/10500100404AD000.json,10500100404AD000,2025-01-18 18:26:49+00:00,031311102033,0.51,27.1,30.9,0,32611,GE01,-118.57542100139113,34.14942351137935,-118.51692368889532,34.198043818624576,https://maxar-opendata.s3.amazonaws.com/events/WildFires-LosAngeles-Jan-2025/ard/11/031311102033/2025-01-18/10500100404AD000-visual.tif,https://maxar-opendata.s3.amazonaws.com/events/WildFires-LosAngeles-Jan-2025/ard/11/031311102033/2025-01-18/10500100404AD000-ms.tif,https://maxar-opendata.s3.amazonaws.com/events/WildFires-LosAngeles-Jan-2025/ard/11/031311102033/2025-01-18/10500100404AD000-pan.tif,2025-01-18,post
https://maxar-opendata.s3.amazonaws.com/events/WildFires-LosAngeles-Jan-2025/ard/11/031311102100/2024-12-14/104001009F982A00.json,104001009F982A00,2024-12-14 18:39:05+00:00,031311102100,0.36,22.7,30.3,0,32611,WV03,-118.52360902749493,34.285338242564094,-118.46504262105942,34.33393673056412,https://maxar-opendata.s3.amazonaws.com/events/WildFires-LosAngeles-Jan-2025/ard/11/031311102100/2024-12-14/104001009F982A00-visual.tif,https://maxar-opendata.s3.amazonaws.com/events/WildFires-LosAngeles-Jan-2025/ard/11/031311102100/2024-12-14/104001009F982A00-ms.tif,https://maxar-opendata.s3.amazonaws.com/events/WildFires-LosAngeles-Jan-2025/ard/11/031311102100/2024-12-14/104001009F982A00-pan.tif,2024-12-14,pre
https://maxar-opendata.s3.amazonaws.com/events/WildFires-LosAngeles-Jan-2025/ard/11/031311102100/2024-12-14/103001010A705C00.json,103001010A705C00,2024-12-14 18:53:50+00:00,031311102100,0.59,28.2,31.1,17,32611,WV02,-118.52360902749493,34.285338242564094,-118.46504262105942,34.33393673056412,https://maxar-opendata.s3.amazonaws.com/events/WildFires-LosAngeles-Jan-2025/ard/11/031311102100/2024-12-14/103001010A705C00-visual.tif,https://maxar-opendata.s3.amazonaws.com/events/WildFires-LosAngeles-Jan-2025/ard/11/031311102100/2024-12-14/103001010A705C00-ms.tif,https://maxar-opendata.s3.amazonaws.com/events/WildFires-LosAngeles-Jan-2025/ard/11/031311102100/2024-12-14/103001010A705C00-pan.tif,2024-12-14,pre
https://maxar-opendata.s3.amazonaws.com/events/WildFires-LosAngeles-Jan-2025/ard/11/031311102100/2025-01-09/10400100A20D9300.json,10400100A20D9300,2025-01-09 18:56:48+00:00,031311102100,0.39,28.5,31.8,0,32611,WV03,-118.52360902749493,34.285338242564094,-118.46504262105942,34.33393673056412,https://maxar-opendata.s3.amazonaws.com/events/WildFires-LosAngeles-Jan-2025/ard/11/031311102100/2025-01-09/10400100A20D9300-visual.tif,https://maxar-opendata.s3.amazonaws.com/events/WildFires-LosAngeles-Jan-2025/ard/11/031311102100/2025-01-09/10400100A20D9300-ms.tif,https://maxar-opendata.s3.amazonaws.com/events/WildFires-LosAngeles-Jan-2025/ard/11/031311102100/2025-01-09/10400100A20D9300-pan.tif,2025-01-09,post
https://maxar-opendata.s3.amazonaws.com/events/WildFires-LosAngeles-Jan-2025/ard/11/031311102100/2025-01-13/103001010B9A1B00.json,103001010B9A1B00,2025-01-13 19:06:53+00:00,031311102100,0.77,39.6,33.0,0,32611,WV02,-118.52360902749493,34.285338242564094,-118.48856358316839,34.33363981315355,https://maxar-opendata.s3.amazonaws.com/events/WildFires-LosAngeles-Jan-2025/ard/11/031311102100/2025-01-13/103001010B9A1B00-visual.tif,https://maxar-opendata.s3.amazonaws.com/events/WildFires-LosAngeles-Jan-2025/ard/11/031311102100/2025-01-13/103001010B9A1B00-ms.tif,https://maxar-opendata.s3.amazonaws.com/events/WildFires-LosAngeles-Jan-2025/ard/11/031311102100/2025-01-13/103001010B9A1B00-pan.tif,2025-01-13,post
https://maxar-opendata.s3.amazonaws.com/events/WildFires-LosAngeles-Jan-2025/ard/11/031311102100/2025-01-14/10400100A0BAD600.json,10400100A0BAD600,2025-01-14 18:37:33+00:00,031311102100,0.33,16.8,31.1,0,32611,WV03,-118.52360902749493,34.285338242564094,-118.46504262105942,34.33393673056412,https://maxar-opendata.s3.amazonaws.com/events/WildFires-LosAngeles-Jan-2025/ard/11/031311102100/2025-01-14/10400100A0BAD600-visual.tif,https://maxar-opendata.s3.amazonaws.com/events/WildFires-LosAngeles-Jan-2025/ard/11/031311102100/2025-01-14/10400100A0BAD600-ms.tif,https://maxar-opendata.s3.amazonaws.com/events/WildFires-LosAngeles-Jan-2025/ard/11/031311102100/2025-01-14/10400100A0BAD600-pan.tif,2025-01-14,post
https://maxar-opendata.s3.amazonaws.com/events/WildFires-LosAngeles-Jan-2025/ard/11/031311102100/2025-01-14/10400100A1AFE700.json,10400100A1AFE700,2025-01-14 18:37:52+00:00,031311102100,0.37,25.6,31.1,0,32611,WV03,-118.52360902749493,34.285338242564094,-118.46748016254148,34.3339175004404,https://maxar-opendata.s3.amazonaws.com/events/WildFires-LosAngeles-Jan-2025/ard/11/031311102100/2025-01-14/10400100A1AFE700-visual.tif,https://maxar-opendata.s3.amazonaws.com/events/WildFires-LosAngeles-Jan-2025/ard/11/031311102100/2025-01-14/10400100A1AFE700-ms.tif,https://maxar-opendata.s3.amazonaws.com/events/WildFires-LosAngeles-Jan-2025/ard/11/031311102100/2025-01-14/10400100A1AFE700-pan.tif,2025-01-14,post
https://maxar-opendata.s3.amazonaws.com/events/WildFires-LosAngeles-Jan-2025/ard/11/031311102100/2025-01-15/10400100A14A8300.json,10400100A14A8300,2025-01-15 18:53:00+00:00,031311102100,0.37,26.4,32.4,0,32611,WV03,-118.52360902749493,34.285338242564094,-118.46504262105942,34.33393673056412,https://maxar-opendata.s3.amazonaws.com/events/WildFires-LosAngeles-Jan-2025/ard/11/031311102100/2025-01-15/10400100A14A8300-visual.tif,https://maxar-opendata.s3.amazonaws.com/events/WildFires-LosAngeles-Jan-2025/ard/11/031311102100/2025-01-15/10400100A14A8300-ms.tif,https://maxar-opendata.s3.amazonaws.com/events/WildFires-LosAngeles-Jan-2025/ard/11/031311102100/2025-01-15/10400100A14A8300-pan.tif,2025-01-15,post
https://maxar-opendata.s3.amazonaws.com/events/WildFires-LosAngeles-Jan-2025/ard/11/031311102100/2025-01-16/103001010C12B000.json,103001010C12B000,2025-01-16 18:58:00+00:00,031311102100,0.61,29.7,33.0,0,32611,WV02,-118.52360902749493,34.285338242564094,-118.46504262105942,34.33393673056412,https://maxar-opendata.s3.amazonaws.com/events/WildFires-LosAngeles-Jan-2025/ard/11/031311102100/2025-01-16/103001010C12B000-visual.tif,https://maxar-opendata.s3.amazonaws.com/events/WildFires-LosAngeles-Jan-2025/ard/11/031311102100/2025-01-16/103001010C12B000-ms.tif,https://maxar-opendata.s3.amazonaws.com/events/WildFires-LosAngeles-Jan-2025/ard/11/031311102100/2025-01-16/103001010C12B000-pan.tif,2025-01-16,post
https://maxar-opendata.s3.amazonaws.com/events/WildFires-LosAngeles-Jan-2025/ard/11/031311102100/2025-01-19/103001010C955800.json,103001010C955800,2025-01-19 18:49:26+00:00,031311102100,0.55,23.7,32.8,0,32611,WV02,-118.50841289884991,34.285525954312746,-118.46504262105942,34.33393673056412,https://maxar-opendata.s3.amazonaws.com/events/WildFires-LosAngeles-Jan-2025/ard/11/031311102100/2025-01-19/103001010C955800-visual.tif,https://maxar-opendata.s3.amazonaws.com/events/WildFires-LosAngeles-Jan-2025/ard/11/031311102100/2025-01-19/103001010C955800-ms.tif,https://maxar-opendata.s3.amazonaws.com/events/WildFires-LosAngeles-Jan-2025/ard/11/031311102100/2025-01-19/103001010C955800-pan.tif,2025-01-19,post
https://maxar-opendata.s3.amazonaws.com/events/WildFires-LosAngeles-Jan-2025/ard/11/031311102100/2025-01-20/10400100A2561F00.json,10400100A2561F00,2025-01-20 18:32:23+00:00,031311102100,0.39,28.8,31.6,0,32611,WV03,-118.52360902749493,34.285338242564094,-118.46504262105942,34.33393673056412,https://maxar-opendata.s3.amazonaws.com/events/WildFires-LosAngeles-Jan-2025/ard/11/031311102100/2025-01-20/10400100A2561F00-visual.tif,https://maxar-opendata.s3.amazonaws.com/events/WildFires-LosAngeles-Jan-2025/ard/11/031311102100/2025-01-20/10400100A2561F00-ms.tif,https://maxar-opendata.s3.amazonaws.com/events/WildFires-LosAngeles-Jan-2025/ard/11/031311102100/2025-01-20/10400100A2561F00-pan.tif,2025-01-20,post
https://maxar-opendata.s3.amazonaws.com/events/WildFires-LosAngeles-Jan-2025/ard/11/031311102101/2024-12-14/104001009F982A00.json,104001009F982A00,2024-12-14 18:39:05+00:00,031311102101,0.36,22.5,30.3,0,32611,WV03,-118.46927111503237,34.28600122228841,-118.41073368352566,34.33457528688655,https://maxar-opendata.s3.amazonaws.com/events/WildFires-LosAngeles-Jan-2025/ard/11/031311102101/2024-12-14/104001009F982A00-visual.tif,https://maxar-opendata.s3.amazonaws.com/events/WildFires-LosAngeles-Jan-2025/ard/11/031311102101/2024-12-14/104001009F982A00-ms.tif,https://maxar-opendata.s3.amazonaws.com/events/WildFires-LosAngeles-Jan-2025/ard/11/031311102101/2024-12-14/104001009F982A00-pan.tif,2024-12-14,pre
https://maxar-opendata.s3.amazonaws.com/events/WildFires-LosAngeles-Jan-2025/ard/11/031311102101/2025-01-09/10400100A20D9300.json,10400100A20D9300,2025-01-09 18:56:48+00:00,031311102101,0.39,28.8,31.8,0,32611,WV03,-118.46927111503237,34.28600122228841,-118.41073368352566,34.33457528688655,https://maxar-opendata.s3.amazonaws.com/events/WildFires-LosAngeles-Jan-2025/ard/11/031311102101/2025-01-09/10400100A20D9300-visual.tif,https://maxar-opendata.s3.amazonaws.com/events/WildFires-LosAngeles-Jan-2025/ard/11/031311102101/2025-01-09/10400100A20D9300-ms.tif,https://maxar-opendata.s3.amazonaws.com/events/WildFires-LosAngeles-Jan-2025/ard/11/031311102101/2025-01-09/10400100A20D9300-pan.tif,2025-01-09,post
https://maxar-opendata.s3.amazonaws.com/events/WildFires-LosAngeles-Jan-2025/ard/11/031311102101/2025-01-14/10400100A0BAD600.json,10400100A0BAD600,2025-01-14 18:37:33+00:00,031311102101,0.33,16.6,31.1,0,32611,WV03,-118.46927111503237,34.28600122228841,-118.41073368352566,34.33457528688655,https://maxar-opendata.s3.amazonaws.com/events/WildFires-LosAngeles-Jan-2025/ard/11/031311102101/2025-01-14/10400100A0BAD600-visual.tif,https://maxar-opendata.s3.amazonaws.com/events/WildFires-LosAngeles-Jan-2025/ard/11/031311102101/2025-01-14/10400100A0BAD600-ms.tif,https://maxar-opendata.s3.amazonaws.com/events/WildFires-LosAngeles-Jan-2025/ard/11/031311102101/2025-01-14/10400100A0BAD600-pan.tif,2025-01-14,post
https://maxar-opendata.s3.amazonaws.com/events/WildFires-LosAngeles-Jan-2025/ard/11/031311102101/2025-01-15/10400100A14A8300.json,10400100A14A8300,2025-01-15 18:53:00+00:00,031311102101,0.38,26.7,32.4,0,32611,WV03,-118.46927111503237,34.28600122228841,-118.41073368352566,34.33457528688655,https://maxar-opendata.s3.amazonaws.com/events/WildFires-LosAngeles-Jan-2025/ard/11/031311102101/2025-01-15/10400100A14A8300-visual.tif,https://maxar-opendata.s3.amazonaws.com/events/WildFires-LosAngeles-Jan-2025/ard/11/031311102101/2025-01-15/10400100A14A8300-ms.tif,https://maxar-opendata.s3.amazonaws.com/events/WildFires-LosAngeles-Jan-2025/ard/11/031311102101/2025-01-15/10400100A14A8300-pan.tif,2025-01-15,post
https://maxar-opendata.s3.amazonaws.com/events/WildFires-LosAngeles-Jan-2025/ard/11/031311102101/2025-01-16/103001010C12B000.json,103001010C12B000,2025-01-16 18:58:00+00:00,031311102101,0.61,30.0,33.0,0,32611,WV02,-118.46927111503237,34.28600122228841,-118.41073368352566,34.33457528688655,https://maxar-opendata.s3.amazonaws.com/events/WildFires-LosAngeles-Jan-2025/ard/11/031311102101/2025-01-16/103001010C12B000-visual.tif,https://maxar-opendata.s3.amazonaws.com/events/WildFires-LosAngeles-Jan-2025/ard/11/031311102101/2025-01-16/103001010C12B000-ms.tif,https://maxar-opendata.s3.amazonaws.com/events/WildFires-LosAngeles-Jan-2025/ard/11/031311102101/2025-01-16/103001010C12B000-pan.tif,2025-01-16,post
https://maxar-opendata.s3.amazonaws.com/events/WildFires-LosAngeles-Jan-2025/ard/11/031311102101/2025-01-19/103001010C955800.json,103001010C955800,2025-01-19 18:49:26+00:00,031311102101,0.55,23.9,32.8,0,32611,WV02,-118.46927111503237,34.28600122228841,-118.41073368352566,34.33457528688655,https://maxar-opendata.s3.amazonaws.com/events/WildFires-LosAngeles-Jan-2025/ard/11/031311102101/2025-01-19/103001010C955800-visual.tif,https://maxar-opendata.s3.amazonaws.com/events/WildFires-LosAngeles-Jan-2025/ard/11/031311102101/2025-01-19/103001010C955800-ms.tif,https://maxar-opendata.s3.amazonaws.com/events/WildFires-LosAngeles-Jan-2025/ard/11/031311102101/2025-01-19/103001010C955800-pan.tif,2025-01-19,post
https://maxar-opendata.s3.amazonaws.com/events/WildFires-LosAngeles-Jan-2025/ard/11/031311102101/2025-01-20/10400100A2561F00.json,10400100A2561F00,2025-01-20 18:32:23+00:00,031311102101,0.39,28.5,31.6,0,32611,WV03,-118.46927111503237,34.28600122228841,-118.41073368352566,34.33457528688655,https://maxar-opendata.s3.amazonaws.com/events/WildFires-LosAngeles-Jan-2025/ard/11/031311102101/2025-01-20/10400100A2561F00-visual.tif,https://maxar-opendata.s3.amazonaws.com/events/WildFires-LosAngeles-Jan-2025/ard/11/031311102101/2025-01-20/10400100A2561F00-ms.tif,https://maxar-opendata.s3.amazonaws.com/events/WildFires-LosAngeles-Jan-2025/ard/11/031311102101/2025-01-20/10400100A2561F00-pan.tif,2025-01-20,post
https://maxar-opendata.s3.amazonaws.com/events/WildFires-LosAngeles-Jan-2025/ard/11/031311102102/2024-12-14/104001009F982A00.json,104001009F982A00,2024-12-14 18:39:06+00:00,031311102102,0.36,22.7,30.3,0,32611,WV03,-118.5227947906686,34.24154638502759,-118.4643367339898,34.2888592159499,https://maxar-opendata.s3.amazonaws.com/events/WildFires-LosAngeles-Jan-2025/ard/11/031311102102/2024-12-14/104001009F982A00-visual.tif,https://maxar-opendata.s3.amazonaws.com/events/WildFires-LosAngeles-Jan-2025/ard/11/031311102102/2024-12-14/104001009F982A00-ms.tif,https://maxar-opendata.s3.amazonaws.com/events/WildFires-LosAngeles-Jan-2025/ard/11/031311102102/2024-12-14/104001009F982A00-pan.tif,2024-12-14,pre
https://maxar-opendata.s3.amazonaws.com/events/WildFires-LosAngeles-Jan-2025/ard/11/031311102102/2024-12-14/103001010A705C00.json,103001010A705C00,2024-12-14 18:53:50+00:00,031311102102,0.59,28.1,31.1,0,32611,WV02,-118.5227947906686,34.24026154010488,-118.4642610578726,34.2888592159499,https://maxar-opendata.s3.amazonaws.com/events/WildFires-LosAngeles-Jan-2025/ard/11/031311102102/2024-12-14/103001010A705C00-visual.tif,https://maxar-opendata.s3.amazonaws.com/events/WildFires-LosAngeles-Jan-2025/ard/11/031311102102/2024-12-14/103001010A705C00-ms.tif,https://maxar-opendata.s3.amazonaws.com/events/WildFires-LosAngeles-Jan-2025/ard/11/031311102102/2024-12-14/103001010A705C00-pan.tif,2024-12-14,pre
https://maxar-opendata.s3.amazonaws.com/events/WildFires-LosAngeles-Jan-2025/ard/11/031311102102/2025-01-09/10400100A20D9300.json,10400100A20D9300,2025-01-09 18:56:47+00:00,031311102102,0.39,28.3,31.9,0,32611,WV03,-118.5227947906686,34.24026154010488,-118.4642610578726,34.2888592159499,https://maxar-opendata.s3.amazonaws.com/events/WildFires-LosAngeles-Jan-2025/ard/11/031311102102/2025-01-09/10400100A20D9300-visual.tif,https://maxar-opendata.s3.amazonaws.com/events/WildFires-LosAngeles-Jan-2025/ard/11/031311102102/2025-01-09/10400100A20D9300-ms.tif,https://maxar-opendata.s3.amazonaws.com/events/WildFires-LosAngeles-Jan-2025/ard/11/031311102102/2025-01-09/10400100A20D9300-pan.tif,2025-01-09,post
https://maxar-opendata.s3.amazonaws.com/events/WildFires-LosAngeles-Jan-2025/ard/11/031311102102/2025-01-13/103001010B9A1B00.json,103001010B9A1B00,2025-01-13 19:06:53+00:00,031311102102,0.77,39.6,33.0,0,32611,WV02,-118.5227947906686,34.24026154010488,-118.48767672244209,34.288575247781665,https://maxar-opendata.s3.amazonaws.com/events/WildFires-LosAngeles-Jan-2025/ard/11/031311102102/2025-01-13/103001010B9A1B00-visual.tif,https://maxar-opendata.s3.amazonaws.com/events/WildFires-LosAngeles-Jan-2025/ard/11/031311102102/2025-01-13/103001010B9A1B00-ms.tif,https://maxar-opendata.s3.amazonaws.com/events/WildFires-LosAngeles-Jan-2025/ard/11/031311102102/2025-01-13/103001010B9A1B00-pan.tif,2025-01-13,post
https://maxar-opendata.s3.amazonaws.com/events/WildFires-LosAngeles-Jan-2025/ard/11/031311102102/2025-01-14/10400100A0BAD600.json,10400100A0BAD600,2025-01-14 18:37:33+00:00,031311102102,0.33,16.8,31.1,0,32611,WV03,-118.5227947906686,34.24026154010488,-118.4642610578726,34.2888592159499,https://maxar-opendata.s3.amazonaws.com/events/WildFires-LosAngeles-Jan-2025/ard/11/031311102102/2025-01-14/10400100A0BAD600-visual.tif,https://maxar-opendata.s3.amazonaws.com/events/WildFires-LosAngeles-Jan-2025/ard/11/031311102102/2025-01-14/10400100A0BAD600-ms.tif,https://maxar-opendata.s3.amazonaws.com/events/WildFires-LosAngeles-Jan-2025/ard/11/031311102102/2025-01-14/10400100A0BAD600-pan.tif,2025-01-14,post
https://maxar-opendata.s3.amazonaws.com/events/WildFires-LosAngeles-Jan-2025/ard/11/031311102102/2025-01-14/10400100A1AFE700.json,10400100A1AFE700,2025-01-14 18:37:51+00:00,031311102102,0.37,24.9,31.1,0,32611,WV03,-118.5227947906686,34.24026154010488,-118.46818424381644,34.28882218975784,https://maxar-opendata.s3.amazonaws.com/events/WildFires-LosAngeles-Jan-2025/ard/11/031311102102/2025-01-14/10400100A1AFE700-visual.tif,https://maxar-opendata.s3.amazonaws.com/events/WildFires-LosAngeles-Jan-2025/ard/11/031311102102/2025-01-14/10400100A1AFE700-ms.tif,https://maxar-opendata.s3.amazonaws.com/events/WildFires-LosAngeles-Jan-2025/ard/11/031311102102/2025-01-14/10400100A1AFE700-pan.tif,2025-01-14,post
https://maxar-opendata.s3.amazonaws.com/events/WildFires-LosAngeles-Jan-2025/ard/11/031311102102/2025-01-15/10400100A14A8300.json,10400100A14A8300,2025-01-15 18:52:59+00:00,031311102102,0.37,26.2,32.4,0,32611,WV03,-118.5227947906686,34.27358487819963,-118.46491060089762,34.2888592159499,https://maxar-opendata.s3.amazonaws.com/events/WildFires-LosAngeles-Jan-2025/ard/11/031311102102/2025-01-15/10400100A14A8300-visual.tif,https://maxar-opendata.s3.amazonaws.com/events/WildFires-LosAngeles-Jan-2025/ard/11/031311102102/2025-01-15/10400100A14A8300-ms.tif,https://maxar-opendata.s3.amazonaws.com/events/WildFires-LosAngeles-Jan-2025/ard/11/031311102102/2025-01-15/10400100A14A8300-pan.tif,2025-01-15,post
https://maxar-opendata.s3.amazonaws.com/events/WildFires-LosAngeles-Jan-2025/ard/11/031311102102/2025-01-16/103001010C12B000.json,103001010C12B000,2025-01-16 18:58:00+00:00,031311102102,0.61,29.7,33.0,0,32611,WV02,-118.5227947906686,34.24026154010488,-118.4642610578726,34.2888592159499,https://maxar-opendata.s3.amazonaws.com/events/WildFires-LosAngeles-Jan-2025/ard/11/031311102102/2025-01-16/103001010C12B000-visual.tif,https://maxar-opendata.s3.amazonaws.com/events/WildFires-LosAngeles-Jan-2025/ard/11/031311102102/2025-01-16/103001010C12B000-ms.tif,https://maxar-opendata.s3.amazonaws.com/events/WildFires-LosAngeles-Jan-2025/ard/11/031311102102/2025-01-16/103001010C12B000-pan.tif,2025-01-16,post
https://maxar-opendata.s3.amazonaws.com/events/WildFires-LosAngeles-Jan-2025/ard/11/031311102103/2024-12-14/104001009F982A00.json,104001009F982A00,2024-12-14 18:39:06+00:00,031311102103,0.36,22.5,30.3,0,32611,WV03,-118.46848589118959,34.24511920155511,-118.41024355611485,34.28949670043741,https://maxar-opendata.s3.amazonaws.com/events/WildFires-LosAngeles-Jan-2025/ard/11/031311102103/2024-12-14/104001009F982A00-visual.tif,https://maxar-opendata.s3.amazonaws.com/events/WildFires-LosAngeles-Jan-2025/ard/11/031311102103/2024-12-14/104001009F982A00-ms.tif,https://maxar-opendata.s3.amazonaws.com/events/WildFires-LosAngeles-Jan-2025/ard/11/031311102103/2024-12-14/104001009F982A00-pan.tif,2024-12-14,pre
https://maxar-opendata.s3.amazonaws.com/events/WildFires-LosAngeles-Jan-2025/ard/11/031311102103/2025-01-09/10400100A20D9300.json,10400100A20D9300,2025-01-09 18:56:47+00:00,031311102103,0.39,28.7,31.9,0,32611,WV03,-118.46848589118959,34.24092340626954,-118.41024363573372,34.28949670043741,https://maxar-opendata.s3.amazonaws.com/events/WildFires-LosAngeles-Jan-2025/ard/11/031311102103/2025-01-09/10400100A20D9300-visual.tif,https://maxar-opendata.s3.amazonaws.com/events/WildFires-LosAngeles-Jan-2025/ard/11/031311102103/2025-01-09/10400100A20D9300-ms.tif,https://maxar-opendata.s3.amazonaws.com/events/WildFires-LosAngeles-Jan-2025/ard/11/031311102103/2025-01-09/10400100A20D9300-pan.tif,2025-01-09,post
https://maxar-opendata.s3.amazonaws.com/events/WildFires-LosAngeles-Jan-2025/ard/11/031311102103/2025-01-14/10400100A0BAD600.json,10400100A0BAD600,2025-01-14 18:37:33+00:00,031311102103,0.33,16.6,31.1,0,32611,WV03,-118.46848589118959,34.24092340626954,-118.41024363573372,34.28949670043741,https://maxar-opendata.s3.amazonaws.com/events/WildFires-LosAngeles-Jan-2025/ard/11/031311102103/2025-01-14/10400100A0BAD600-visual.tif,https://maxar-opendata.s3.amazonaws.com/events/WildFires-LosAngeles-Jan-2025/ard/11/031311102103/2025-01-14/10400100A0BAD600-ms.tif,https://maxar-opendata.s3.amazonaws.com/events/WildFires-LosAngeles-Jan-2025/ard/11/031311102103/2025-01-14/10400100A0BAD600-pan.tif,2025-01-14,post
https://maxar-opendata.s3.amazonaws.com/events/WildFires-LosAngeles-Jan-2025/ard/11/031311102103/2025-01-16/103001010C12B000.json,103001010C12B000,2025-01-16 18:58:00+00:00,031311102103,0.61,30.0,33.0,0,32611,WV02,-118.46848589118959,34.24092340626954,-118.41024363573372,34.28949670043741,https://maxar-opendata.s3.amazonaws.com/events/WildFires-LosAngeles-Jan-2025/ard/11/031311102103/2025-01-16/103001010C12B000-visual.tif,https://maxar-opendata.s3.amazonaws.com/events/WildFires-LosAngeles-Jan-2025/ard/11/031311102103/2025-01-16/103001010C12B000-ms.tif,https://maxar-opendata.s3.amazonaws.com/events/WildFires-LosAngeles-Jan-2025/ard/11/031311102103/2025-01-16/103001010C12B000-pan.tif,2025-01-16,post
https://maxar-opendata.s3.amazonaws.com/events/WildFires-LosAngeles-Jan-2025/ard/11/031311102110/2024-12-21/10400100A0BD9A00.json,10400100A0BD9A00,2024-12-21 18:52:32+00:00,031311102110,0.38,27.1,30.7,0,32611,WV03,-118.41493145611925,34.286640143560795,-118.40450138122287,34.334654163414264,https://maxar-opendata.s3.amazonaws.com/events/WildFires-LosAngeles-Jan-2025/ard/11/031311102110/2024-12-21/10400100A0BD9A00-visual.tif,https://maxar-opendata.s3.amazonaws.com/events/WildFires-LosAngeles-Jan-2025/ard/11/031311102110/2024-12-21/10400100A0BD9A00-ms.tif,https://maxar-opendata.s3.amazonaws.com/events/WildFires-LosAngeles-Jan-2025/ard/11/031311102110/2024-12-21/10400100A0BD9A00-pan.tif,2024-12-21,pre
https://maxar-opendata.s3.amazonaws.com/events/WildFires-LosAngeles-Jan-2025/ard/11/031311102110/2025-01-14/10400100A0BAD600.json,10400100A0BAD600,2025-01-14 18:37:33+00:00,031311102110,0.33,16.5,31.1,0,32611,WV03,-118.41493145611925,34.286640143560795,-118.40450133257778,34.334654818493725,https://maxar-opendata.s3.amazonaws.com/events/WildFires-LosAngeles-Jan-2025/ard/11/031311102110/2025-01-14/10400100A0BAD600-visual.tif,https://maxar-opendata.s3.amazonaws.com/events/WildFires-LosAngeles-Jan-2025/ard/11/031311102110/2025-01-14/10400100A0BAD600-ms.tif,https://maxar-opendata.s3.amazonaws.com/events/WildFires-LosAngeles-Jan-2025/ard/11/031311102110/2025-01-14/10400100A0BAD600-pan.tif,2025-01-14,post
https://maxar-opendata.s3.amazonaws.com/events/WildFires-LosAngeles-Jan-2025/ard/11/031311102110/2025-01-15/10400100A14A8300.json,10400100A14A8300,2025-01-15 18:53:00+00:00,031311102110,0.38,27.0,32.4,0,32611,WV03,-118.41493145611925,34.286640143560795,-118.40450138122287,34.334654163414264,https://maxar-opendata.s3.amazonaws.com/events/WildFires-LosAngeles-Jan-2025/ard/11/031311102110/2025-01-15/10400100A14A8300-visual.tif,https://maxar-opendata.s3.amazonaws.com/events/WildFires-LosAngeles-Jan-2025/ard/11/031311102110/2025-01-15/10400100A14A8300-ms.tif,https://maxar-opendata.s3.amazonaws.com/events/WildFires-LosAngeles-Jan-2025/ard/11/031311102110/2025-01-15/10400100A14A8300-pan.tif,2025-01-15,post
https://maxar-opendata.s3.amazonaws.com/events/WildFires-LosAngeles-Jan-2025/ard/11/031311102110/2025-01-16/103001010C12B000.json,103001010C12B000,2025-01-16 18:58:00+00:00,031311102110,0.61,30.1,33.0,0,32611,WV02,-118.41493145611925,34.286640143560795,-118.40450124608303,34.33465598327582,https://maxar-opendata.s3.amazonaws.com/events/WildFires-LosAngeles-Jan-2025/ard/11/031311102110/2025-01-16/103001010C12B000-visual.tif,https://maxar-opendata.s3.amazonaws.com/events/WildFires-LosAngeles-Jan-2025/ard/11/031311102110/2025-01-16/103001010C12B000-ms.tif,https://maxar-opendata.s3.amazonaws.com/events/WildFires-LosAngeles-Jan-2025/ard/11/031311102110/2025-01-16/103001010C12B000-pan.tif,2025-01-16,post
https://maxar-opendata.s3.amazonaws.com/events/WildFires-LosAngeles-Jan-2025/ard/11/031311102110/2025-01-19/103001010C955800.json,103001010C955800,2025-01-19 18:49:26+00:00,031311102110,0.55,24.1,32.8,0,32611,WV02,-118.41493145611925,34.286640143560795,-118.40450138122287,34.334654163414264,https://maxar-opendata.s3.amazonaws.com/events/WildFires-LosAngeles-Jan-2025/ard/11/031311102110/2025-01-19/103001010C955800-visual.tif,https://maxar-opendata.s3.amazonaws.com/events/WildFires-LosAngeles-Jan-2025/ard/11/031311102110/2025-01-19/103001010C955800-ms.tif,https://maxar-opendata.s3.amazonaws.com/events/WildFires-LosAngeles-Jan-2025/ard/11/031311102110/2025-01-19/103001010C955800-pan.tif,2025-01-19,post
https://maxar-opendata.s3.amazonaws.com/events/WildFires-LosAngeles-Jan-2025/ard/11/031311102112/2025-01-14/10400100A0BAD600.json,10400100A0BAD600,2025-01-14 18:37:33+00:00,031311102112,0.33,16.5,31.1,0,32611,WV03,-118.4141752490153,34.2415612543752,-118.40785226189871,34.28952950367424,https://maxar-opendata.s3.amazonaws.com/events/WildFires-LosAngeles-Jan-2025/ard/11/031311102112/2025-01-14/10400100A0BAD600-visual.tif,https://maxar-opendata.s3.amazonaws.com/events/WildFires-LosAngeles-Jan-2025/ard/11/031311102112/2025-01-14/10400100A0BAD600-ms.tif,https://maxar-opendata.s3.amazonaws.com/events/WildFires-LosAngeles-Jan-2025/ard/11/031311102112/2025-01-14/10400100A0BAD600-pan.tif,2025-01-14,post
https://maxar-opendata.s3.amazonaws.com/events/WildFires-LosAngeles-Jan-2025/ard/11/031311102112/2025-01-16/103001010C12B000.json,103001010C12B000,2025-01-16 18:58:00+00:00,031311102112,0.61,30.1,33.0,0,32611,WV02,-118.4141752490153,34.2415612543752,-118.40785246522452,34.28952676558571,https://maxar-opendata.s3.amazonaws.com/events/WildFires-LosAngeles-Jan-2025/ard/11/031311102112/2025-01-16/103001010C12B000-visual.tif,https://maxar-opendata.s3.amazonaws.com/events/WildFires-LosAngeles-Jan-2025/ard/11/031311102112/2025-01-16/103001010C12B000-ms.tif,https://maxar-opendata.s3.amazonaws.com/events/WildFires-LosAngeles-Jan-2025/ard/11/031311102112/2025-01-16/103001010C12B000-pan.tif,2025-01-16,post
https://maxar-opendata.s3.amazonaws.com/events/WildFires-LosAngeles-Jan-2025/ard/11/031311102120/2024-12-14/103001010A705C00.json,103001010A705C00,2024-12-14 18:53:51+00:00,031311102120,0.59,28.1,31.1,0,32611,WV02,-118.5219823608871,34.198472285960136,-118.46364201282341,34.24378135341177,https://maxar-opendata.s3.amazonaws.com/events/WildFires-LosAngeles-Jan-2025/ard/11/031311102120/2024-12-14/103001010A705C00-visual.tif,https://maxar-opendata.s3.amazonaws.com/events/WildFires-LosAngeles-Jan-2025/ard/11/031311102120/2024-12-14/103001010A705C00-ms.tif,https://maxar-opendata.s3.amazonaws.com/events/WildFires-LosAngeles-Jan-2025/ard/11/031311102120/2024-12-14/103001010A705C00-pan.tif,2024-12-14,pre
https://maxar-opendata.s3.amazonaws.com/events/WildFires-LosAngeles-Jan-2025/ard/11/031311102120/2025-01-09/10400100A20D9300.json,10400100A20D9300,2025-01-09 18:56:46+00:00,031311102120,0.39,28.2,31.9,0,32611,WV03,-118.5219823608871,34.1951844887466,-118.46348122939429,34.24378135341177,https://maxar-opendata.s3.amazonaws.com/events/WildFires-LosAngeles-Jan-2025/ard/11/031311102120/2025-01-09/10400100A20D9300-visual.tif,https://maxar-opendata.s3.amazonaws.com/events/WildFires-LosAngeles-Jan-2025/ard/11/031311102120/2025-01-09/10400100A20D9300-ms.tif,https://maxar-opendata.s3.amazonaws.com/events/WildFires-LosAngeles-Jan-2025/ard/11/031311102120/2025-01-09/10400100A20D9300-pan.tif,2025-01-09,post
https://maxar-opendata.s3.amazonaws.com/events/WildFires-LosAngeles-Jan-2025/ard/11/031311102120/2025-01-13/103001010B9A1B00.json,103001010B9A1B00,2025-01-13 19:06:54+00:00,031311102120,0.77,39.6,33.0,0,32611,WV02,-118.5219823608871,34.1951844887466,-118.48724865836486,34.243499229363415,https://maxar-opendata.s3.amazonaws.com/events/WildFires-LosAngeles-Jan-2025/ard/11/031311102120/2025-01-13/103001010B9A1B00-visual.tif,https://maxar-opendata.s3.amazonaws.com/events/WildFires-LosAngeles-Jan-2025/ard/11/031311102120/2025-01-13/103001010B9A1B00-ms.tif,https://maxar-opendata.s3.amazonaws.com/events/WildFires-LosAngeles-Jan-2025/ard/11/031311102120/2025-01-13/103001010B9A1B00-pan.tif,2025-01-13,post
https://maxar-opendata.s3.amazonaws.com/events/WildFires-LosAngeles-Jan-2025/ard/11/031311102120/2025-01-14/10400100A0BAD600.json,10400100A0BAD600,2025-01-14 18:37:34+00:00,031311102120,0.33,16.8,31.2,0,32611,WV03,-118.5219823608871,34.1951844887466,-118.46348122939429,34.24378135341177,https://maxar-opendata.s3.amazonaws.com/events/WildFires-LosAngeles-Jan-2025/ard/11/031311102120/2025-01-14/10400100A0BAD600-visual.tif,https://maxar-opendata.s3.amazonaws.com/events/WildFires-LosAngeles-Jan-2025/ard/11/031311102120/2025-01-14/10400100A0BAD600-ms.tif,https://maxar-opendata.s3.amazonaws.com/events/WildFires-LosAngeles-Jan-2025/ard/11/031311102120/2025-01-14/10400100A0BAD600-pan.tif,2025-01-14,post
https://maxar-opendata.s3.amazonaws.com/events/WildFires-LosAngeles-Jan-2025/ard/11/031311102120/2025-01-14/10400100A1AFE700.json,10400100A1AFE700,2025-01-14 18:37:51+00:00,031311102120,0.36,24.2,31.2,0,32611,WV03,-118.5219823608871,34.1951844887466,-118.46877914737792,34.24372788302887,https://maxar-opendata.s3.amazonaws.com/events/WildFires-LosAngeles-Jan-2025/ard/11/031311102120/2025-01-14/10400100A1AFE700-visual.tif,https://maxar-opendata.s3.amazonaws.com/events/WildFires-LosAngeles-Jan-2025/ard/11/031311102120/2025-01-14/10400100A1AFE700-ms.tif,https://maxar-opendata.s3.amazonaws.com/events/WildFires-LosAngeles-Jan-2025/ard/11/031311102120/2025-01-14/10400100A1AFE700-pan.tif,2025-01-14,post
https://maxar-opendata.s3.amazonaws.com/events/WildFires-LosAngeles-Jan-2025/ard/11/031311102120/2025-01-16/103001010C12B000.json,103001010C12B000,2025-01-16 18:58:00+00:00,031311102120,0.61,29.7,33.0,0,32611,WV02,-118.5219823608871,34.1951844887466,-118.46348122939429,34.24378135341177,https://maxar-opendata.s3.amazonaws.com/events/WildFires-LosAngeles-Jan-2025/ard/11/031311102120/2025-01-16/103001010C12B000-visual.tif,https://maxar-opendata.s3.amazonaws.com/events/WildFires-LosAngeles-Jan-2025/ard/11/031311102120/2025-01-16/103001010C12B000-ms.tif,https://maxar-opendata.s3.amazonaws.com/events/WildFires-LosAngeles-Jan-2025/ard/11/031311102120/2025-01-16/103001010C12B000-pan.tif,2025-01-16,post
https://maxar-opendata.s3.amazonaws.com/events/WildFires-LosAngeles-Jan-2025/ard/11/031311102120/2025-01-18/10500100404AD000.json,10500100404AD000,2025-01-18 18:26:48+00:00,031311102120,0.5,26.9,30.9,0,32611,GE01,-118.5216880630309,34.1951844887466,-118.46348122939429,34.22688807072266,https://maxar-opendata.s3.amazonaws.com/events/WildFires-LosAngeles-Jan-2025/ard/11/031311102120/2025-01-18/10500100404AD000-visual.tif,https://maxar-opendata.s3.amazonaws.com/events/WildFires-LosAngeles-Jan-2025/ard/11/031311102120/2025-01-18/10500100404AD000-ms.tif,https://maxar-opendata.s3.amazonaws.com/events/WildFires-LosAngeles-Jan-2025/ard/11/031311102120/2025-01-18/10500100404AD000-pan.tif,2025-01-18,post
https://maxar-opendata.s3.amazonaws.com/events/WildFires-LosAngeles-Jan-2025/ard/11/031311102121/2025-01-09/10400100A20D9300.json,10400100A20D9300,2025-01-09 18:56:46+00:00,031311102121,0.39,28.6,31.9,0,32611,WV03,-118.46770241004421,34.19584524251594,-118.41120320723573,34.244403973173924,https://maxar-opendata.s3.amazonaws.com/events/WildFires-LosAngeles-Jan-2025/ard/11/031311102121/2025-01-09/10400100A20D9300-visual.tif,https://maxar-opendata.s3.amazonaws.com/events/WildFires-LosAngeles-Jan-2025/ard/11/031311102121/2025-01-09/10400100A20D9300-ms.tif,https://maxar-opendata.s3.amazonaws.com/events/WildFires-LosAngeles-Jan-2025/ard/11/031311102121/2025-01-09/10400100A20D9300-pan.tif,2025-01-09,post
https://maxar-opendata.s3.amazonaws.com/events/WildFires-LosAngeles-Jan-2025/ard/11/031311102121/2025-01-14/10400100A0BAD600.json,10400100A0BAD600,2025-01-14 18:37:34+00:00,031311102121,0.33,16.6,31.2,0,32611,WV03,-118.46770241004421,34.19584524251594,-118.41120320723573,34.244403973173924,https://maxar-opendata.s3.amazonaws.com/events/WildFires-LosAngeles-Jan-2025/ard/11/031311102121/2025-01-14/10400100A0BAD600-visual.tif,https://maxar-opendata.s3.amazonaws.com/events/WildFires-LosAngeles-Jan-2025/ard/11/031311102121/2025-01-14/10400100A0BAD600-ms.tif,https://maxar-opendata.s3.amazonaws.com/events/WildFires-LosAngeles-Jan-2025/ard/11/031311102121/2025-01-14/10400100A0BAD600-pan.tif,2025-01-14,post
https://maxar-opendata.s3.amazonaws.com/events/WildFires-LosAngeles-Jan-2025/ard/11/031311102121/2025-01-15/10400100A194FA00.json,10400100A194FA00,2025-01-15 18:51:56+00:00,031311102121,0.39,28.2,32.5,0,32611,WV03,-118.43004999931264,34.19628093173779,-118.41205383942903,34.235214527003826,https://maxar-opendata.s3.amazonaws.com/events/WildFires-LosAngeles-Jan-2025/ard/11/031311102121/2025-01-15/10400100A194FA00-visual.tif,https://maxar-opendata.s3.amazonaws.com/events/WildFires-LosAngeles-Jan-2025/ard/11/031311102121/2025-01-15/10400100A194FA00-ms.tif,https://maxar-opendata.s3.amazonaws.com/events/WildFires-LosAngeles-Jan-2025/ard/11/031311102121/2025-01-15/10400100A194FA00-pan.tif,2025-01-15,post
https://maxar-opendata.s3.amazonaws.com/events/WildFires-LosAngeles-Jan-2025/ard/11/031311102121/2025-01-16/103001010C12B000.json,103001010C12B000,2025-01-16 18:58:00+00:00,031311102121,0.61,30.0,33.0,0,32611,WV02,-118.46770241004421,34.19584524251594,-118.41120320723573,34.244403973173924,https://maxar-opendata.s3.amazonaws.com/events/WildFires-LosAngeles-Jan-2025/ard/11/031311102121/2025-01-16/103001010C12B000-visual.tif,https://maxar-opendata.s3.amazonaws.com/events/WildFires-LosAngeles-Jan-2025/ard/11/031311102121/2025-01-16/103001010C12B000-ms.tif,https://maxar-opendata.s3.amazonaws.com/events/WildFires-LosAngeles-Jan-2025/ard/11/031311102121/2025-01-16/103001010C12B000-pan.tif,2025-01-16,post
https://maxar-opendata.s3.amazonaws.com/events/WildFires-LosAngeles-Jan-2025/ard/11/031311102121/2025-01-18/10500100404AD000.json,10500100404AD000,2025-01-18 18:26:47+00:00,031311102121,0.5,26.8,30.9,0,32611,GE01,-118.46740976904539,34.19584524251594,-118.41249146205304,34.2270556800197,https://maxar-opendata.s3.amazonaws.com/events/WildFires-LosAngeles-Jan-2025/ard/11/031311102121/2025-01-18/10500100404AD000-visual.tif,https://maxar-opendata.s3.amazonaws.com/events/WildFires-LosAngeles-Jan-2025/ard/11/031311102121/2025-01-18/10500100404AD000-ms.tif,https://maxar-opendata.s3.amazonaws.com/events/WildFires-LosAngeles-Jan-2025/ard/11/031311102121/2025-01-18/10500100404AD000-pan.tif,2025-01-18,post
https://maxar-opendata.s3.amazonaws.com/events/WildFires-LosAngeles-Jan-2025/ard/11/031311102122/2025-01-09/10400100A20D9300.json,10400100A20D9300,2025-01-09 18:56:46+00:00,031311102122,0.39,28.1,32.0,0,32611,WV03,-118.52117173426998,34.15010708873862,-118.46270313190415,34.19870314319493,https://maxar-opendata.s3.amazonaws.com/events/WildFires-LosAngeles-Jan-2025/ard/11/031311102122/2025-01-09/10400100A20D9300-visual.tif,https://maxar-opendata.s3.amazonaws.com/events/WildFires-LosAngeles-Jan-2025/ard/11/031311102122/2025-01-09/10400100A20D9300-ms.tif,https://maxar-opendata.s3.amazonaws.com/events/WildFires-LosAngeles-Jan-2025/ard/11/031311102122/2025-01-09/10400100A20D9300-pan.tif,2025-01-09,post
https://maxar-opendata.s3.amazonaws.com/events/WildFires-LosAngeles-Jan-2025/ard/11/031311102122/2025-01-13/103001010B9A1B00.json,103001010B9A1B00,2025-01-13 19:06:54+00:00,031311102122,0.77,39.6,33.0,0,32611,WV02,-118.52117173426998,34.15010708873862,-118.48706959165597,34.198417558956166,https://maxar-opendata.s3.amazonaws.com/events/WildFires-LosAngeles-Jan-2025/ard/11/031311102122/2025-01-13/103001010B9A1B00-visual.tif,https://maxar-opendata.s3.amazonaws.com/events/WildFires-LosAngeles-Jan-2025/ard/11/031311102122/2025-01-13/103001010B9A1B00-ms.tif,https://maxar-opendata.s3.amazonaws.com/events/WildFires-LosAngeles-Jan-2025/ard/11/031311102122/2025-01-13/103001010B9A1B00-pan.tif,2025-01-13,post
https://maxar-opendata.s3.amazonaws.com/events/WildFires-LosAngeles-Jan-2025/ard/11/031311102122/2025-01-14/103001010C7D2D00.json,103001010C7D2D00,2025-01-14 18:30:58+00:00,031311102122,0.58,27.6,30.7,0,32611,WV02,-118.52066916520214,34.15010708873862,-118.46270313190415,34.170004577802615,https://maxar-opendata.s3.amazonaws.com/events/WildFires-LosAngeles-Jan-2025/ard/11/031311102122/2025-01-14/103001010C7D2D00-visual.tif,https://maxar-opendata.s3.amazonaws.com/events/WildFires-LosAngeles-Jan-2025/ard/11/031311102122/2025-01-14/103001010C7D2D00-ms.tif,https://maxar-opendata.s3.amazonaws.com/events/WildFires-LosAngeles-Jan-2025/ard/11/031311102122/2025-01-14/103001010C7D2D00-pan.tif,2025-01-14,post
https://maxar-opendata.s3.amazonaws.com/events/WildFires-LosAngeles-Jan-2025/ard/11/031311102122/2025-01-14/10400100A06B8000.json,10400100A06B8000,2025-01-14 18:36:39+00:00,031311102122,0.36,23.5,31.2,0,32611,WV03,-118.52069779142158,34.15010708873862,-118.4764445385654,34.17545401793563,https://maxar-opendata.s3.amazonaws.com/events/WildFires-LosAngeles-Jan-2025/ard/11/031311102122/2025-01-14/10400100A06B8000-visual.tif,https://maxar-opendata.s3.amazonaws.com/events/WildFires-LosAngeles-Jan-2025/ard/11/031311102122/2025-01-14/10400100A06B8000-ms.tif,https://maxar-opendata.s3.amazonaws.com/events/WildFires-LosAngeles-Jan-2025/ard/11/031311102122/2025-01-14/10400100A06B8000-pan.tif,2025-01-14,post
https://maxar-opendata.s3.amazonaws.com/events/WildFires-LosAngeles-Jan-2025/ard/11/031311102122/2025-01-14/10400100A0BAD600.json,10400100A0BAD600,2025-01-14 18:37:35+00:00,031311102122,0.33,16.7,31.2,0,32611,WV03,-118.52117173426998,34.15010708873862,-118.46270313190415,34.19870314319493,https://maxar-opendata.s3.amazonaws.com/events/WildFires-LosAngeles-Jan-2025/ard/11/031311102122/2025-01-14/10400100A0BAD600-visual.tif,https://maxar-opendata.s3.amazonaws.com/events/WildFires-LosAngeles-Jan-2025/ard/11/031311102122/2025-01-14/10400100A0BAD600-ms.tif,https://maxar-opendata.s3.amazonaws.com/events/WildFires-LosAngeles-Jan-2025/ard/11/031311102122/2025-01-14/10400100A0BAD600-pan.tif,2025-01-14,post
https://maxar-opendata.s3.amazonaws.com/events/WildFires-LosAngeles-Jan-2025/ard/11/031311102122/2025-01-14/10400100A1AFE700.json,10400100A1AFE700,2025-01-14 18:37:50+00:00,031311102122,0.36,23.6,31.2,0,32611,WV03,-118.52117173426998,34.15010708873862,-118.4693114073838,34.19863402225222,https://maxar-opendata.s3.amazonaws.com/events/WildFires-LosAngeles-Jan-2025/ard/11/031311102122/2025-01-14/10400100A1AFE700-visual.tif,https://maxar-opendata.s3.amazonaws.com/events/WildFires-LosAngeles-Jan-2025/ard/11/031311102122/2025-01-14/10400100A1AFE700-ms.tif,https://maxar-opendata.s3.amazonaws.com/events/WildFires-LosAngeles-Jan-2025/ard/11/031311102122/2025-01-14/10400100A1AFE700-pan.tif,2025-01-14,post
https://maxar-opendata.s3.amazonaws.com/events/WildFires-LosAngeles-Jan-2025/ard/11/031311102122/2025-01-16/103001010C12B000.json,103001010C12B000,2025-01-16 18:58:01+00:00,031311102122,0.6,29.7,33.0,0,32611,WV02,-118.52117173426998,34.15010708873862,-118.46270313190415,34.19870314319493,https://maxar-opendata.s3.amazonaws.com/events/WildFires-LosAngeles-Jan-2025/ard/11/031311102122/2025-01-16/103001010C12B000-visual.tif,https://maxar-opendata.s3.amazonaws.com/events/WildFires-LosAngeles-Jan-2025/ard/11/031311102122/2025-01-16/103001010C12B000-ms.tif,https://maxar-opendata.s3.amazonaws.com/events/WildFires-LosAngeles-Jan-2025/ard/11/031311102122/2025-01-16/103001010C12B000-pan.tif,2025-01-16,post
https://maxar-opendata.s3.amazonaws.com/events/WildFires-LosAngeles-Jan-2025/ard/11/031311102122/2025-01-18/10500100404AD000.json,10500100404AD000,2025-01-18 18:26:48+00:00,031311102122,0.5,27.0,30.9,0,32611,GE01,-118.52117173426998,34.15010708873862,-118.46270313190415,34.19870314319493,https://maxar-opendata.s3.amazonaws.com/events/WildFires-LosAngeles-Jan-2025/ard/11/031311102122/2025-01-18/10500100404AD000-visual.tif,https://maxar-opendata.s3.amazonaws.com/events/WildFires-LosAngeles-Jan-2025/ard/11/031311102122/2025-01-18/10500100404AD000-ms.tif,https://maxar-opendata.s3.amazonaws.com/events/WildFires-LosAngeles-Jan-2025/ard/11/031311102122/2025-01-18/10500100404AD000-pan.tif,2025-01-18,post
https://maxar-opendata.s3.amazonaws.com/events/WildFires-LosAngeles-Jan-2025/ard/11/031311102122/2025-01-19/103001010C675C00.json,103001010C675C00,2025-01-19 18:49:06+00:00,031311102122,0.5,16.5,33.0,0,32611,WV02,-118.50674822282139,34.15027529962642,-118.46270313190415,34.19870314319493,https://maxar-opendata.s3.amazonaws.com/events/WildFires-LosAngeles-Jan-2025/ard/11/031311102122/2025-01-19/103001010C675C00-visual.tif,https://maxar-opendata.s3.amazonaws.com/events/WildFires-LosAngeles-Jan-2025/ard/11/031311102122/2025-01-19/103001010C675C00-ms.tif,https://maxar-opendata.s3.amazonaws.com/events/WildFires-LosAngeles-Jan-2025/ard/11/031311102122/2025-01-19/103001010C675C00-pan.tif,2025-01-19,post
https://maxar-opendata.s3.amazonaws.com/events/WildFires-LosAngeles-Jan-2025/ard/11/031311102123/2025-01-09/10400100A20D9300.json,10400100A20D9300,2025-01-09 18:56:46+00:00,031311102123,0.39,28.5,32.0,0,32611,WV03,-118.46692066785381,34.15076673127377,-118.41455428841574,34.199276613343,https://maxar-opendata.s3.amazonaws.com/events/WildFires-LosAngeles-Jan-2025/ard/11/031311102123/2025-01-09/10400100A20D9300-visual.tif,https://maxar-opendata.s3.amazonaws.com/events/WildFires-LosAngeles-Jan-2025/ard/11/031311102123/2025-01-09/10400100A20D9300-ms.tif,https://maxar-opendata.s3.amazonaws.com/events/WildFires-LosAngeles-Jan-2025/ard/11/031311102123/2025-01-09/10400100A20D9300-pan.tif,2025-01-09,post
https://maxar-opendata.s3.amazonaws.com/events/WildFires-LosAngeles-Jan-2025/ard/11/031311102123/2025-01-14/10400100A0BAD600.json,10400100A0BAD600,2025-01-14 18:37:35+00:00,031311102123,0.33,16.5,31.2,0,32611,WV03,-118.46692066785381,34.15076673127377,-118.41455428841574,34.199276613343,https://maxar-opendata.s3.amazonaws.com/events/WildFires-LosAngeles-Jan-2025/ard/11/031311102123/2025-01-14/10400100A0BAD600-visual.tif,https://maxar-opendata.s3.amazonaws.com/events/WildFires-LosAngeles-Jan-2025/ard/11/031311102123/2025-01-14/10400100A0BAD600-ms.tif,https://maxar-opendata.s3.amazonaws.com/events/WildFires-LosAngeles-Jan-2025/ard/11/031311102123/2025-01-14/10400100A0BAD600-pan.tif,2025-01-14,post
https://maxar-opendata.s3.amazonaws.com/events/WildFires-LosAngeles-Jan-2025/ard/11/031311102123/2025-01-15/10400100A194FA00.json,10400100A194FA00,2025-01-15 18:51:57+00:00,031311102123,0.39,28.3,32.5,0,32611,WV03,-118.42997636343532,34.151193130302204,-118.41455422933595,34.199277408941406,https://maxar-opendata.s3.amazonaws.com/events/WildFires-LosAngeles-Jan-2025/ard/11/031311102123/2025-01-15/10400100A194FA00-visual.tif,https://maxar-opendata.s3.amazonaws.com/events/WildFires-LosAngeles-Jan-2025/ard/11/031311102123/2025-01-15/10400100A194FA00-ms.tif,https://maxar-opendata.s3.amazonaws.com/events/WildFires-LosAngeles-Jan-2025/ard/11/031311102123/2025-01-15/10400100A194FA00-pan.tif,2025-01-15,post
https://maxar-opendata.s3.amazonaws.com/events/WildFires-LosAngeles-Jan-2025/ard/11/031311102123/2025-01-16/103001010C12B000.json,103001010C12B000,2025-01-16 18:58:01+00:00,031311102123,0.61,30.0,33.0,0,32611,WV02,-118.46692066785381,34.15076673127377,-118.41455428841574,34.199276613343,https://maxar-opendata.s3.amazonaws.com/events/WildFires-LosAngeles-Jan-2025/ard/11/031311102123/2025-01-16/103001010C12B000-visual.tif,https://maxar-opendata.s3.amazonaws.com/events/WildFires-LosAngeles-Jan-2025/ard/11/031311102123/2025-01-16/103001010C12B000-ms.tif,https://maxar-opendata.s3.amazonaws.com/events/WildFires-LosAngeles-Jan-2025/ard/11/031311102123/2025-01-16/103001010C12B000-pan.tif,2025-01-16,post
https://maxar-opendata.s3.amazonaws.com/events/WildFires-LosAngeles-Jan-2025/ard/11/031311102123/2025-01-18/10500100404AD000.json,10500100404AD000,2025-01-18 18:26:47+00:00,031311102123,0.5,27.0,30.9,0,32611,GE01,-118.46692066785381,34.15076673127377,-118.41455428841574,34.199276613343,https://maxar-opendata.s3.amazonaws.com/events/WildFires-LosAngeles-Jan-2025/ard/11/031311102123/2025-01-18/10500100404AD000-visual.tif,https://maxar-opendata.s3.amazonaws.com/events/WildFires-LosAngeles-Jan-2025/ard/11/031311102123/2025-01-18/10500100404AD000-ms.tif,https://maxar-opendata.s3.amazonaws.com/events/WildFires-LosAngeles-Jan-2025/ard/11/031311102123/2025-01-18/10500100404AD000-pan.tif,2025-01-18,post
https://maxar-opendata.s3.amazonaws.com/events/WildFires-LosAngeles-Jan-2025/ard/11/031311102123/2025-01-19/103001010C675C00.json,103001010C675C00,2025-01-19 18:49:06+00:00,031311102123,0.5,16.8,33.0,0,32611,WV02,-118.46692066785381,34.15076673127377,-118.41455428841574,34.199276613343,https://maxar-opendata.s3.amazonaws.com/events/WildFires-LosAngeles-Jan-2025/ard/11/031311102123/2025-01-19/103001010C675C00-visual.tif,https://maxar-opendata.s3.amazonaws.com/events/WildFires-LosAngeles-Jan-2025/ard/11/031311102123/2025-01-19/103001010C675C00-ms.tif,https://maxar-opendata.s3.amazonaws.com/events/WildFires-LosAngeles-Jan-2025/ard/11/031311102123/2025-01-19/103001010C675C00-pan.tif,2025-01-19,post
https://maxar-opendata.s3.amazonaws.com/events/WildFires-LosAngeles-Jan-2025/ard/11/031311102130/2025-01-14/10400100A0BAD600.json,10400100A0BAD600,2025-01-14 18:37:34+00:00,031311102130,0.33,16.4,31.2,0,32611,WV03,-118.41342072024854,34.220019760057255,-118.41120321222701,34.24440390595882,https://maxar-opendata.s3.amazonaws.com/events/WildFires-LosAngeles-Jan-2025/ard/11/031311102130/2025-01-14/10400100A0BAD600-visual.tif,https://maxar-opendata.s3.amazonaws.com/events/WildFires-LosAngeles-Jan-2025/ard/11/031311102130/2025-01-14/10400100A0BAD600-ms.tif,https://maxar-opendata.s3.amazonaws.com/events/WildFires-LosAngeles-Jan-2025/ard/11/031311102130/2025-01-14/10400100A0BAD600-pan.tif,2025-01-14,post
https://maxar-opendata.s3.amazonaws.com/events/WildFires-LosAngeles-Jan-2025/ard/11/031311102130/2025-01-16/103001010C12B000.json,103001010C12B000,2025-01-16 18:58:01+00:00,031311102130,0.61,30.1,33.0,0,32611,WV02,-118.41342072024854,34.220019760057255,-118.41120319628133,34.24440412069146,https://maxar-opendata.s3.amazonaws.com/events/WildFires-LosAngeles-Jan-2025/ard/11/031311102130/2025-01-16/103001010C12B000-visual.tif,https://maxar-opendata.s3.amazonaws.com/events/WildFires-LosAngeles-Jan-2025/ard/11/031311102130/2025-01-16/103001010C12B000-ms.tif,https://maxar-opendata.s3.amazonaws.com/events/WildFires-LosAngeles-Jan-2025/ard/11/031311102130/2025-01-16/103001010C12B000-pan.tif,2025-01-16,post
https://maxar-opendata.s3.amazonaws.com/events/WildFires-LosAngeles-Jan-2025/ard/11/031311102200/2025-01-16/105001004042BF00.json,105001004042BF00,2025-01-16 18:53:52+00:00,031311102200,0.48,24.5,32.8,0,32611,GE01,-118.73633146081063,34.10215629194803,-118.6786829996622,34.106059992219244,https://maxar-opendata.s3.amazonaws.com/events/WildFires-LosAngeles-Jan-2025/ard/11/031311102200/2025-01-16/105001004042BF00-visual.tif,https://maxar-opendata.s3.amazonaws.com/events/WildFires-LosAngeles-Jan-2025/ard/11/031311102200/2025-01-16/105001004042BF00-ms.tif,https://maxar-opendata.s3.amazonaws.com/events/WildFires-LosAngeles-Jan-2025/ard/11/031311102200/2025-01-16/105001004042BF00-pan.tif,2025-01-16,post
https://maxar-opendata.s3.amazonaws.com/events/WildFires-LosAngeles-Jan-2025/ard/11/031311102201/2024-12-21/10400100A17B5900.json,10400100A17B5900,2024-12-21 18:51:51+00:00,031311102201,0.35,19.7,30.8,0,32611,WV03,-118.64670756106594,34.103400202938225,-118.62449674877642,34.151578128343004,https://maxar-opendata.s3.amazonaws.com/events/WildFires-LosAngeles-Jan-2025/ard/11/031311102201/2024-12-21/10400100A17B5900-visual.tif,https://maxar-opendata.s3.amazonaws.com/events/WildFires-LosAngeles-Jan-2025/ard/11/031311102201/2024-12-21/10400100A17B5900-ms.tif,https://maxar-opendata.s3.amazonaws.com/events/WildFires-LosAngeles-Jan-2025/ard/11/031311102201/2024-12-21/10400100A17B5900-pan.tif,2024-12-21,pre
https://maxar-opendata.s3.amazonaws.com/events/WildFires-LosAngeles-Jan-2025/ard/11/031311102201/2025-01-09/10400100A069A700.json,10400100A069A700,2025-01-09 18:56:29+00:00,031311102201,0.38,26.5,31.9,0,32611,WV03,-118.64670756557803,34.10340027711158,-118.62449674877642,34.151578128343004,https://maxar-opendata.s3.amazonaws.com/events/WildFires-LosAngeles-Jan-2025/ard/11/031311102201/2025-01-09/10400100A069A700-visual.tif,https://maxar-opendata.s3.amazonaws.com/events/WildFires-LosAngeles-Jan-2025/ard/11/031311102201/2025-01-09/10400100A069A700-ms.tif,https://maxar-opendata.s3.amazonaws.com/events/WildFires-LosAngeles-Jan-2025/ard/11/031311102201/2025-01-09/10400100A069A700-pan.tif,2025-01-09,post
https://maxar-opendata.s3.amazonaws.com/events/WildFires-LosAngeles-Jan-2025/ard/11/031311102201/2025-01-13/103001010B9A1B00.json,103001010B9A1B00,2025-01-13 19:06:54+00:00,031311102201,0.76,39.1,33.1,0,32611,WV02,-118.64670756106594,34.103400202938225,-118.62449674877642,34.151578128343004,https://maxar-opendata.s3.amazonaws.com/events/WildFires-LosAngeles-Jan-2025/ard/11/031311102201/2025-01-13/103001010B9A1B00-visual.tif,https://maxar-opendata.s3.amazonaws.com/events/WildFires-LosAngeles-Jan-2025/ard/11/031311102201/2025-01-13/103001010B9A1B00-ms.tif,https://maxar-opendata.s3.amazonaws.com/events/WildFires-LosAngeles-Jan-2025/ard/11/031311102201/2025-01-13/103001010B9A1B00-pan.tif,2025-01-13,post
https://maxar-opendata.s3.amazonaws.com/events/WildFires-LosAngeles-Jan-2025/ard/11/031311102201/2025-01-14/103001010C7D2D00.json,103001010C7D2D00,2025-01-14 18:30:58+00:00,031311102201,0.58,27.7,30.7,0,32611,WV02,-118.64670759716897,34.103401844745136,-118.62449674877642,34.151578128343004,https://maxar-opendata.s3.amazonaws.com/events/WildFires-LosAngeles-Jan-2025/ard/11/031311102201/2025-01-14/103001010C7D2D00-visual.tif,https://maxar-opendata.s3.amazonaws.com/events/WildFires-LosAngeles-Jan-2025/ard/11/031311102201/2025-01-14/103001010C7D2D00-ms.tif,https://maxar-opendata.s3.amazonaws.com/events/WildFires-LosAngeles-Jan-2025/ard/11/031311102201/2025-01-14/103001010C7D2D00-pan.tif,2025-01-14,post
https://maxar-opendata.s3.amazonaws.com/events/WildFires-LosAngeles-Jan-2025/ard/11/031311102201/2025-01-14/10400100A06B8000.json,10400100A06B8000,2025-01-14 18:36:39+00:00,031311102201,0.36,24.1,31.2,0,32611,WV03,-118.64027153100805,34.10348060622922,-118.62449674877642,34.151578128343004,https://maxar-opendata.s3.amazonaws.com/events/WildFires-LosAngeles-Jan-2025/ard/11/031311102201/2025-01-14/10400100A06B8000-visual.tif,https://maxar-opendata.s3.amazonaws.com/events/WildFires-LosAngeles-Jan-2025/ard/11/031311102201/2025-01-14/10400100A06B8000-ms.tif,https://maxar-opendata.s3.amazonaws.com/events/WildFires-LosAngeles-Jan-2025/ard/11/031311102201/2025-01-14/10400100A06B8000-pan.tif,2025-01-14,post
https://maxar-opendata.s3.amazonaws.com/events/WildFires-LosAngeles-Jan-2025/ard/11/031311102201/2025-01-15/10400100A0B73800.json,10400100A0B73800,2025-01-15 18:52:41+00:00,031311102201,0.34,20.2,32.6,0,32611,WV03,-118.64292245790054,34.10345059908447,-118.62449674877642,34.151578128343004,https://maxar-opendata.s3.amazonaws.com/events/WildFires-LosAngeles-Jan-2025/ard/11/031311102201/2025-01-15/10400100A0B73800-visual.tif,https://maxar-opendata.s3.amazonaws.com/events/WildFires-LosAngeles-Jan-2025/ard/11/031311102201/2025-01-15/10400100A0B73800-ms.tif,https://maxar-opendata.s3.amazonaws.com/events/WildFires-LosAngeles-Jan-2025/ard/11/031311102201/2025-01-15/10400100A0B73800-pan.tif,2025-01-15,post
https://maxar-opendata.s3.amazonaws.com/events/WildFires-LosAngeles-Jan-2025/ard/11/031311102201/2025-01-16/105001004042BF00.json,105001004042BF00,2025-01-16 18:53:51+00:00,031311102201,0.48,24.7,32.8,0,32611,GE01,-118.68213176569276,34.1029103863155,-118.62449674877642,34.10619409541801,https://maxar-opendata.s3.amazonaws.com/events/WildFires-LosAngeles-Jan-2025/ard/11/031311102201/2025-01-16/105001004042BF00-visual.tif,https://maxar-opendata.s3.amazonaws.com/events/WildFires-LosAngeles-Jan-2025/ard/11/031311102201/2025-01-16/105001004042BF00-ms.tif,https://maxar-opendata.s3.amazonaws.com/events/WildFires-LosAngeles-Jan-2025/ard/11/031311102201/2025-01-16/105001004042BF00-pan.tif,2025-01-16,post
https://maxar-opendata.s3.amazonaws.com/events/WildFires-LosAngeles-Jan-2025/ard/11/031311102201/2025-01-16/103001010C12B000.json,103001010C12B000,2025-01-16 18:58:01+00:00,031311102201,0.6,29.1,33.0,0,32611,WV02,-118.64611711378137,34.10341191388177,-118.62449674877642,34.151578128343004,https://maxar-opendata.s3.amazonaws.com/events/WildFires-LosAngeles-Jan-2025/ard/11/031311102201/2025-01-16/103001010C12B000-visual.tif,https://maxar-opendata.s3.amazonaws.com/events/WildFires-LosAngeles-Jan-2025/ard/11/031311102201/2025-01-16/103001010C12B000-ms.tif,https://maxar-opendata.s3.amazonaws.com/events/WildFires-LosAngeles-Jan-2025/ard/11/031311102201/2025-01-16/103001010C12B000-pan.tif,2025-01-16,post
https://maxar-opendata.s3.amazonaws.com/events/WildFires-LosAngeles-Jan-2025/ard/11/031311102201/2025-01-18/10500100404AD000.json,10500100404AD000,2025-01-18 18:26:51+00:00,031311102201,0.51,27.3,30.8,0,32611,GE01,-118.64670756106594,34.103400202938225,-118.62449674877642,34.151578128343004,https://maxar-opendata.s3.amazonaws.com/events/WildFires-LosAngeles-Jan-2025/ard/11/031311102201/2025-01-18/10500100404AD000-visual.tif,https://maxar-opendata.s3.amazonaws.com/events/WildFires-LosAngeles-Jan-2025/ard/11/031311102201/2025-01-18/10500100404AD000-ms.tif,https://maxar-opendata.s3.amazonaws.com/events/WildFires-LosAngeles-Jan-2025/ard/11/031311102201/2025-01-18/10500100404AD000-pan.tif,2025-01-18,post
https://maxar-opendata.s3.amazonaws.com/events/WildFires-LosAngeles-Jan-2025/ard/11/031311102201/2025-01-19/103001010C7DD700.json,103001010C7DD700,2025-01-19 18:47:58+00:00,031311102201,0.55,24.0,32.9,0,32611,WV02,-118.64670760584994,34.10340219621667,-118.62449674877642,34.151578128343004,https://maxar-opendata.s3.amazonaws.com/events/WildFires-LosAngeles-Jan-2025/ard/11/031311102201/2025-01-19/103001010C7DD700-visual.tif,https://maxar-opendata.s3.amazonaws.com/events/WildFires-LosAngeles-Jan-2025/ard/11/031311102201/2025-01-19/103001010C7DD700-ms.tif,https://maxar-opendata.s3.amazonaws.com/events/WildFires-LosAngeles-Jan-2025/ard/11/031311102201/2025-01-19/103001010C7DD700-pan.tif,2025-01-19,post
https://maxar-opendata.s3.amazonaws.com/events/WildFires-LosAngeles-Jan-2025/ard/11/031311102202/2025-01-16/105001004042BF00.json,105001004042BF00,2025-01-16 18:53:52+00:00,031311102202,0.48,24.5,32.8,0,32611,GE01,-118.73631127985381,34.05708303320168,-118.67779362099968,34.105773875374275,https://maxar-opendata.s3.amazonaws.com/events/WildFires-LosAngeles-Jan-2025/ard/11/031311102202/2025-01-16/105001004042BF00-visual.tif,https://maxar-opendata.s3.amazonaws.com/events/WildFires-LosAngeles-Jan-2025/ard/11/031311102202/2025-01-16/105001004042BF00-ms.tif,https://maxar-opendata.s3.amazonaws.com/events/WildFires-LosAngeles-Jan-2025/ard/11/031311102202/2025-01-16/105001004042BF00-pan.tif,2025-01-16,post
https://maxar-opendata.s3.amazonaws.com/events/WildFires-LosAngeles-Jan-2025/ard/11/031311102203/2024-12-21/10400100A17B5900.json,10400100A17B5900,2024-12-21 18:51:51+00:00,031311102203,0.35,19.8,30.9,0,32611,WV03,-118.64574496079275,34.058326069164224,-118.62363604712404,34.106502667187506,https://maxar-opendata.s3.amazonaws.com/events/WildFires-LosAngeles-Jan-2025/ard/11/031311102203/2024-12-21/10400100A17B5900-visual.tif,https://maxar-opendata.s3.amazonaws.com/events/WildFires-LosAngeles-Jan-2025/ard/11/031311102203/2024-12-21/10400100A17B5900-ms.tif,https://maxar-opendata.s3.amazonaws.com/events/WildFires-LosAngeles-Jan-2025/ard/11/031311102203/2024-12-21/10400100A17B5900-pan.tif,2024-12-21,pre
https://maxar-opendata.s3.amazonaws.com/events/WildFires-LosAngeles-Jan-2025/ard/11/031311102203/2025-01-09/10400100A069A700.json,10400100A069A700,2025-01-09 18:56:30+00:00,031311102203,0.38,26.6,32.0,0,32611,WV03,-118.64574496242615,34.058326069164224,-118.62363604712404,34.106502667187506,https://maxar-opendata.s3.amazonaws.com/events/WildFires-LosAngeles-Jan-2025/ard/11/031311102203/2025-01-09/10400100A069A700-visual.tif,https://maxar-opendata.s3.amazonaws.com/events/WildFires-LosAngeles-Jan-2025/ard/11/031311102203/2025-01-09/10400100A069A700-ms.tif,https://maxar-opendata.s3.amazonaws.com/events/WildFires-LosAngeles-Jan-2025/ard/11/031311102203/2025-01-09/10400100A069A700-pan.tif,2025-01-09,post
https://maxar-opendata.s3.amazonaws.com/events/WildFires-LosAngeles-Jan-2025/ard/11/031311102203/2025-01-13/103001010B9A1B00.json,103001010B9A1B00,2025-01-13 19:06:55+00:00,031311102203,0.76,39.1,33.2,0,32611,WV02,-118.64574496079275,34.058326069164224,-118.62363604712404,34.106502667187506,https://maxar-opendata.s3.amazonaws.com/events/WildFires-LosAngeles-Jan-2025/ard/11/031311102203/2025-01-13/103001010B9A1B00-visual.tif,https://maxar-opendata.s3.amazonaws.com/events/WildFires-LosAngeles-Jan-2025/ard/11/031311102203/2025-01-13/103001010B9A1B00-ms.tif,https://maxar-opendata.s3.amazonaws.com/events/WildFires-LosAngeles-Jan-2025/ard/11/031311102203/2025-01-13/103001010B9A1B00-pan.tif,2025-01-13,post
https://maxar-opendata.s3.amazonaws.com/events/WildFires-LosAngeles-Jan-2025/ard/11/031311102203/2025-01-14/103001010C7D2D00.json,103001010C7D2D00,2025-01-14 18:30:58+00:00,031311102203,0.58,27.3,30.8,0,32611,WV02,-118.64574499579518,34.05832765382761,-118.62363604712404,34.106502667187506,https://maxar-opendata.s3.amazonaws.com/events/WildFires-LosAngeles-Jan-2025/ard/11/031311102203/2025-01-14/103001010C7D2D00-visual.tif,https://maxar-opendata.s3.amazonaws.com/events/WildFires-LosAngeles-Jan-2025/ard/11/031311102203/2025-01-14/103001010C7D2D00-ms.tif,https://maxar-opendata.s3.amazonaws.com/events/WildFires-LosAngeles-Jan-2025/ard/11/031311102203/2025-01-14/103001010C7D2D00-pan.tif,2025-01-14,post
https://maxar-opendata.s3.amazonaws.com/events/WildFires-LosAngeles-Jan-2025/ard/11/031311102203/2025-01-14/10400100A06B8000.json,10400100A06B8000,2025-01-14 18:36:39+00:00,031311102203,0.36,24.0,31.2,0,32611,WV03,-118.6402134156525,34.05838946052405,-118.62363604712404,34.106502667187506,https://maxar-opendata.s3.amazonaws.com/events/WildFires-LosAngeles-Jan-2025/ard/11/031311102203/2025-01-14/10400100A06B8000-visual.tif,https://maxar-opendata.s3.amazonaws.com/events/WildFires-LosAngeles-Jan-2025/ard/11/031311102203/2025-01-14/10400100A06B8000-ms.tif,https://maxar-opendata.s3.amazonaws.com/events/WildFires-LosAngeles-Jan-2025/ard/11/031311102203/2025-01-14/10400100A06B8000-pan.tif,2025-01-14,post
https://maxar-opendata.s3.amazonaws.com/events/WildFires-LosAngeles-Jan-2025/ard/11/031311102203/2025-01-15/10400100A0B73800.json,10400100A0B73800,2025-01-15 18:52:40+00:00,031311102203,0.34,20.2,32.6,0,32611,WV03,-118.64374067761105,34.058368449288814,-118.62363604712404,34.106502667187506,https://maxar-opendata.s3.amazonaws.com/events/WildFires-LosAngeles-Jan-2025/ard/11/031311102203/2025-01-15/10400100A0B73800-visual.tif,https://maxar-opendata.s3.amazonaws.com/events/WildFires-LosAngeles-Jan-2025/ard/11/031311102203/2025-01-15/10400100A0B73800-ms.tif,https://maxar-opendata.s3.amazonaws.com/events/WildFires-LosAngeles-Jan-2025/ard/11/031311102203/2025-01-15/10400100A0B73800-pan.tif,2025-01-15,post
https://maxar-opendata.s3.amazonaws.com/events/WildFires-LosAngeles-Jan-2025/ard/11/031311102203/2025-01-16/105001004042BF00.json,105001004042BF00,2025-01-16 18:53:51+00:00,031311102203,0.48,24.7,32.8,0,32611,GE01,-118.68212533926959,34.05783585781132,-118.62363604712404,34.106191781747064,https://maxar-opendata.s3.amazonaws.com/events/WildFires-LosAngeles-Jan-2025/ard/11/031311102203/2025-01-16/105001004042BF00-visual.tif,https://maxar-opendata.s3.amazonaws.com/events/WildFires-LosAngeles-Jan-2025/ard/11/031311102203/2025-01-16/105001004042BF00-ms.tif,https://maxar-opendata.s3.amazonaws.com/events/WildFires-LosAngeles-Jan-2025/ard/11/031311102203/2025-01-16/105001004042BF00-pan.tif,2025-01-16,post
https://maxar-opendata.s3.amazonaws.com/events/WildFires-LosAngeles-Jan-2025/ard/11/031311102203/2025-01-16/103001010C12B000.json,103001010C12B000,2025-01-16 18:58:02+00:00,031311102203,0.6,29.1,33.1,0,32611,WV02,-118.64562783112558,34.05832915116181,-118.62363604712404,34.106502667187506,https://maxar-opendata.s3.amazonaws.com/events/WildFires-LosAngeles-Jan-2025/ard/11/031311102203/2025-01-16/103001010C12B000-visual.tif,https://maxar-opendata.s3.amazonaws.com/events/WildFires-LosAngeles-Jan-2025/ard/11/031311102203/2025-01-16/103001010C12B000-ms.tif,https://maxar-opendata.s3.amazonaws.com/events/WildFires-LosAngeles-Jan-2025/ard/11/031311102203/2025-01-16/103001010C12B000-pan.tif,2025-01-16,post
https://maxar-opendata.s3.amazonaws.com/events/WildFires-LosAngeles-Jan-2025/ard/11/031311102210/2024-12-21/10400100A17B5900.json,10400100A17B5900,2024-12-21 18:51:51+00:00,031311102210,0.35,20.0,30.8,0,32611,WV03,-118.6288019488281,34.10364059438513,-118.57030858297502,34.15228421647384,https://maxar-opendata.s3.amazonaws.com/events/WildFires-LosAngeles-Jan-2025/ard/11/031311102210/2024-12-21/10400100A17B5900-visual.tif,https://maxar-opendata.s3.amazonaws.com/events/WildFires-LosAngeles-Jan-2025/ard/11/031311102210/2024-12-21/10400100A17B5900-ms.tif,https://maxar-opendata.s3.amazonaws.com/events/WildFires-LosAngeles-Jan-2025/ard/11/031311102210/2024-12-21/10400100A17B5900-pan.tif,2024-12-21,pre
https://maxar-opendata.s3.amazonaws.com/events/WildFires-LosAngeles-Jan-2025/ard/11/031311102210/2025-01-09/10400100A069A700.json,10400100A069A700,2025-01-09 18:56:29+00:00,031311102210,0.38,26.8,31.9,0,32611,WV03,-118.6288019488281,34.10364059438513,-118.57030858297502,34.15228421647384,https://maxar-opendata.s3.amazonaws.com/events/WildFires-LosAngeles-Jan-2025/ard/11/031311102210/2025-01-09/10400100A069A700-visual.tif,https://maxar-opendata.s3.amazonaws.com/events/WildFires-LosAngeles-Jan-2025/ard/11/031311102210/2025-01-09/10400100A069A700-ms.tif,https://maxar-opendata.s3.amazonaws.com/events/WildFires-LosAngeles-Jan-2025/ard/11/031311102210/2025-01-09/10400100A069A700-pan.tif,2025-01-09,post
https://maxar-opendata.s3.amazonaws.com/events/WildFires-LosAngeles-Jan-2025/ard/11/031311102210/2025-01-13/103001010B9A1B00.json,103001010B9A1B00,2025-01-13 19:06:54+00:00,031311102210,0.76,39.3,33.1,0,32611,WV02,-118.6288019488281,34.10364059438513,-118.57030858297502,34.15228421647384,https://maxar-opendata.s3.amazonaws.com/events/WildFires-LosAngeles-Jan-2025/ard/11/031311102210/2025-01-13/103001010B9A1B00-visual.tif,https://maxar-opendata.s3.amazonaws.com/events/WildFires-LosAngeles-Jan-2025/ard/11/031311102210/2025-01-13/103001010B9A1B00-ms.tif,https://maxar-opendata.s3.amazonaws.com/events/WildFires-LosAngeles-Jan-2025/ard/11/031311102210/2025-01-13/103001010B9A1B00-pan.tif,2025-01-13,post
https://maxar-opendata.s3.amazonaws.com/events/WildFires-LosAngeles-Jan-2025/ard/11/031311102210/2025-01-14/103001010C7D2D00.json,103001010C7D2D00,2025-01-14 18:30:58+00:00,031311102210,0.58,27.6,30.7,0,32611,WV02,-118.6288019488281,34.10364059438513,-118.57030858297502,34.15228421647384,https://maxar-opendata.s3.amazonaws.com/events/WildFires-LosAngeles-Jan-2025/ard/11/031311102210/2025-01-14/103001010C7D2D00-visual.tif,https://maxar-opendata.s3.amazonaws.com/events/WildFires-LosAngeles-Jan-2025/ard/11/031311102210/2025-01-14/103001010C7D2D00-ms.tif,https://maxar-opendata.s3.amazonaws.com/events/WildFires-LosAngeles-Jan-2025/ard/11/031311102210/2025-01-14/103001010C7D2D00-pan.tif,2025-01-14,post
https://maxar-opendata.s3.amazonaws.com/events/WildFires-LosAngeles-Jan-2025/ard/11/031311102210/2025-01-14/10400100A06B8000.json,10400100A06B8000,2025-01-14 18:36:39+00:00,031311102210,0.36,24.0,31.2,0,32611,WV03,-118.6288019488281,34.10364059438513,-118.57030858297502,34.15228421647384,https://maxar-opendata.s3.amazonaws.com/events/WildFires-LosAngeles-Jan-2025/ard/11/031311102210/2025-01-14/10400100A06B8000-visual.tif,https://maxar-opendata.s3.amazonaws.com/events/WildFires-LosAngeles-Jan-2025/ard/11/031311102210/2025-01-14/10400100A06B8000-ms.tif,https://maxar-opendata.s3.amazonaws.com/events/WildFires-LosAngeles-Jan-2025/ard/11/031311102210/2025-01-14/10400100A06B8000-pan.tif,2025-01-14,post
https://maxar-opendata.s3.amazonaws.com/events/WildFires-LosAngeles-Jan-2025/ard/11/031311102210/2025-01-14/10400100A1AFE700.json,10400100A1AFE700,2025-01-14 18:37:49+00:00,031311102210,0.36,23.0,31.3,0,32611,WV03,-118.62698520675087,34.10365926187446,-118.57030858297502,34.15228421647384,https://maxar-opendata.s3.amazonaws.com/events/WildFires-LosAngeles-Jan-2025/ard/11/031311102210/2025-01-14/10400100A1AFE700-visual.tif,https://maxar-opendata.s3.amazonaws.com/events/WildFires-LosAngeles-Jan-2025/ard/11/031311102210/2025-01-14/10400100A1AFE700-ms.tif,https://maxar-opendata.s3.amazonaws.com/events/WildFires-LosAngeles-Jan-2025/ard/11/031311102210/2025-01-14/10400100A1AFE700-pan.tif,2025-01-14,post
https://maxar-opendata.s3.amazonaws.com/events/WildFires-LosAngeles-Jan-2025/ard/11/031311102210/2025-01-15/10400100A0B73800.json,10400100A0B73800,2025-01-15 18:52:41+00:00,031311102210,0.35,20.4,32.6,0,32611,WV03,-118.6288019488281,34.10364059438513,-118.57030858297502,34.15228421647384,https://maxar-opendata.s3.amazonaws.com/events/WildFires-LosAngeles-Jan-2025/ard/11/031311102210/2025-01-15/10400100A0B73800-visual.tif,https://maxar-opendata.s3.amazonaws.com/events/WildFires-LosAngeles-Jan-2025/ard/11/031311102210/2025-01-15/10400100A0B73800-ms.tif,https://maxar-opendata.s3.amazonaws.com/events/WildFires-LosAngeles-Jan-2025/ard/11/031311102210/2025-01-15/10400100A0B73800-pan.tif,2025-01-15,post
https://maxar-opendata.s3.amazonaws.com/events/WildFires-LosAngeles-Jan-2025/ard/11/031311102210/2025-01-16/105001004042BF00.json,105001004042BF00,2025-01-16 18:53:50+00:00,031311102210,0.48,24.9,32.8,0,32611,GE01,-118.62793225039165,34.10364059438513,-118.57030858297502,34.10634641928012,https://maxar-opendata.s3.amazonaws.com/events/WildFires-LosAngeles-Jan-2025/ard/11/031311102210/2025-01-16/105001004042BF00-visual.tif,https://maxar-opendata.s3.amazonaws.com/events/WildFires-LosAngeles-Jan-2025/ard/11/031311102210/2025-01-16/105001004042BF00-ms.tif,https://maxar-opendata.s3.amazonaws.com/events/WildFires-LosAngeles-Jan-2025/ard/11/031311102210/2025-01-16/105001004042BF00-pan.tif,2025-01-16,post
https://maxar-opendata.s3.amazonaws.com/events/WildFires-LosAngeles-Jan-2025/ard/11/031311102210/2025-01-16/103001010C12B000.json,103001010C12B000,2025-01-16 18:58:01+00:00,031311102210,0.6,29.2,33.0,0,32611,WV02,-118.6288019488281,34.10364059438513,-118.57030858297502,34.15228421647384,https://maxar-opendata.s3.amazonaws.com/events/WildFires-LosAngeles-Jan-2025/ard/11/031311102210/2025-01-16/103001010C12B000-visual.tif,https://maxar-opendata.s3.amazonaws.com/events/WildFires-LosAngeles-Jan-2025/ard/11/031311102210/2025-01-16/103001010C12B000-ms.tif,https://maxar-opendata.s3.amazonaws.com/events/WildFires-LosAngeles-Jan-2025/ard/11/031311102210/2025-01-16/103001010C12B000-pan.tif,2025-01-16,post
https://maxar-opendata.s3.amazonaws.com/events/WildFires-LosAngeles-Jan-2025/ard/11/031311102210/2025-01-18/10500100404AD000.json,10500100404AD000,2025-01-18 18:26:50+00:00,031311102210,0.51,27.3,30.9,4,32611,GE01,-118.6288019488281,34.10364059438513,-118.57030858297502,34.15228421647384,https://maxar-opendata.s3.amazonaws.com/events/WildFires-LosAngeles-Jan-2025/ard/11/031311102210/2025-01-18/10500100404AD000-visual.tif,https://maxar-opendata.s3.amazonaws.com/events/WildFires-LosAngeles-Jan-2025/ard/11/031311102210/2025-01-18/10500100404AD000-ms.tif,https://maxar-opendata.s3.amazonaws.com/events/WildFires-LosAngeles-Jan-2025/ard/11/031311102210/2025-01-18/10500100404AD000-pan.tif,2025-01-18,post
https://maxar-opendata.s3.amazonaws.com/events/WildFires-LosAngeles-Jan-2025/ard/11/031311102210/2025-01-19/103001010C7DD700.json,103001010C7DD700,2025-01-19 18:47:58+00:00,031311102210,0.55,24.0,32.9,0,32611,WV02,-118.6288019488281,34.10364059438513,-118.57030858297502,34.15228421647384,https://maxar-opendata.s3.amazonaws.com/events/WildFires-LosAngeles-Jan-2025/ard/11/031311102210/2025-01-19/103001010C7DD700-visual.tif,https://maxar-opendata.s3.amazonaws.com/events/WildFires-LosAngeles-Jan-2025/ard/11/031311102210/2025-01-19/103001010C7DD700-ms.tif,https://maxar-opendata.s3.amazonaws.com/events/WildFires-LosAngeles-Jan-2025/ard/11/031311102210/2025-01-19/103001010C7DD700-pan.tif,2025-01-19,post
https://maxar-opendata.s3.amazonaws.com/events/WildFires-LosAngeles-Jan-2025/ard/11/031311102210/2025-01-20/10400100A1B60B00.json,10400100A1B60B00,2025-01-20 18:32:42+00:00,031311102210,0.36,23.6,31.8,0,32611,WV03,-118.6288019488281,34.10364059438513,-118.57030858297502,34.15228421647384,https://maxar-opendata.s3.amazonaws.com/events/WildFires-LosAngeles-Jan-2025/ard/11/031311102210/2025-01-20/10400100A1B60B00-visual.tif,https://maxar-opendata.s3.amazonaws.com/events/WildFires-LosAngeles-Jan-2025/ard/11/031311102210/2025-01-20/10400100A1B60B00-ms.tif,https://maxar-opendata.s3.amazonaws.com/events/WildFires-LosAngeles-Jan-2025/ard/11/031311102210/2025-01-20/10400100A1B60B00-pan.tif,2025-01-20,post
https://maxar-opendata.s3.amazonaws.com/events/WildFires-LosAngeles-Jan-2025/ard/11/031311102211/2024-12-21/10400100A17B5900.json,10400100A17B5900,2024-12-21 18:51:50+00:00,031311102211,0.35,20.2,30.8,0,32611,WV03,-118.57458335757049,34.1043469133087,-118.5419665864856,34.15265491349729,https://maxar-opendata.s3.amazonaws.com/events/WildFires-LosAngeles-Jan-2025/ard/11/031311102211/2024-12-21/10400100A17B5900-visual.tif,https://maxar-opendata.s3.amazonaws.com/events/WildFires-LosAngeles-Jan-2025/ard/11/031311102211/2024-12-21/10400100A17B5900-ms.tif,https://maxar-opendata.s3.amazonaws.com/events/WildFires-LosAngeles-Jan-2025/ard/11/031311102211/2024-12-21/10400100A17B5900-pan.tif,2024-12-21,pre
https://maxar-opendata.s3.amazonaws.com/events/WildFires-LosAngeles-Jan-2025/ard/11/031311102211/2025-01-09/10400100A069A700.json,10400100A069A700,2025-01-09 18:56:29+00:00,031311102211,0.38,27.2,31.9,0,32611,WV03,-118.57458335757049,34.1043469133087,-118.51611856602194,34.15296636976233,https://maxar-opendata.s3.amazonaws.com/events/WildFires-LosAngeles-Jan-2025/ard/11/031311102211/2025-01-09/10400100A069A700-visual.tif,https://maxar-opendata.s3.amazonaws.com/events/WildFires-LosAngeles-Jan-2025/ard/11/031311102211/2025-01-09/10400100A069A700-ms.tif,https://maxar-opendata.s3.amazonaws.com/events/WildFires-LosAngeles-Jan-2025/ard/11/031311102211/2025-01-09/10400100A069A700-pan.tif,2025-01-09,post
https://maxar-opendata.s3.amazonaws.com/events/WildFires-LosAngeles-Jan-2025/ard/11/031311102211/2025-01-13/103001010B9A1B00.json,103001010B9A1B00,2025-01-13 19:06:55+00:00,031311102211,0.77,39.4,33.1,0,32611,WV02,-118.57458335757049,34.1043469133087,-118.51611856602194,34.15296636976233,https://maxar-opendata.s3.amazonaws.com/events/WildFires-LosAngeles-Jan-2025/ard/11/031311102211/2025-01-13/103001010B9A1B00-visual.tif,https://maxar-opendata.s3.amazonaws.com/events/WildFires-LosAngeles-Jan-2025/ard/11/031311102211/2025-01-13/103001010B9A1B00-ms.tif,https://maxar-opendata.s3.amazonaws.com/events/WildFires-LosAngeles-Jan-2025/ard/11/031311102211/2025-01-13/103001010B9A1B00-pan.tif,2025-01-13,post
https://maxar-opendata.s3.amazonaws.com/events/WildFires-LosAngeles-Jan-2025/ard/11/031311102211/2025-01-14/103001010C7D2D00.json,103001010C7D2D00,2025-01-14 18:30:58+00:00,031311102211,0.58,27.5,30.7,0,32611,WV02,-118.57458335757049,34.1043469133087,-118.51611856602194,34.15296636976233,https://maxar-opendata.s3.amazonaws.com/events/WildFires-LosAngeles-Jan-2025/ard/11/031311102211/2025-01-14/103001010C7D2D00-visual.tif,https://maxar-opendata.s3.amazonaws.com/events/WildFires-LosAngeles-Jan-2025/ard/11/031311102211/2025-01-14/103001010C7D2D00-ms.tif,https://maxar-opendata.s3.amazonaws.com/events/WildFires-LosAngeles-Jan-2025/ard/11/031311102211/2025-01-14/103001010C7D2D00-pan.tif,2025-01-14,post
https://maxar-opendata.s3.amazonaws.com/events/WildFires-LosAngeles-Jan-2025/ard/11/031311102211/2025-01-14/10400100A06B8000.json,10400100A06B8000,2025-01-14 18:36:39+00:00,031311102211,0.36,23.7,31.2,0,32611,WV03,-118.57458335757049,34.1043469133087,-118.51611856602194,34.15296636976233,https://maxar-opendata.s3.amazonaws.com/events/WildFires-LosAngeles-Jan-2025/ard/11/031311102211/2025-01-14/10400100A06B8000-visual.tif,https://maxar-opendata.s3.amazonaws.com/events/WildFires-LosAngeles-Jan-2025/ard/11/031311102211/2025-01-14/10400100A06B8000-ms.tif,https://maxar-opendata.s3.amazonaws.com/events/WildFires-LosAngeles-Jan-2025/ard/11/031311102211/2025-01-14/10400100A06B8000-pan.tif,2025-01-14,post
https://maxar-opendata.s3.amazonaws.com/events/WildFires-LosAngeles-Jan-2025/ard/11/031311102211/2025-01-14/10400100A1AFE700.json,10400100A1AFE700,2025-01-14 18:37:49+00:00,031311102211,0.36,22.9,31.3,0,32611,WV03,-118.57458335757049,34.1043469133087,-118.51611856602194,34.15296636976233,https://maxar-opendata.s3.amazonaws.com/events/WildFires-LosAngeles-Jan-2025/ard/11/031311102211/2025-01-14/10400100A1AFE700-visual.tif,https://maxar-opendata.s3.amazonaws.com/events/WildFires-LosAngeles-Jan-2025/ard/11/031311102211/2025-01-14/10400100A1AFE700-ms.tif,https://maxar-opendata.s3.amazonaws.com/events/WildFires-LosAngeles-Jan-2025/ard/11/031311102211/2025-01-14/10400100A1AFE700-pan.tif,2025-01-14,post
https://maxar-opendata.s3.amazonaws.com/events/WildFires-LosAngeles-Jan-2025/ard/11/031311102211/2025-01-15/10400100A0B73800.json,10400100A0B73800,2025-01-15 18:52:41+00:00,031311102211,0.35,20.8,32.6,0,32611,WV03,-118.57458335757049,34.1043469133087,-118.51611856602194,34.15296636976233,https://maxar-opendata.s3.amazonaws.com/events/WildFires-LosAngeles-Jan-2025/ard/11/031311102211/2025-01-15/10400100A0B73800-visual.tif,https://maxar-opendata.s3.amazonaws.com/events/WildFires-LosAngeles-Jan-2025/ard/11/031311102211/2025-01-15/10400100A0B73800-ms.tif,https://maxar-opendata.s3.amazonaws.com/events/WildFires-LosAngeles-Jan-2025/ard/11/031311102211/2025-01-15/10400100A0B73800-pan.tif,2025-01-15,post
https://maxar-opendata.s3.amazonaws.com/events/WildFires-LosAngeles-Jan-2025/ard/11/031311102211/2025-01-16/105001004042BF00.json,105001004042BF00,2025-01-16 18:53:49+00:00,031311102211,0.49,25.1,32.8,0,32611,GE01,-118.57373223580063,34.1043469133087,-118.51611856602194,34.10653766396071,https://maxar-opendata.s3.amazonaws.com/events/WildFires-LosAngeles-Jan-2025/ard/11/031311102211/2025-01-16/105001004042BF00-visual.tif,https://maxar-opendata.s3.amazonaws.com/events/WildFires-LosAngeles-Jan-2025/ard/11/031311102211/2025-01-16/105001004042BF00-ms.tif,https://maxar-opendata.s3.amazonaws.com/events/WildFires-LosAngeles-Jan-2025/ard/11/031311102211/2025-01-16/105001004042BF00-pan.tif,2025-01-16,post
https://maxar-opendata.s3.amazonaws.com/events/WildFires-LosAngeles-Jan-2025/ard/11/031311102211/2025-01-16/103001010C12B000.json,103001010C12B000,2025-01-16 18:58:01+00:00,031311102211,0.6,29.5,33.1,0,32611,WV02,-118.57458335757049,34.1043469133087,-118.51611856602194,34.15296636976233,https://maxar-opendata.s3.amazonaws.com/events/WildFires-LosAngeles-Jan-2025/ard/11/031311102211/2025-01-16/103001010C12B000-visual.tif,https://maxar-opendata.s3.amazonaws.com/events/WildFires-LosAngeles-Jan-2025/ard/11/031311102211/2025-01-16/103001010C12B000-ms.tif,https://maxar-opendata.s3.amazonaws.com/events/WildFires-LosAngeles-Jan-2025/ard/11/031311102211/2025-01-16/103001010C12B000-pan.tif,2025-01-16,post
https://maxar-opendata.s3.amazonaws.com/events/WildFires-LosAngeles-Jan-2025/ard/11/031311102211/2025-01-18/10500100404AD000.json,10500100404AD000,2025-01-18 18:26:49+00:00,031311102211,0.51,27.2,30.9,1,32611,GE01,-118.57458335757049,34.1043469133087,-118.51611856602194,34.15296636976233,https://maxar-opendata.s3.amazonaws.com/events/WildFires-LosAngeles-Jan-2025/ard/11/031311102211/2025-01-18/10500100404AD000-visual.tif,https://maxar-opendata.s3.amazonaws.com/events/WildFires-LosAngeles-Jan-2025/ard/11/031311102211/2025-01-18/10500100404AD000-ms.tif,https://maxar-opendata.s3.amazonaws.com/events/WildFires-LosAngeles-Jan-2025/ard/11/031311102211/2025-01-18/10500100404AD000-pan.tif,2025-01-18,post
https://maxar-opendata.s3.amazonaws.com/events/WildFires-LosAngeles-Jan-2025/ard/11/031311102211/2025-01-19/103001010C7DD700.json,103001010C7DD700,2025-01-19 18:47:58+00:00,031311102211,0.55,24.1,32.9,0,32611,WV02,-118.57458335757049,34.1043469133087,-118.51611856602194,34.15296636976233,https://maxar-opendata.s3.amazonaws.com/events/WildFires-LosAngeles-Jan-2025/ard/11/031311102211/2025-01-19/103001010C7DD700-visual.tif,https://maxar-opendata.s3.amazonaws.com/events/WildFires-LosAngeles-Jan-2025/ard/11/031311102211/2025-01-19/103001010C7DD700-ms.tif,https://maxar-opendata.s3.amazonaws.com/events/WildFires-LosAngeles-Jan-2025/ard/11/031311102211/2025-01-19/103001010C7DD700-pan.tif,2025-01-19,post
https://maxar-opendata.s3.amazonaws.com/events/WildFires-LosAngeles-Jan-2025/ard/11/031311102211/2025-01-20/10400100A1B60B00.json,10400100A1B60B00,2025-01-20 18:32:42+00:00,031311102211,0.36,23.3,31.8,0,32611,WV03,-118.57458335757049,34.1043469133087,-118.51611856602194,34.15296636976233,https://maxar-opendata.s3.amazonaws.com/events/WildFires-LosAngeles-Jan-2025/ard/11/031311102211/2025-01-20/10400100A1B60B00-visual.tif,https://maxar-opendata.s3.amazonaws.com/events/WildFires-LosAngeles-Jan-2025/ard/11/031311102211/2025-01-20/10400100A1B60B00-ms.tif,https://maxar-opendata.s3.amazonaws.com/events/WildFires-LosAngeles-Jan-2025/ard/11/031311102211/2025-01-20/10400100A1B60B00-pan.tif,2025-01-20,post
https://maxar-opendata.s3.amazonaws.com/events/WildFires-LosAngeles-Jan-2025/ard/11/031311102212/2024-12-21/10400100A17B5900.json,10400100A17B5900,2024-12-21 18:51:51+00:00,031311102212,0.35,20.1,30.9,0,32611,WV03,-118.62793741577075,34.05856483632212,-118.56947656242312,34.1072075671655,https://maxar-opendata.s3.amazonaws.com/events/WildFires-LosAngeles-Jan-2025/ard/11/031311102212/2024-12-21/10400100A17B5900-visual.tif,https://maxar-opendata.s3.amazonaws.com/events/WildFires-LosAngeles-Jan-2025/ard/11/031311102212/2024-12-21/10400100A17B5900-ms.tif,https://maxar-opendata.s3.amazonaws.com/events/WildFires-LosAngeles-Jan-2025/ard/11/031311102212/2024-12-21/10400100A17B5900-pan.tif,2024-12-21,pre
https://maxar-opendata.s3.amazonaws.com/events/WildFires-LosAngeles-Jan-2025/ard/11/031311102212/2025-01-10/1050010040277500.json,1050010040277500,2025-01-10 18:36:03+00:00,031311102212,0.48,24.2,30.6,2,32611,GE01,-118.59867657,34.05893347641768,-118.56947656242312,34.0783163,https://maxar-opendata.s3.amazonaws.com/events/WildFires-LosAngeles-Jan-2025/ard/11/031311102212/2025-01-10/1050010040277500-visual.tif,https://maxar-opendata.s3.amazonaws.com/events/WildFires-LosAngeles-Jan-2025/ard/11/031311102212/2025-01-10/1050010040277500-ms.tif,https://maxar-opendata.s3.amazonaws.com/events/WildFires-LosAngeles-Jan-2025/ard/11/031311102212/2025-01-10/1050010040277500-pan.tif,2025-01-10,post
https://maxar-opendata.s3.amazonaws.com/events/WildFires-LosAngeles-Jan-2025/ard/11/031311102212/2025-01-13/103001010B9A1B00.json,103001010B9A1B00,2025-01-13 19:06:55+00:00,031311102212,0.76,39.3,33.2,0,32611,WV02,-118.62793741577075,34.05856483632212,-118.56947656242312,34.1072075671655,https://maxar-opendata.s3.amazonaws.com/events/WildFires-LosAngeles-Jan-2025/ard/11/031311102212/2025-01-13/103001010B9A1B00-visual.tif,https://maxar-opendata.s3.amazonaws.com/events/WildFires-LosAngeles-Jan-2025/ard/11/031311102212/2025-01-13/103001010B9A1B00-ms.tif,https://maxar-opendata.s3.amazonaws.com/events/WildFires-LosAngeles-Jan-2025/ard/11/031311102212/2025-01-13/103001010B9A1B00-pan.tif,2025-01-13,post
https://maxar-opendata.s3.amazonaws.com/events/WildFires-LosAngeles-Jan-2025/ard/11/031311102212/2025-01-14/103001010C7D2D00.json,103001010C7D2D00,2025-01-14 18:30:58+00:00,031311102212,0.58,27.3,30.8,0,32611,WV02,-118.62793741577075,34.05856483632212,-118.56947656242312,34.1072075671655,https://maxar-opendata.s3.amazonaws.com/events/WildFires-LosAngeles-Jan-2025/ard/11/031311102212/2025-01-14/103001010C7D2D00-visual.tif,https://maxar-opendata.s3.amazonaws.com/events/WildFires-LosAngeles-Jan-2025/ard/11/031311102212/2025-01-14/103001010C7D2D00-ms.tif,https://maxar-opendata.s3.amazonaws.com/events/WildFires-LosAngeles-Jan-2025/ard/11/031311102212/2025-01-14/103001010C7D2D00-pan.tif,2025-01-14,post
https://maxar-opendata.s3.amazonaws.com/events/WildFires-LosAngeles-Jan-2025/ard/11/031311102212/2025-01-14/10400100A06B8000.json,10400100A06B8000,2025-01-14 18:36:40+00:00,031311102212,0.36,23.9,31.2,0,32611,WV03,-118.62793741577075,34.05856483632212,-118.56947656242312,34.1072075671655,https://maxar-opendata.s3.amazonaws.com/events/WildFires-LosAngeles-Jan-2025/ard/11/031311102212/2025-01-14/10400100A06B8000-visual.tif,https://maxar-opendata.s3.amazonaws.com/events/WildFires-LosAngeles-Jan-2025/ard/11/031311102212/2025-01-14/10400100A06B8000-ms.tif,https://maxar-opendata.s3.amazonaws.com/events/WildFires-LosAngeles-Jan-2025/ard/11/031311102212/2025-01-14/10400100A06B8000-pan.tif,2025-01-14,post
https://maxar-opendata.s3.amazonaws.com/events/WildFires-LosAngeles-Jan-2025/ard/11/031311102212/2025-01-14/10400100A1AFE700.json,10400100A1AFE700,2025-01-14 18:37:49+00:00,031311102212,0.35,22.3,31.4,0,32611,WV03,-118.62648545436814,34.05857787450635,-118.56947656242312,34.1072075671655,https://maxar-opendata.s3.amazonaws.com/events/WildFires-LosAngeles-Jan-2025/ard/11/031311102212/2025-01-14/10400100A1AFE700-visual.tif,https://maxar-opendata.s3.amazonaws.com/events/WildFires-LosAngeles-Jan-2025/ard/11/031311102212/2025-01-14/10400100A1AFE700-ms.tif,https://maxar-opendata.s3.amazonaws.com/events/WildFires-LosAngeles-Jan-2025/ard/11/031311102212/2025-01-14/10400100A1AFE700-pan.tif,2025-01-14,post
https://maxar-opendata.s3.amazonaws.com/events/WildFires-LosAngeles-Jan-2025/ard/11/031311102212/2025-01-15/10400100A0B73800.json,10400100A0B73800,2025-01-15 18:52:40+00:00,031311102212,0.34,20.4,32.6,0,32611,WV03,-118.62793741577075,34.05856483632212,-118.56947656242312,34.1072075671655,https://maxar-opendata.s3.amazonaws.com/events/WildFires-LosAngeles-Jan-2025/ard/11/031311102212/2025-01-15/10400100A0B73800-visual.tif,https://maxar-opendata.s3.amazonaws.com/events/WildFires-LosAngeles-Jan-2025/ard/11/031311102212/2025-01-15/10400100A0B73800-ms.tif,https://maxar-opendata.s3.amazonaws.com/events/WildFires-LosAngeles-Jan-2025/ard/11/031311102212/2025-01-15/10400100A0B73800-pan.tif,2025-01-15,post
https://maxar-opendata.s3.amazonaws.com/events/WildFires-LosAngeles-Jan-2025/ard/11/031311102212/2025-01-16/105001004042BF00.json,105001004042BF00,2025-01-16 18:53:50+00:00,031311102212,0.48,24.9,32.8,0,32611,GE01,-118.62793225039165,34.05856483632212,-118.56947656242312,34.10634641928012,https://maxar-opendata.s3.amazonaws.com/events/WildFires-LosAngeles-Jan-2025/ard/11/031311102212/2025-01-16/105001004042BF00-visual.tif,https://maxar-opendata.s3.amazonaws.com/events/WildFires-LosAngeles-Jan-2025/ard/11/031311102212/2025-01-16/105001004042BF00-ms.tif,https://maxar-opendata.s3.amazonaws.com/events/WildFires-LosAngeles-Jan-2025/ard/11/031311102212/2025-01-16/105001004042BF00-pan.tif,2025-01-16,post
https://maxar-opendata.s3.amazonaws.com/events/WildFires-LosAngeles-Jan-2025/ard/11/031311102212/2025-01-16/103001010C12B000.json,103001010C12B000,2025-01-16 18:58:02+00:00,031311102212,0.6,29.2,33.2,0,32611,WV02,-118.62793741577075,34.05856483632212,-118.56947656242312,34.1072075671655,https://maxar-opendata.s3.amazonaws.com/events/WildFires-LosAngeles-Jan-2025/ard/11/031311102212/2025-01-16/103001010C12B000-visual.tif,https://maxar-opendata.s3.amazonaws.com/events/WildFires-LosAngeles-Jan-2025/ard/11/031311102212/2025-01-16/103001010C12B000-ms.tif,https://maxar-opendata.s3.amazonaws.com/events/WildFires-LosAngeles-Jan-2025/ard/11/031311102212/2025-01-16/103001010C12B000-pan.tif,2025-01-16,post
https://maxar-opendata.s3.amazonaws.com/events/WildFires-LosAngeles-Jan-2025/ard/11/031311102212/2025-01-19/103001010C7DD700.json,103001010C7DD700,2025-01-19 18:47:58+00:00,031311102212,0.55,24.2,33.0,6,32611,WV02,-118.62793741577075,34.05856483632212,-118.56947656242312,34.1072075671655,https://maxar-opendata.s3.amazonaws.com/events/WildFires-LosAngeles-Jan-2025/ard/11/031311102212/2025-01-19/103001010C7DD700-visual.tif,https://maxar-opendata.s3.amazonaws.com/events/WildFires-LosAngeles-Jan-2025/ard/11/031311102212/2025-01-19/103001010C7DD700-ms.tif,https://maxar-opendata.s3.amazonaws.com/events/WildFires-LosAngeles-Jan-2025/ard/11/031311102212/2025-01-19/103001010C7DD700-pan.tif,2025-01-19,post
https://maxar-opendata.s3.amazonaws.com/events/WildFires-LosAngeles-Jan-2025/ard/11/031311102212/2025-01-20/10400100A1B60B00.json,10400100A1B60B00,2025-01-20 18:32:42+00:00,031311102212,0.36,23.5,31.8,0,32611,WV03,-118.62793741577075,34.05856483632212,-118.56947656242312,34.1072075671655,https://maxar-opendata.s3.amazonaws.com/events/WildFires-LosAngeles-Jan-2025/ard/11/031311102212/2025-01-20/10400100A1B60B00-visual.tif,https://maxar-opendata.s3.amazonaws.com/events/WildFires-LosAngeles-Jan-2025/ard/11/031311102212/2025-01-20/10400100A1B60B00-ms.tif,https://maxar-opendata.s3.amazonaws.com/events/WildFires-LosAngeles-Jan-2025/ard/11/031311102212/2025-01-20/10400100A1B60B00-pan.tif,2025-01-20,post
https://maxar-opendata.s3.amazonaws.com/events/WildFires-LosAngeles-Jan-2025/ard/11/031311102213/2024-12-21/10400100A17B5900.json,10400100A17B5900,2024-12-21 18:51:51+00:00,031311102213,0.35,20.3,30.9,0,32611,WV03,-118.57374757311484,34.059269965892746,-118.5414341511647,34.10755583627159,https://maxar-opendata.s3.amazonaws.com/events/WildFires-LosAngeles-Jan-2025/ard/11/031311102213/2024-12-21/10400100A17B5900-visual.tif,https://maxar-opendata.s3.amazonaws.com/events/WildFires-LosAngeles-Jan-2025/ard/11/031311102213/2024-12-21/10400100A17B5900-ms.tif,https://maxar-opendata.s3.amazonaws.com/events/WildFires-LosAngeles-Jan-2025/ard/11/031311102213/2024-12-21/10400100A17B5900-pan.tif,2024-12-21,pre
https://maxar-opendata.s3.amazonaws.com/events/WildFires-LosAngeles-Jan-2025/ard/11/031311102213/2025-01-10/1050010040277500.json,1050010040277500,2025-01-10 18:36:03+00:00,031311102213,0.48,24.2,30.6,0,32611,GE01,-118.57321392013912,34.059269965892746,-118.51531523052493,34.0783163,https://maxar-opendata.s3.amazonaws.com/events/WildFires-LosAngeles-Jan-2025/ard/11/031311102213/2025-01-10/1050010040277500-visual.tif,https://maxar-opendata.s3.amazonaws.com/events/WildFires-LosAngeles-Jan-2025/ard/11/031311102213/2025-01-10/1050010040277500-ms.tif,https://maxar-opendata.s3.amazonaws.com/events/WildFires-LosAngeles-Jan-2025/ard/11/031311102213/2025-01-10/1050010040277500-pan.tif,2025-01-10,post
https://maxar-opendata.s3.amazonaws.com/events/WildFires-LosAngeles-Jan-2025/ard/11/031311102213/2025-01-13/103001010B9A1B00.json,103001010B9A1B00,2025-01-13 19:06:55+00:00,031311102213,0.77,39.5,33.2,0,32611,WV02,-118.57374757311484,34.059269965892746,-118.51531523052493,34.10788857255842,https://maxar-opendata.s3.amazonaws.com/events/WildFires-LosAngeles-Jan-2025/ard/11/031311102213/2025-01-13/103001010B9A1B00-visual.tif,https://maxar-opendata.s3.amazonaws.com/events/WildFires-LosAngeles-Jan-2025/ard/11/031311102213/2025-01-13/103001010B9A1B00-ms.tif,https://maxar-opendata.s3.amazonaws.com/events/WildFires-LosAngeles-Jan-2025/ard/11/031311102213/2025-01-13/103001010B9A1B00-pan.tif,2025-01-13,post
https://maxar-opendata.s3.amazonaws.com/events/WildFires-LosAngeles-Jan-2025/ard/11/031311102213/2025-01-14/103001010C7D2D00.json,103001010C7D2D00,2025-01-14 18:30:58+00:00,031311102213,0.58,27.2,30.8,0,32611,WV02,-118.57374757311484,34.059269965892746,-118.51531523052493,34.10788857255842,https://maxar-opendata.s3.amazonaws.com/events/WildFires-LosAngeles-Jan-2025/ard/11/031311102213/2025-01-14/103001010C7D2D00-visual.tif,https://maxar-opendata.s3.amazonaws.com/events/WildFires-LosAngeles-Jan-2025/ard/11/031311102213/2025-01-14/103001010C7D2D00-ms.tif,https://maxar-opendata.s3.amazonaws.com/events/WildFires-LosAngeles-Jan-2025/ard/11/031311102213/2025-01-14/103001010C7D2D00-pan.tif,2025-01-14,post
https://maxar-opendata.s3.amazonaws.com/events/WildFires-LosAngeles-Jan-2025/ard/11/031311102213/2025-01-14/10400100A06B8000.json,10400100A06B8000,2025-01-14 18:36:40+00:00,031311102213,0.36,23.7,31.2,0,32611,WV03,-118.57374757311484,34.059269965892746,-118.51531523052493,34.10788857255842,https://maxar-opendata.s3.amazonaws.com/events/WildFires-LosAngeles-Jan-2025/ard/11/031311102213/2025-01-14/10400100A06B8000-visual.tif,https://maxar-opendata.s3.amazonaws.com/events/WildFires-LosAngeles-Jan-2025/ard/11/031311102213/2025-01-14/10400100A06B8000-ms.tif,https://maxar-opendata.s3.amazonaws.com/events/WildFires-LosAngeles-Jan-2025/ard/11/031311102213/2025-01-14/10400100A06B8000-pan.tif,2025-01-14,post
https://maxar-opendata.s3.amazonaws.com/events/WildFires-LosAngeles-Jan-2025/ard/11/031311102213/2025-01-14/10400100A1AFE700.json,10400100A1AFE700,2025-01-14 18:37:49+00:00,031311102213,0.35,22.2,31.3,0,32611,WV03,-118.57374757311484,34.059269965892746,-118.51531523052493,34.10788857255842,https://maxar-opendata.s3.amazonaws.com/events/WildFires-LosAngeles-Jan-2025/ard/11/031311102213/2025-01-14/10400100A1AFE700-visual.tif,https://maxar-opendata.s3.amazonaws.com/events/WildFires-LosAngeles-Jan-2025/ard/11/031311102213/2025-01-14/10400100A1AFE700-ms.tif,https://maxar-opendata.s3.amazonaws.com/events/WildFires-LosAngeles-Jan-2025/ard/11/031311102213/2025-01-14/10400100A1AFE700-pan.tif,2025-01-14,post
https://maxar-opendata.s3.amazonaws.com/events/WildFires-LosAngeles-Jan-2025/ard/11/031311102213/2025-01-15/10400100A0B73800.json,10400100A0B73800,2025-01-15 18:52:40+00:00,031311102213,0.35,20.8,32.6,0,32611,WV03,-118.57374757311484,34.059269965892746,-118.51531523052493,34.10788857255842,https://maxar-opendata.s3.amazonaws.com/events/WildFires-LosAngeles-Jan-2025/ard/11/031311102213/2025-01-15/10400100A0B73800-visual.tif,https://maxar-opendata.s3.amazonaws.com/events/WildFires-LosAngeles-Jan-2025/ard/11/031311102213/2025-01-15/10400100A0B73800-ms.tif,https://maxar-opendata.s3.amazonaws.com/events/WildFires-LosAngeles-Jan-2025/ard/11/031311102213/2025-01-15/10400100A0B73800-pan.tif,2025-01-15,post
https://maxar-opendata.s3.amazonaws.com/events/WildFires-LosAngeles-Jan-2025/ard/11/031311102213/2025-01-16/105001004042BF00.json,105001004042BF00,2025-01-16 18:53:49+00:00,031311102213,0.49,25.1,32.8,0,32611,GE01,-118.57373223580063,34.059269965892746,-118.51531523052493,34.10653766396071,https://maxar-opendata.s3.amazonaws.com/events/WildFires-LosAngeles-Jan-2025/ard/11/031311102213/2025-01-16/105001004042BF00-visual.tif,https://maxar-opendata.s3.amazonaws.com/events/WildFires-LosAngeles-Jan-2025/ard/11/031311102213/2025-01-16/105001004042BF00-ms.tif,https://maxar-opendata.s3.amazonaws.com/events/WildFires-LosAngeles-Jan-2025/ard/11/031311102213/2025-01-16/105001004042BF00-pan.tif,2025-01-16,post
https://maxar-opendata.s3.amazonaws.com/events/WildFires-LosAngeles-Jan-2025/ard/11/031311102213/2025-01-16/103001010C12B000.json,103001010C12B000,2025-01-16 18:58:02+00:00,031311102213,0.6,29.5,33.2,0,32611,WV02,-118.57374757311484,34.059269965892746,-118.51531523052493,34.10788857255842,https://maxar-opendata.s3.amazonaws.com/events/WildFires-LosAngeles-Jan-2025/ard/11/031311102213/2025-01-16/103001010C12B000-visual.tif,https://maxar-opendata.s3.amazonaws.com/events/WildFires-LosAngeles-Jan-2025/ard/11/031311102213/2025-01-16/103001010C12B000-ms.tif,https://maxar-opendata.s3.amazonaws.com/events/WildFires-LosAngeles-Jan-2025/ard/11/031311102213/2025-01-16/103001010C12B000-pan.tif,2025-01-16,post
https://maxar-opendata.s3.amazonaws.com/events/WildFires-LosAngeles-Jan-2025/ard/11/031311102213/2025-01-20/10400100A1B60B00.json,10400100A1B60B00,2025-01-20 18:32:42+00:00,031311102213,0.36,23.2,31.8,0,32611,WV03,-118.57374757311484,34.059269965892746,-118.51531523052493,34.10788857255842,https://maxar-opendata.s3.amazonaws.com/events/WildFires-LosAngeles-Jan-2025/ard/11/031311102213/2025-01-20/10400100A1B60B00-visual.tif,https://maxar-opendata.s3.amazonaws.com/events/WildFires-LosAngeles-Jan-2025/ard/11/031311102213/2025-01-20/10400100A1B60B00-ms.tif,https://maxar-opendata.s3.amazonaws.com/events/WildFires-LosAngeles-Jan-2025/ard/11/031311102213/2025-01-20/10400100A1B60B00-pan.tif,2025-01-20,post
https://maxar-opendata.s3.amazonaws.com/events/WildFires-LosAngeles-Jan-2025/ard/11/031311102220/2025-01-16/105001004042BF00.json,105001004042BF00,2025-01-16 18:53:52+00:00,031311102220,0.48,24.5,32.8,0,32611,GE01,-118.73539130873091,34.01200942153551,-118.67690621677885,34.060699290823635,https://maxar-opendata.s3.amazonaws.com/events/WildFires-LosAngeles-Jan-2025/ard/11/031311102220/2025-01-16/105001004042BF00-visual.tif,https://maxar-opendata.s3.amazonaws.com/events/WildFires-LosAngeles-Jan-2025/ard/11/031311102220/2025-01-16/105001004042BF00-ms.tif,https://maxar-opendata.s3.amazonaws.com/events/WildFires-LosAngeles-Jan-2025/ard/11/031311102220/2025-01-16/105001004042BF00-pan.tif,2025-01-16,post
https://maxar-opendata.s3.amazonaws.com/events/WildFires-LosAngeles-Jan-2025/ard/11/031311102221/2025-01-13/103001010B9A1B00.json,103001010B9A1B00,2025-01-13 19:06:55+00:00,031311102221,0.76,39.1,33.2,0,32611,WV02,-118.64478235352347,34.028634575028654,-118.6230649833205,34.06142685551099,https://maxar-opendata.s3.amazonaws.com/events/WildFires-LosAngeles-Jan-2025/ard/11/031311102221/2025-01-13/103001010B9A1B00-visual.tif,https://maxar-opendata.s3.amazonaws.com/events/WildFires-LosAngeles-Jan-2025/ard/11/031311102221/2025-01-13/103001010B9A1B00-ms.tif,https://maxar-opendata.s3.amazonaws.com/events/WildFires-LosAngeles-Jan-2025/ard/11/031311102221/2025-01-13/103001010B9A1B00-pan.tif,2025-01-13,post
https://maxar-opendata.s3.amazonaws.com/events/WildFires-LosAngeles-Jan-2025/ard/11/031311102221/2025-01-14/103001010C7D2D00.json,103001010C7D2D00,2025-01-14 18:30:57+00:00,031311102221,0.58,27.0,30.8,0,32611,WV02,-118.6447823877238,34.028634575028654,-118.6230649833205,34.06142685551099,https://maxar-opendata.s3.amazonaws.com/events/WildFires-LosAngeles-Jan-2025/ard/11/031311102221/2025-01-14/103001010C7D2D00-visual.tif,https://maxar-opendata.s3.amazonaws.com/events/WildFires-LosAngeles-Jan-2025/ard/11/031311102221/2025-01-14/103001010C7D2D00-ms.tif,https://maxar-opendata.s3.amazonaws.com/events/WildFires-LosAngeles-Jan-2025/ard/11/031311102221/2025-01-14/103001010C7D2D00-pan.tif,2025-01-14,post
https://maxar-opendata.s3.amazonaws.com/events/WildFires-LosAngeles-Jan-2025/ard/11/031311102221/2025-01-14/10400100A06B8000.json,10400100A06B8000,2025-01-14 18:36:40+00:00,031311102221,0.36,24.0,31.2,0,32611,WV03,-118.64105841708391,34.028634575028654,-118.6230649833205,34.06142685551099,https://maxar-opendata.s3.amazonaws.com/events/WildFires-LosAngeles-Jan-2025/ard/11/031311102221/2025-01-14/10400100A06B8000-visual.tif,https://maxar-opendata.s3.amazonaws.com/events/WildFires-LosAngeles-Jan-2025/ard/11/031311102221/2025-01-14/10400100A06B8000-ms.tif,https://maxar-opendata.s3.amazonaws.com/events/WildFires-LosAngeles-Jan-2025/ard/11/031311102221/2025-01-14/10400100A06B8000-pan.tif,2025-01-14,post
https://maxar-opendata.s3.amazonaws.com/events/WildFires-LosAngeles-Jan-2025/ard/11/031311102221/2025-01-15/10400100A0B73800.json,10400100A0B73800,2025-01-15 18:52:39+00:00,031311102221,0.34,20.1,32.6,0,32611,WV03,-118.6420049780824,34.028634575028654,-118.6230649833205,34.06142685551099,https://maxar-opendata.s3.amazonaws.com/events/WildFires-LosAngeles-Jan-2025/ard/11/031311102221/2025-01-15/10400100A0B73800-visual.tif,https://maxar-opendata.s3.amazonaws.com/events/WildFires-LosAngeles-Jan-2025/ard/11/031311102221/2025-01-15/10400100A0B73800-ms.tif,https://maxar-opendata.s3.amazonaws.com/events/WildFires-LosAngeles-Jan-2025/ard/11/031311102221/2025-01-15/10400100A0B73800-pan.tif,2025-01-15,post
https://maxar-opendata.s3.amazonaws.com/events/WildFires-LosAngeles-Jan-2025/ard/11/031311102221/2025-01-16/105001004042BF00.json,105001004042BF00,2025-01-16 18:53:51+00:00,031311102221,0.48,24.7,32.8,0,32611,GE01,-118.68123404464131,34.01276097770536,-118.62277725629924,34.06142685551099,https://maxar-opendata.s3.amazonaws.com/events/WildFires-LosAngeles-Jan-2025/ard/11/031311102221/2025-01-16/105001004042BF00-visual.tif,https://maxar-opendata.s3.amazonaws.com/events/WildFires-LosAngeles-Jan-2025/ard/11/031311102221/2025-01-16/105001004042BF00-ms.tif,https://maxar-opendata.s3.amazonaws.com/events/WildFires-LosAngeles-Jan-2025/ard/11/031311102221/2025-01-16/105001004042BF00-pan.tif,2025-01-16,post
https://maxar-opendata.s3.amazonaws.com/events/WildFires-LosAngeles-Jan-2025/ard/11/031311102221/2025-01-16/103001010C12B000.json,103001010C12B000,2025-01-16 18:58:02+00:00,031311102221,0.6,29.1,33.2,0,32611,WV02,-118.6447824187134,34.028634575028654,-118.6230649833205,34.06142685551099,https://maxar-opendata.s3.amazonaws.com/events/WildFires-LosAngeles-Jan-2025/ard/11/031311102221/2025-01-16/103001010C12B000-visual.tif,https://maxar-opendata.s3.amazonaws.com/events/WildFires-LosAngeles-Jan-2025/ard/11/031311102221/2025-01-16/103001010C12B000-ms.tif,https://maxar-opendata.s3.amazonaws.com/events/WildFires-LosAngeles-Jan-2025/ard/11/031311102221/2025-01-16/103001010C12B000-pan.tif,2025-01-16,post
https://maxar-opendata.s3.amazonaws.com/events/WildFires-LosAngeles-Jan-2025/ard/11/031311102222/2025-01-16/105001004042BF00.json,105001004042BF00,2025-01-16 18:53:52+00:00,031311102222,0.48,24.4,32.8,0,32611,GE01,-118.73447337989661,33.966935457215584,-118.67602078278784,34.01562435473584,https://maxar-opendata.s3.amazonaws.com/events/WildFires-LosAngeles-Jan-2025/ard/11/031311102222/2025-01-16/105001004042BF00-visual.tif,https://maxar-opendata.s3.amazonaws.com/events/WildFires-LosAngeles-Jan-2025/ard/11/031311102222/2025-01-16/105001004042BF00-ms.tif,https://maxar-opendata.s3.amazonaws.com/events/WildFires-LosAngeles-Jan-2025/ard/11/031311102222/2025-01-16/105001004042BF00-pan.tif,2025-01-16,post
https://maxar-opendata.s3.amazonaws.com/events/WildFires-LosAngeles-Jan-2025/ard/11/031311102223/2025-01-16/105001004042BF00.json,105001004042BF00,2025-01-16 18:53:51+00:00,031311102223,0.49,24.7,32.8,0,32611,GE01,-118.68034472869442,33.96768574626005,-118.62192037222562,34.01635069357137,https://maxar-opendata.s3.amazonaws.com/events/WildFires-LosAngeles-Jan-2025/ard/11/031311102223/2025-01-16/105001004042BF00-visual.tif,https://maxar-opendata.s3.amazonaws.com/events/WildFires-LosAngeles-Jan-2025/ard/11/031311102223/2025-01-16/105001004042BF00-ms.tif,https://maxar-opendata.s3.amazonaws.com/events/WildFires-LosAngeles-Jan-2025/ard/11/031311102223/2025-01-16/105001004042BF00-pan.tif,2025-01-16,post
https://maxar-opendata.s3.amazonaws.com/events/WildFires-LosAngeles-Jan-2025/ard/11/031311102230/2025-01-10/1050010040277500.json,1050010040277500,2025-01-10 18:36:02+00:00,031311102230,0.48,23.4,30.6,43,32611,GE01,-118.59867657,34.01384576191257,-118.56864638907078,34.06213056857197,https://maxar-opendata.s3.amazonaws.com/events/WildFires-LosAngeles-Jan-2025/ard/11/031311102230/2025-01-10/1050010040277500-visual.tif,https://maxar-opendata.s3.amazonaws.com/events/WildFires-LosAngeles-Jan-2025/ard/11/031311102230/2025-01-10/1050010040277500-ms.tif,https://maxar-opendata.s3.amazonaws.com/events/WildFires-LosAngeles-Jan-2025/ard/11/031311102230/2025-01-10/1050010040277500-pan.tif,2025-01-10,post
https://maxar-opendata.s3.amazonaws.com/events/WildFires-LosAngeles-Jan-2025/ard/11/031311102230/2025-01-13/103001010B9A1B00.json,103001010B9A1B00,2025-01-13 19:06:55+00:00,031311102230,0.76,39.3,33.2,0,32611,WV02,-118.62707480187281,34.01414544496865,-118.56864638907078,34.06213056857197,https://maxar-opendata.s3.amazonaws.com/events/WildFires-LosAngeles-Jan-2025/ard/11/031311102230/2025-01-13/103001010B9A1B00-visual.tif,https://maxar-opendata.s3.amazonaws.com/events/WildFires-LosAngeles-Jan-2025/ard/11/031311102230/2025-01-13/103001010B9A1B00-ms.tif,https://maxar-opendata.s3.amazonaws.com/events/WildFires-LosAngeles-Jan-2025/ard/11/031311102230/2025-01-13/103001010B9A1B00-pan.tif,2025-01-13,post
https://maxar-opendata.s3.amazonaws.com/events/WildFires-LosAngeles-Jan-2025/ard/11/031311102230/2025-01-14/103001010C7D2D00.json,103001010C7D2D00,2025-01-14 18:30:57+00:00,031311102230,0.58,26.9,30.8,0,32611,WV02,-118.62707480187281,34.01414544496865,-118.56864638907078,34.06213056857197,https://maxar-opendata.s3.amazonaws.com/events/WildFires-LosAngeles-Jan-2025/ard/11/031311102230/2025-01-14/103001010C7D2D00-visual.tif,https://maxar-opendata.s3.amazonaws.com/events/WildFires-LosAngeles-Jan-2025/ard/11/031311102230/2025-01-14/103001010C7D2D00-ms.tif,https://maxar-opendata.s3.amazonaws.com/events/WildFires-LosAngeles-Jan-2025/ard/11/031311102230/2025-01-14/103001010C7D2D00-pan.tif,2025-01-14,post
https://maxar-opendata.s3.amazonaws.com/events/WildFires-LosAngeles-Jan-2025/ard/11/031311102230/2025-01-14/10400100A06B8000.json,10400100A06B8000,2025-01-14 18:36:40+00:00,031311102230,0.36,23.9,31.2,0,32611,WV03,-118.62707480187281,34.01414544496865,-118.56864638907078,34.06213056857197,https://maxar-opendata.s3.amazonaws.com/events/WildFires-LosAngeles-Jan-2025/ard/11/031311102230/2025-01-14/10400100A06B8000-visual.tif,https://maxar-opendata.s3.amazonaws.com/events/WildFires-LosAngeles-Jan-2025/ard/11/031311102230/2025-01-14/10400100A06B8000-ms.tif,https://maxar-opendata.s3.amazonaws.com/events/WildFires-LosAngeles-Jan-2025/ard/11/031311102230/2025-01-14/10400100A06B8000-pan.tif,2025-01-14,post
https://maxar-opendata.s3.amazonaws.com/events/WildFires-LosAngeles-Jan-2025/ard/11/031311102230/2025-01-14/10400100A1AFE700.json,10400100A1AFE700,2025-01-14 18:37:48+00:00,031311102230,0.35,21.6,31.4,0,32611,WV03,-118.62627329683045,34.01414544828831,-118.56864638907078,34.06213056857197,https://maxar-opendata.s3.amazonaws.com/events/WildFires-LosAngeles-Jan-2025/ard/11/031311102230/2025-01-14/10400100A1AFE700-visual.tif,https://maxar-opendata.s3.amazonaws.com/events/WildFires-LosAngeles-Jan-2025/ard/11/031311102230/2025-01-14/10400100A1AFE700-ms.tif,https://maxar-opendata.s3.amazonaws.com/events/WildFires-LosAngeles-Jan-2025/ard/11/031311102230/2025-01-14/10400100A1AFE700-pan.tif,2025-01-14,post
https://maxar-opendata.s3.amazonaws.com/events/WildFires-LosAngeles-Jan-2025/ard/11/031311102230/2025-01-15/10400100A0B73800.json,10400100A0B73800,2025-01-15 18:52:39+00:00,031311102230,0.34,20.3,32.6,0,32611,WV03,-118.62707480187281,34.01414544496865,-118.56864638907078,34.06213056857197,https://maxar-opendata.s3.amazonaws.com/events/WildFires-LosAngeles-Jan-2025/ard/11/031311102230/2025-01-15/10400100A0B73800-visual.tif,https://maxar-opendata.s3.amazonaws.com/events/WildFires-LosAngeles-Jan-2025/ard/11/031311102230/2025-01-15/10400100A0B73800-ms.tif,https://maxar-opendata.s3.amazonaws.com/events/WildFires-LosAngeles-Jan-2025/ard/11/031311102230/2025-01-15/10400100A0B73800-pan.tif,2025-01-15,post
https://maxar-opendata.s3.amazonaws.com/events/WildFires-LosAngeles-Jan-2025/ard/11/031311102230/2025-01-16/105001004042BF00.json,105001004042BF00,2025-01-16 18:53:50+00:00,031311102230,0.49,24.9,32.8,0,32611,GE01,-118.62707480187281,34.01348872793379,-118.56864638907078,34.06213056857197,https://maxar-opendata.s3.amazonaws.com/events/WildFires-LosAngeles-Jan-2025/ard/11/031311102230/2025-01-16/105001004042BF00-visual.tif,https://maxar-opendata.s3.amazonaws.com/events/WildFires-LosAngeles-Jan-2025/ard/11/031311102230/2025-01-16/105001004042BF00-ms.tif,https://maxar-opendata.s3.amazonaws.com/events/WildFires-LosAngeles-Jan-2025/ard/11/031311102230/2025-01-16/105001004042BF00-pan.tif,2025-01-16,post
https://maxar-opendata.s3.amazonaws.com/events/WildFires-LosAngeles-Jan-2025/ard/11/031311102230/2025-01-16/103001010C12B000.json,103001010C12B000,2025-01-16 18:58:02+00:00,031311102230,0.6,29.2,33.2,0,32611,WV02,-118.62707480187281,34.01414544496865,-118.56864638907078,34.06213056857197,https://maxar-opendata.s3.amazonaws.com/events/WildFires-LosAngeles-Jan-2025/ard/11/031311102230/2025-01-16/103001010C12B000-visual.tif,https://maxar-opendata.s3.amazonaws.com/events/WildFires-LosAngeles-Jan-2025/ard/11/031311102230/2025-01-16/103001010C12B000-ms.tif,https://maxar-opendata.s3.amazonaws.com/events/WildFires-LosAngeles-Jan-2025/ard/11/031311102230/2025-01-16/103001010C12B000-pan.tif,2025-01-16,post
https://maxar-opendata.s3.amazonaws.com/events/WildFires-LosAngeles-Jan-2025/ard/11/031311102230/2025-01-20/10400100A1B60B00.json,10400100A1B60B00,2025-01-20 18:32:43+00:00,031311102230,0.36,23.5,31.9,0,32611,WV03,-118.62707480187281,34.01414544496865,-118.56864638907078,34.06213056857197,https://maxar-opendata.s3.amazonaws.com/events/WildFires-LosAngeles-Jan-2025/ard/11/031311102230/2025-01-20/10400100A1B60B00-visual.tif,https://maxar-opendata.s3.amazonaws.com/events/WildFires-LosAngeles-Jan-2025/ard/11/031311102230/2025-01-20/10400100A1B60B00-ms.tif,https://maxar-opendata.s3.amazonaws.com/events/WildFires-LosAngeles-Jan-2025/ard/11/031311102230/2025-01-20/10400100A1B60B00-pan.tif,2025-01-20,post
https://maxar-opendata.s3.amazonaws.com/events/WildFires-LosAngeles-Jan-2025/ard/11/031311102231/2025-01-10/1050010040277500.json,1050010040277500,2025-01-10 18:36:02+00:00,031311102231,0.48,23.4,30.6,29,32611,GE01,-118.57291364404695,34.01419266938623,-118.51451367858594,34.062810427263365,https://maxar-opendata.s3.amazonaws.com/events/WildFires-LosAngeles-Jan-2025/ard/11/031311102231/2025-01-10/1050010040277500-visual.tif,https://maxar-opendata.s3.amazonaws.com/events/WildFires-LosAngeles-Jan-2025/ard/11/031311102231/2025-01-10/1050010040277500-ms.tif,https://maxar-opendata.s3.amazonaws.com/events/WildFires-LosAngeles-Jan-2025/ard/11/031311102231/2025-01-10/1050010040277500-pan.tif,2025-01-10,post
https://maxar-opendata.s3.amazonaws.com/events/WildFires-LosAngeles-Jan-2025/ard/11/031311102231/2025-01-13/103001010B9A1B00.json,103001010B9A1B00,2025-01-13 19:06:55+00:00,031311102231,0.77,39.4,33.2,0,32611,WV02,-118.57291364404695,34.01419266938623,-118.51451367858594,34.062810427263365,https://maxar-opendata.s3.amazonaws.com/events/WildFires-LosAngeles-Jan-2025/ard/11/031311102231/2025-01-13/103001010B9A1B00-visual.tif,https://maxar-opendata.s3.amazonaws.com/events/WildFires-LosAngeles-Jan-2025/ard/11/031311102231/2025-01-13/103001010B9A1B00-ms.tif,https://maxar-opendata.s3.amazonaws.com/events/WildFires-LosAngeles-Jan-2025/ard/11/031311102231/2025-01-13/103001010B9A1B00-pan.tif,2025-01-13,post
https://maxar-opendata.s3.amazonaws.com/events/WildFires-LosAngeles-Jan-2025/ard/11/031311102231/2025-01-14/103001010C7D2D00.json,103001010C7D2D00,2025-01-14 18:30:58+00:00,031311102231,0.57,26.8,30.8,0,32611,WV02,-118.57291364404695,34.01419266938623,-118.51451367858594,34.062810427263365,https://maxar-opendata.s3.amazonaws.com/events/WildFires-LosAngeles-Jan-2025/ard/11/031311102231/2025-01-14/103001010C7D2D00-visual.tif,https://maxar-opendata.s3.amazonaws.com/events/WildFires-LosAngeles-Jan-2025/ard/11/031311102231/2025-01-14/103001010C7D2D00-ms.tif,https://maxar-opendata.s3.amazonaws.com/events/WildFires-LosAngeles-Jan-2025/ard/11/031311102231/2025-01-14/103001010C7D2D00-pan.tif,2025-01-14,post
https://maxar-opendata.s3.amazonaws.com/events/WildFires-LosAngeles-Jan-2025/ard/11/031311102231/2025-01-14/10400100A06B8000.json,10400100A06B8000,2025-01-14 18:36:40+00:00,031311102231,0.36,23.6,31.2,0,32611,WV03,-118.57291364404695,34.01419266938623,-118.51451367858594,34.062810427263365,https://maxar-opendata.s3.amazonaws.com/events/WildFires-LosAngeles-Jan-2025/ard/11/031311102231/2025-01-14/10400100A06B8000-visual.tif,https://maxar-opendata.s3.amazonaws.com/events/WildFires-LosAngeles-Jan-2025/ard/11/031311102231/2025-01-14/10400100A06B8000-ms.tif,https://maxar-opendata.s3.amazonaws.com/events/WildFires-LosAngeles-Jan-2025/ard/11/031311102231/2025-01-14/10400100A06B8000-pan.tif,2025-01-14,post
https://maxar-opendata.s3.amazonaws.com/events/WildFires-LosAngeles-Jan-2025/ard/11/031311102231/2025-01-14/10400100A1AFE700.json,10400100A1AFE700,2025-01-14 18:37:48+00:00,031311102231,0.35,21.5,31.4,0,32611,WV03,-118.57291364404695,34.01419266938623,-118.51451367858594,34.062810427263365,https://maxar-opendata.s3.amazonaws.com/events/WildFires-LosAngeles-Jan-2025/ard/11/031311102231/2025-01-14/10400100A1AFE700-visual.tif,https://maxar-opendata.s3.amazonaws.com/events/WildFires-LosAngeles-Jan-2025/ard/11/031311102231/2025-01-14/10400100A1AFE700-ms.tif,https://maxar-opendata.s3.amazonaws.com/events/WildFires-LosAngeles-Jan-2025/ard/11/031311102231/2025-01-14/10400100A1AFE700-pan.tif,2025-01-14,post
https://maxar-opendata.s3.amazonaws.com/events/WildFires-LosAngeles-Jan-2025/ard/11/031311102231/2025-01-15/10400100A0B73800.json,10400100A0B73800,2025-01-15 18:52:39+00:00,031311102231,0.35,20.7,32.6,0,32611,WV03,-118.57291364404695,34.01419266938623,-118.51451367858594,34.062810427263365,https://maxar-opendata.s3.amazonaws.com/events/WildFires-LosAngeles-Jan-2025/ard/11/031311102231/2025-01-15/10400100A0B73800-visual.tif,https://maxar-opendata.s3.amazonaws.com/events/WildFires-LosAngeles-Jan-2025/ard/11/031311102231/2025-01-15/10400100A0B73800-ms.tif,https://maxar-opendata.s3.amazonaws.com/events/WildFires-LosAngeles-Jan-2025/ard/11/031311102231/2025-01-15/10400100A0B73800-pan.tif,2025-01-15,post
https://maxar-opendata.s3.amazonaws.com/events/WildFires-LosAngeles-Jan-2025/ard/11/031311102231/2025-01-16/105001004042BF00.json,105001004042BF00,2025-01-16 18:53:50+00:00,031311102231,0.49,25.1,32.8,0,32611,GE01,-118.57291364404695,34.01419266938623,-118.51451367858594,34.062810427263365,https://maxar-opendata.s3.amazonaws.com/events/WildFires-LosAngeles-Jan-2025/ard/11/031311102231/2025-01-16/105001004042BF00-visual.tif,https://maxar-opendata.s3.amazonaws.com/events/WildFires-LosAngeles-Jan-2025/ard/11/031311102231/2025-01-16/105001004042BF00-ms.tif,https://maxar-opendata.s3.amazonaws.com/events/WildFires-LosAngeles-Jan-2025/ard/11/031311102231/2025-01-16/105001004042BF00-pan.tif,2025-01-16,post
https://maxar-opendata.s3.amazonaws.com/events/WildFires-LosAngeles-Jan-2025/ard/11/031311102231/2025-01-16/103001010C12B000.json,103001010C12B000,2025-01-16 18:58:02+00:00,031311102231,0.6,29.5,33.2,0,32611,WV02,-118.57291364404695,34.01419266938623,-118.51451367858594,34.062810427263365,https://maxar-opendata.s3.amazonaws.com/events/WildFires-LosAngeles-Jan-2025/ard/11/031311102231/2025-01-16/103001010C12B000-visual.tif,https://maxar-opendata.s3.amazonaws.com/events/WildFires-LosAngeles-Jan-2025/ard/11/031311102231/2025-01-16/103001010C12B000-ms.tif,https://maxar-opendata.s3.amazonaws.com/events/WildFires-LosAngeles-Jan-2025/ard/11/031311102231/2025-01-16/103001010C12B000-pan.tif,2025-01-16,post
https://maxar-opendata.s3.amazonaws.com/events/WildFires-LosAngeles-Jan-2025/ard/11/031311102231/2025-01-19/103001010C7DD700.json,103001010C7DD700,2025-01-19 18:47:58+00:00,031311102231,0.55,24.4,33.0,2,32611,WV02,-118.57291364404695,34.01419266938623,-118.51451367858594,34.062810427263365,https://maxar-opendata.s3.amazonaws.com/events/WildFires-LosAngeles-Jan-2025/ard/11/031311102231/2025-01-19/103001010C7DD700-visual.tif,https://maxar-opendata.s3.amazonaws.com/events/WildFires-LosAngeles-Jan-2025/ard/11/031311102231/2025-01-19/103001010C7DD700-ms.tif,https://maxar-opendata.s3.amazonaws.com/events/WildFires-LosAngeles-Jan-2025/ard/11/031311102231/2025-01-19/103001010C7DD700-pan.tif,2025-01-19,post
https://maxar-opendata.s3.amazonaws.com/events/WildFires-LosAngeles-Jan-2025/ard/11/031311102231/2025-01-20/10400100A1B60B00.json,10400100A1B60B00,2025-01-20 18:32:43+00:00,031311102231,0.36,23.1,31.9,0,32611,WV03,-118.57291364404695,34.01419266938623,-118.51451367858594,34.062810427263365,https://maxar-opendata.s3.amazonaws.com/events/WildFires-LosAngeles-Jan-2025/ard/11/031311102231/2025-01-20/10400100A1B60B00-visual.tif,https://maxar-opendata.s3.amazonaws.com/events/WildFires-LosAngeles-Jan-2025/ard/11/031311102231/2025-01-20/10400100A1B60B00-ms.tif,https://maxar-opendata.s3.amazonaws.com/events/WildFires-LosAngeles-Jan-2025/ard/11/031311102231/2025-01-20/10400100A1B60B00-pan.tif,2025-01-20,post
https://maxar-opendata.s3.amazonaws.com/events/WildFires-LosAngeles-Jan-2025/ard/11/031311102232/2025-01-13/103001010B9A1B00.json,103001010B9A1B00,2025-01-13 19:06:56+00:00,031311102232,0.76,39.3,33.2,0,32611,WV02,-118.58446087108938,34.01200766940227,-118.56860549936304,34.01705322094775,https://maxar-opendata.s3.amazonaws.com/events/WildFires-LosAngeles-Jan-2025/ard/11/031311102232/2025-01-13/103001010B9A1B00-visual.tif,https://maxar-opendata.s3.amazonaws.com/events/WildFires-LosAngeles-Jan-2025/ard/11/031311102232/2025-01-13/103001010B9A1B00-ms.tif,https://maxar-opendata.s3.amazonaws.com/events/WildFires-LosAngeles-Jan-2025/ard/11/031311102232/2025-01-13/103001010B9A1B00-pan.tif,2025-01-13,post
https://maxar-opendata.s3.amazonaws.com/events/WildFires-LosAngeles-Jan-2025/ard/11/031311102232/2025-01-14/103001010C7D2D00.json,103001010C7D2D00,2025-01-14 18:30:57+00:00,031311102232,0.57,26.6,30.8,0,32611,WV02,-118.58446087108938,34.012007658055104,-118.56860546219671,34.01705322094775,https://maxar-opendata.s3.amazonaws.com/events/WildFires-LosAngeles-Jan-2025/ard/11/031311102232/2025-01-14/103001010C7D2D00-visual.tif,https://maxar-opendata.s3.amazonaws.com/events/WildFires-LosAngeles-Jan-2025/ard/11/031311102232/2025-01-14/103001010C7D2D00-ms.tif,https://maxar-opendata.s3.amazonaws.com/events/WildFires-LosAngeles-Jan-2025/ard/11/031311102232/2025-01-14/103001010C7D2D00-pan.tif,2025-01-14,post
https://maxar-opendata.s3.amazonaws.com/events/WildFires-LosAngeles-Jan-2025/ard/11/031311102232/2025-01-14/10400100A06B8000.json,10400100A06B8000,2025-01-14 18:36:41+00:00,031311102232,0.36,23.9,31.3,0,32611,WV03,-118.58446087108938,34.012007658502824,-118.56860546366318,34.01705322094775,https://maxar-opendata.s3.amazonaws.com/events/WildFires-LosAngeles-Jan-2025/ard/11/031311102232/2025-01-14/10400100A06B8000-visual.tif,https://maxar-opendata.s3.amazonaws.com/events/WildFires-LosAngeles-Jan-2025/ard/11/031311102232/2025-01-14/10400100A06B8000-ms.tif,https://maxar-opendata.s3.amazonaws.com/events/WildFires-LosAngeles-Jan-2025/ard/11/031311102232/2025-01-14/10400100A06B8000-pan.tif,2025-01-14,post
https://maxar-opendata.s3.amazonaws.com/events/WildFires-LosAngeles-Jan-2025/ard/11/031311102232/2025-01-14/10400100A1AFE700.json,10400100A1AFE700,2025-01-14 18:37:47+00:00,031311102232,0.35,20.9,31.4,0,32611,WV03,-118.58446090103587,34.01200766940227,-118.56860549936304,34.01705322094775,https://maxar-opendata.s3.amazonaws.com/events/WildFires-LosAngeles-Jan-2025/ard/11/031311102232/2025-01-14/10400100A1AFE700-visual.tif,https://maxar-opendata.s3.amazonaws.com/events/WildFires-LosAngeles-Jan-2025/ard/11/031311102232/2025-01-14/10400100A1AFE700-ms.tif,https://maxar-opendata.s3.amazonaws.com/events/WildFires-LosAngeles-Jan-2025/ard/11/031311102232/2025-01-14/10400100A1AFE700-pan.tif,2025-01-14,post
https://maxar-opendata.s3.amazonaws.com/events/WildFires-LosAngeles-Jan-2025/ard/11/031311102232/2025-01-15/10400100A0B73800.json,10400100A0B73800,2025-01-15 18:52:39+00:00,031311102232,0.34,20.3,32.6,0,32611,WV03,-118.58446087108938,34.012007651351794,-118.56860544024082,34.01705322094775,https://maxar-opendata.s3.amazonaws.com/events/WildFires-LosAngeles-Jan-2025/ard/11/031311102232/2025-01-15/10400100A0B73800-visual.tif,https://maxar-opendata.s3.amazonaws.com/events/WildFires-LosAngeles-Jan-2025/ard/11/031311102232/2025-01-15/10400100A0B73800-ms.tif,https://maxar-opendata.s3.amazonaws.com/events/WildFires-LosAngeles-Jan-2025/ard/11/031311102232/2025-01-15/10400100A0B73800-pan.tif,2025-01-15,post
https://maxar-opendata.s3.amazonaws.com/events/WildFires-LosAngeles-Jan-2025/ard/11/031311102232/2025-01-16/105001004042BF00.json,105001004042BF00,2025-01-16 18:53:50+00:00,031311102232,0.49,24.9,32.8,0,32611,GE01,-118.6262141030345,33.96841226947898,-118.56781805897702,34.01705322094775,https://maxar-opendata.s3.amazonaws.com/events/WildFires-LosAngeles-Jan-2025/ard/11/031311102232/2025-01-16/105001004042BF00-visual.tif,https://maxar-opendata.s3.amazonaws.com/events/WildFires-LosAngeles-Jan-2025/ard/11/031311102232/2025-01-16/105001004042BF00-ms.tif,https://maxar-opendata.s3.amazonaws.com/events/WildFires-LosAngeles-Jan-2025/ard/11/031311102232/2025-01-16/105001004042BF00-pan.tif,2025-01-16,post
https://maxar-opendata.s3.amazonaws.com/events/WildFires-LosAngeles-Jan-2025/ard/11/031311102232/2025-01-20/10400100A1B60B00.json,10400100A1B60B00,2025-01-20 18:32:44+00:00,031311102232,0.36,23.4,31.9,0,32611,WV03,-118.58446087108938,34.012007655225155,-118.56860545292754,34.01705322094775,https://maxar-opendata.s3.amazonaws.com/events/WildFires-LosAngeles-Jan-2025/ard/11/031311102232/2025-01-20/10400100A1B60B00-visual.tif,https://maxar-opendata.s3.amazonaws.com/events/WildFires-LosAngeles-Jan-2025/ard/11/031311102232/2025-01-20/10400100A1B60B00-ms.tif,https://maxar-opendata.s3.amazonaws.com/events/WildFires-LosAngeles-Jan-2025/ard/11/031311102232/2025-01-20/10400100A1B60B00-pan.tif,2025-01-20,post
https://maxar-opendata.s3.amazonaws.com/events/WildFires-LosAngeles-Jan-2025/ard/11/031311102233/2025-01-13/103001010B9A1B00.json,103001010B9A1B00,2025-01-13 19:06:56+00:00,031311102233,0.77,39.4,33.2,0,32611,WV02,-118.57208156640299,33.99538725138707,-118.51416726481693,34.01773193412838,https://maxar-opendata.s3.amazonaws.com/events/WildFires-LosAngeles-Jan-2025/ard/11/031311102233/2025-01-13/103001010B9A1B00-visual.tif,https://maxar-opendata.s3.amazonaws.com/events/WildFires-LosAngeles-Jan-2025/ard/11/031311102233/2025-01-13/103001010B9A1B00-ms.tif,https://maxar-opendata.s3.amazonaws.com/events/WildFires-LosAngeles-Jan-2025/ard/11/031311102233/2025-01-13/103001010B9A1B00-pan.tif,2025-01-13,post
https://maxar-opendata.s3.amazonaws.com/events/WildFires-LosAngeles-Jan-2025/ard/11/031311102233/2025-01-14/103001010C7D2D00.json,103001010C7D2D00,2025-01-14 18:30:57+00:00,031311102233,0.57,26.5,30.8,0,32611,WV02,-118.57208156640299,33.995387222488226,-118.51416717016215,34.01773193412838,https://maxar-opendata.s3.amazonaws.com/events/WildFires-LosAngeles-Jan-2025/ard/11/031311102233/2025-01-14/103001010C7D2D00-visual.tif,https://maxar-opendata.s3.amazonaws.com/events/WildFires-LosAngeles-Jan-2025/ard/11/031311102233/2025-01-14/103001010C7D2D00-ms.tif,https://maxar-opendata.s3.amazonaws.com/events/WildFires-LosAngeles-Jan-2025/ard/11/031311102233/2025-01-14/103001010C7D2D00-pan.tif,2025-01-14,post
https://maxar-opendata.s3.amazonaws.com/events/WildFires-LosAngeles-Jan-2025/ard/11/031311102233/2025-01-14/10400100A06B8000.json,10400100A06B8000,2025-01-14 18:36:41+00:00,031311102233,0.36,23.6,31.3,0,32611,WV03,-118.57208156640299,33.99538719244525,-118.5141670717599,34.01773193412838,https://maxar-opendata.s3.amazonaws.com/events/WildFires-LosAngeles-Jan-2025/ard/11/031311102233/2025-01-14/10400100A06B8000-visual.tif,https://maxar-opendata.s3.amazonaws.com/events/WildFires-LosAngeles-Jan-2025/ard/11/031311102233/2025-01-14/10400100A06B8000-ms.tif,https://maxar-opendata.s3.amazonaws.com/events/WildFires-LosAngeles-Jan-2025/ard/11/031311102233/2025-01-14/10400100A06B8000-pan.tif,2025-01-14,post
https://maxar-opendata.s3.amazonaws.com/events/WildFires-LosAngeles-Jan-2025/ard/11/031311102233/2025-01-14/10400100A1AFE700.json,10400100A1AFE700,2025-01-14 18:37:47+00:00,031311102233,0.35,20.8,31.4,0,32611,WV03,-118.57208156640299,33.99538725138707,-118.51416726481693,34.01773193412838,https://maxar-opendata.s3.amazonaws.com/events/WildFires-LosAngeles-Jan-2025/ard/11/031311102233/2025-01-14/10400100A1AFE700-visual.tif,https://maxar-opendata.s3.amazonaws.com/events/WildFires-LosAngeles-Jan-2025/ard/11/031311102233/2025-01-14/10400100A1AFE700-ms.tif,https://maxar-opendata.s3.amazonaws.com/events/WildFires-LosAngeles-Jan-2025/ard/11/031311102233/2025-01-14/10400100A1AFE700-pan.tif,2025-01-14,post
https://maxar-opendata.s3.amazonaws.com/events/WildFires-LosAngeles-Jan-2025/ard/11/031311102233/2025-01-15/10400100A0B73800.json,10400100A0B73800,2025-01-15 18:52:39+00:00,031311102233,0.35,20.7,32.6,0,32611,WV03,-118.57208156640299,33.9953871789949,-118.51416702770486,34.01773193412838,https://maxar-opendata.s3.amazonaws.com/events/WildFires-LosAngeles-Jan-2025/ard/11/031311102233/2025-01-15/10400100A0B73800-visual.tif,https://maxar-opendata.s3.amazonaws.com/events/WildFires-LosAngeles-Jan-2025/ard/11/031311102233/2025-01-15/10400100A0B73800-ms.tif,https://maxar-opendata.s3.amazonaws.com/events/WildFires-LosAngeles-Jan-2025/ard/11/031311102233/2025-01-15/10400100A0B73800-pan.tif,2025-01-15,post
https://maxar-opendata.s3.amazonaws.com/events/WildFires-LosAngeles-Jan-2025/ard/11/031311102233/2025-01-16/105001004042BF00.json,105001004042BF00,2025-01-16 18:53:50+00:00,031311102233,0.49,25.1,32.8,0,32611,GE01,-118.57208156640299,33.96911502404462,-118.51371390639954,34.01773193412838,https://maxar-opendata.s3.amazonaws.com/events/WildFires-LosAngeles-Jan-2025/ard/11/031311102233/2025-01-16/105001004042BF00-visual.tif,https://maxar-opendata.s3.amazonaws.com/events/WildFires-LosAngeles-Jan-2025/ard/11/031311102233/2025-01-16/105001004042BF00-ms.tif,https://maxar-opendata.s3.amazonaws.com/events/WildFires-LosAngeles-Jan-2025/ard/11/031311102233/2025-01-16/105001004042BF00-pan.tif,2025-01-16,post
https://maxar-opendata.s3.amazonaws.com/events/WildFires-LosAngeles-Jan-2025/ard/11/031311102233/2025-01-19/103001010C7DD700.json,103001010C7DD700,2025-01-19 18:47:59+00:00,031311102233,0.55,24.5,33.0,1,32611,WV02,-118.57208156640299,33.9953871898929,-118.5141670634,34.01773193412838,https://maxar-opendata.s3.amazonaws.com/events/WildFires-LosAngeles-Jan-2025/ard/11/031311102233/2025-01-19/103001010C7DD700-visual.tif,https://maxar-opendata.s3.amazonaws.com/events/WildFires-LosAngeles-Jan-2025/ard/11/031311102233/2025-01-19/103001010C7DD700-ms.tif,https://maxar-opendata.s3.amazonaws.com/events/WildFires-LosAngeles-Jan-2025/ard/11/031311102233/2025-01-19/103001010C7DD700-pan.tif,2025-01-19,post
https://maxar-opendata.s3.amazonaws.com/events/WildFires-LosAngeles-Jan-2025/ard/11/031311102233/2025-01-20/10400100A1B60B00.json,10400100A1B60B00,2025-01-20 18:32:44+00:00,031311102233,0.36,23.1,31.9,0,32611,WV03,-118.57208156640299,33.99538718246748,-118.51416703907888,34.01773193412838,https://maxar-opendata.s3.amazonaws.com/events/WildFires-LosAngeles-Jan-2025/ard/11/031311102233/2025-01-20/10400100A1B60B00-visual.tif,https://maxar-opendata.s3.amazonaws.com/events/WildFires-LosAngeles-Jan-2025/ard/11/031311102233/2025-01-20/10400100A1B60B00-ms.tif,https://maxar-opendata.s3.amazonaws.com/events/WildFires-LosAngeles-Jan-2025/ard/11/031311102233/2025-01-20/10400100A1B60B00-pan.tif,2025-01-20,post
https://maxar-opendata.s3.amazonaws.com/events/WildFires-LosAngeles-Jan-2025/ard/11/031311102300/2025-01-09/10400100A20D9300.json,10400100A20D9300,2025-01-09 18:56:45+00:00,031311102300,0.39,28.1,32.0,0,32611,WV03,-118.52036290695011,34.10502934033102,-118.4619267616947,34.15362458554531,https://maxar-opendata.s3.amazonaws.com/events/WildFires-LosAngeles-Jan-2025/ard/11/031311102300/2025-01-09/10400100A20D9300-visual.tif,https://maxar-opendata.s3.amazonaws.com/events/WildFires-LosAngeles-Jan-2025/ard/11/031311102300/2025-01-09/10400100A20D9300-ms.tif,https://maxar-opendata.s3.amazonaws.com/events/WildFires-LosAngeles-Jan-2025/ard/11/031311102300/2025-01-09/10400100A20D9300-pan.tif,2025-01-09,post
https://maxar-opendata.s3.amazonaws.com/events/WildFires-LosAngeles-Jan-2025/ard/11/031311102300/2025-01-13/103001010B9A1B00.json,103001010B9A1B00,2025-01-13 19:06:55+00:00,031311102300,0.77,39.6,33.1,0,32611,WV02,-118.52036290695011,34.10502934033102,-118.48756302703552,34.153326369612174,https://maxar-opendata.s3.amazonaws.com/events/WildFires-LosAngeles-Jan-2025/ard/11/031311102300/2025-01-13/103001010B9A1B00-visual.tif,https://maxar-opendata.s3.amazonaws.com/events/WildFires-LosAngeles-Jan-2025/ard/11/031311102300/2025-01-13/103001010B9A1B00-ms.tif,https://maxar-opendata.s3.amazonaws.com/events/WildFires-LosAngeles-Jan-2025/ard/11/031311102300/2025-01-13/103001010B9A1B00-pan.tif,2025-01-13,post
https://maxar-opendata.s3.amazonaws.com/events/WildFires-LosAngeles-Jan-2025/ard/11/031311102300/2025-01-14/103001010C7D2D00.json,103001010C7D2D00,2025-01-14 18:30:58+00:00,031311102300,0.58,27.4,30.7,0,32611,WV02,-118.52036290695011,34.10502934033102,-118.4619267616947,34.15362458554531,https://maxar-opendata.s3.amazonaws.com/events/WildFires-LosAngeles-Jan-2025/ard/11/031311102300/2025-01-14/103001010C7D2D00-visual.tif,https://maxar-opendata.s3.amazonaws.com/events/WildFires-LosAngeles-Jan-2025/ard/11/031311102300/2025-01-14/103001010C7D2D00-ms.tif,https://maxar-opendata.s3.amazonaws.com/events/WildFires-LosAngeles-Jan-2025/ard/11/031311102300/2025-01-14/103001010C7D2D00-pan.tif,2025-01-14,post
https://maxar-opendata.s3.amazonaws.com/events/WildFires-LosAngeles-Jan-2025/ard/11/031311102300/2025-01-14/10400100A06B8000.json,10400100A06B8000,2025-01-14 18:36:39+00:00,031311102300,0.36,23.5,31.2,0,32611,WV03,-118.52036290695011,34.10502934033102,-118.47594077492349,34.15346032513343,https://maxar-opendata.s3.amazonaws.com/events/WildFires-LosAngeles-Jan-2025/ard/11/031311102300/2025-01-14/10400100A06B8000-visual.tif,https://maxar-opendata.s3.amazonaws.com/events/WildFires-LosAngeles-Jan-2025/ard/11/031311102300/2025-01-14/10400100A06B8000-ms.tif,https://maxar-opendata.s3.amazonaws.com/events/WildFires-LosAngeles-Jan-2025/ard/11/031311102300/2025-01-14/10400100A06B8000-pan.tif,2025-01-14,post
https://maxar-opendata.s3.amazonaws.com/events/WildFires-LosAngeles-Jan-2025/ard/11/031311102300/2025-01-14/10400100A0BAD600.json,10400100A0BAD600,2025-01-14 18:37:36+00:00,031311102300,0.33,16.7,31.2,0,32611,WV03,-118.52036290695011,34.10502934033102,-118.4619267616947,34.15362458554531,https://maxar-opendata.s3.amazonaws.com/events/WildFires-LosAngeles-Jan-2025/ard/11/031311102300/2025-01-14/10400100A0BAD600-visual.tif,https://maxar-opendata.s3.amazonaws.com/events/WildFires-LosAngeles-Jan-2025/ard/11/031311102300/2025-01-14/10400100A0BAD600-ms.tif,https://maxar-opendata.s3.amazonaws.com/events/WildFires-LosAngeles-Jan-2025/ard/11/031311102300/2025-01-14/10400100A0BAD600-pan.tif,2025-01-14,post
https://maxar-opendata.s3.amazonaws.com/events/WildFires-LosAngeles-Jan-2025/ard/11/031311102300/2025-01-14/10400100A1AFE700.json,10400100A1AFE700,2025-01-14 18:37:49+00:00,031311102300,0.36,22.9,31.2,0,32611,WV03,-118.52036290695011,34.10502934033102,-118.46979767295878,34.15354040771393,https://maxar-opendata.s3.amazonaws.com/events/WildFires-LosAngeles-Jan-2025/ard/11/031311102300/2025-01-14/10400100A1AFE700-visual.tif,https://maxar-opendata.s3.amazonaws.com/events/WildFires-LosAngeles-Jan-2025/ard/11/031311102300/2025-01-14/10400100A1AFE700-ms.tif,https://maxar-opendata.s3.amazonaws.com/events/WildFires-LosAngeles-Jan-2025/ard/11/031311102300/2025-01-14/10400100A1AFE700-pan.tif,2025-01-14,post
https://maxar-opendata.s3.amazonaws.com/events/WildFires-LosAngeles-Jan-2025/ard/11/031311102300/2025-01-15/10400100A0B73800.json,10400100A0B73800,2025-01-15 18:52:41+00:00,031311102300,0.35,21.2,32.6,0,32611,WV03,-118.52036290695011,34.10502934033102,-118.475364258974,34.15347361783381,https://maxar-opendata.s3.amazonaws.com/events/WildFires-LosAngeles-Jan-2025/ard/11/031311102300/2025-01-15/10400100A0B73800-visual.tif,https://maxar-opendata.s3.amazonaws.com/events/WildFires-LosAngeles-Jan-2025/ard/11/031311102300/2025-01-15/10400100A0B73800-ms.tif,https://maxar-opendata.s3.amazonaws.com/events/WildFires-LosAngeles-Jan-2025/ard/11/031311102300/2025-01-15/10400100A0B73800-pan.tif,2025-01-15,post
https://maxar-opendata.s3.amazonaws.com/events/WildFires-LosAngeles-Jan-2025/ard/11/031311102300/2025-01-16/105001004042BF00.json,105001004042BF00,2025-01-16 18:53:49+00:00,031311102300,0.49,25.3,32.9,0,32611,GE01,-118.51953201259636,34.10502934033102,-118.4619267616947,34.10671324230158,https://maxar-opendata.s3.amazonaws.com/events/WildFires-LosAngeles-Jan-2025/ard/11/031311102300/2025-01-16/105001004042BF00-visual.tif,https://maxar-opendata.s3.amazonaws.com/events/WildFires-LosAngeles-Jan-2025/ard/11/031311102300/2025-01-16/105001004042BF00-ms.tif,https://maxar-opendata.s3.amazonaws.com/events/WildFires-LosAngeles-Jan-2025/ard/11/031311102300/2025-01-16/105001004042BF00-pan.tif,2025-01-16,post
https://maxar-opendata.s3.amazonaws.com/events/WildFires-LosAngeles-Jan-2025/ard/11/031311102300/2025-01-16/103001010C12B000.json,103001010C12B000,2025-01-16 18:58:01+00:00,031311102300,0.61,29.8,33.1,0,32611,WV02,-118.52036290695011,34.10502934033102,-118.4619267616947,34.15362458554531,https://maxar-opendata.s3.amazonaws.com/events/WildFires-LosAngeles-Jan-2025/ard/11/031311102300/2025-01-16/103001010C12B000-visual.tif,https://maxar-opendata.s3.amazonaws.com/events/WildFires-LosAngeles-Jan-2025/ard/11/031311102300/2025-01-16/103001010C12B000-ms.tif,https://maxar-opendata.s3.amazonaws.com/events/WildFires-LosAngeles-Jan-2025/ard/11/031311102300/2025-01-16/103001010C12B000-pan.tif,2025-01-16,post
https://maxar-opendata.s3.amazonaws.com/events/WildFires-LosAngeles-Jan-2025/ard/11/031311102300/2025-01-18/10500100404AD000.json,10500100404AD000,2025-01-18 18:26:48+00:00,031311102300,0.5,27.2,30.9,0,32611,GE01,-118.52036290695011,34.10502934033102,-118.4619267616947,34.15362458554531,https://maxar-opendata.s3.amazonaws.com/events/WildFires-LosAngeles-Jan-2025/ard/11/031311102300/2025-01-18/10500100404AD000-visual.tif,https://maxar-opendata.s3.amazonaws.com/events/WildFires-LosAngeles-Jan-2025/ard/11/031311102300/2025-01-18/10500100404AD000-ms.tif,https://maxar-opendata.s3.amazonaws.com/events/WildFires-LosAngeles-Jan-2025/ard/11/031311102300/2025-01-18/10500100404AD000-pan.tif,2025-01-18,post
https://maxar-opendata.s3.amazonaws.com/events/WildFires-LosAngeles-Jan-2025/ard/11/031311102300/2025-01-19/103001010C7DD700.json,103001010C7DD700,2025-01-19 18:47:57+00:00,031311102300,0.55,24.2,32.9,2,32611,WV02,-118.52036290695011,34.10502934033102,-118.4619267616947,34.15362458554531,https://maxar-opendata.s3.amazonaws.com/events/WildFires-LosAngeles-Jan-2025/ard/11/031311102300/2025-01-19/103001010C7DD700-visual.tif,https://maxar-opendata.s3.amazonaws.com/events/WildFires-LosAngeles-Jan-2025/ard/11/031311102300/2025-01-19/103001010C7DD700-ms.tif,https://maxar-opendata.s3.amazonaws.com/events/WildFires-LosAngeles-Jan-2025/ard/11/031311102300/2025-01-19/103001010C7DD700-pan.tif,2025-01-19,post
https://maxar-opendata.s3.amazonaws.com/events/WildFires-LosAngeles-Jan-2025/ard/11/031311102300/2025-01-19/103001010C675C00.json,103001010C675C00,2025-01-19 18:49:06+00:00,031311102300,0.5,16.2,33.0,5,32611,WV02,-118.50733797045483,34.1051868017522,-118.4619267616947,34.15362458554531,https://maxar-opendata.s3.amazonaws.com/events/WildFires-LosAngeles-Jan-2025/ard/11/031311102300/2025-01-19/103001010C675C00-visual.tif,https://maxar-opendata.s3.amazonaws.com/events/WildFires-LosAngeles-Jan-2025/ard/11/031311102300/2025-01-19/103001010C675C00-ms.tif,https://maxar-opendata.s3.amazonaws.com/events/WildFires-LosAngeles-Jan-2025/ard/11/031311102300/2025-01-19/103001010C675C00-pan.tif,2025-01-19,post
https://maxar-opendata.s3.amazonaws.com/events/WildFires-LosAngeles-Jan-2025/ard/11/031311102300/2025-01-20/10400100A1B60B00.json,10400100A1B60B00,2025-01-20 18:32:42+00:00,031311102300,0.36,22.9,31.8,0,32611,WV03,-118.52036290695011,34.10502934033102,-118.47278573162755,34.15349461114912,https://maxar-opendata.s3.amazonaws.com/events/WildFires-LosAngeles-Jan-2025/ard/11/031311102300/2025-01-20/10400100A1B60B00-visual.tif,https://maxar-opendata.s3.amazonaws.com/events/WildFires-LosAngeles-Jan-2025/ard/11/031311102300/2025-01-20/10400100A1B60B00-ms.tif,https://maxar-opendata.s3.amazonaws.com/events/WildFires-LosAngeles-Jan-2025/ard/11/031311102300/2025-01-20/10400100A1B60B00-pan.tif,2025-01-20,post
https://maxar-opendata.s3.amazonaws.com/events/WildFires-LosAngeles-Jan-2025/ard/11/031311102301/2025-01-09/10400100A20D9300.json,10400100A20D9300,2025-01-09 18:56:45+00:00,031311102301,0.39,28.4,32.0,0,32611,WV03,-118.46614066088867,34.105687872789865,-118.41790538565414,34.15414903726178,https://maxar-opendata.s3.amazonaws.com/events/WildFires-LosAngeles-Jan-2025/ard/11/031311102301/2025-01-09/10400100A20D9300-visual.tif,https://maxar-opendata.s3.amazonaws.com/events/WildFires-LosAngeles-Jan-2025/ard/11/031311102301/2025-01-09/10400100A20D9300-ms.tif,https://maxar-opendata.s3.amazonaws.com/events/WildFires-LosAngeles-Jan-2025/ard/11/031311102301/2025-01-09/10400100A20D9300-pan.tif,2025-01-09,post
https://maxar-opendata.s3.amazonaws.com/events/WildFires-LosAngeles-Jan-2025/ard/11/031311102301/2025-01-14/10400100A0BAD600.json,10400100A0BAD600,2025-01-14 18:37:36+00:00,031311102301,0.33,16.5,31.2,0,32611,WV03,-118.46614066088867,34.105687872789865,-118.41790538565414,34.15414903726178,https://maxar-opendata.s3.amazonaws.com/events/WildFires-LosAngeles-Jan-2025/ard/11/031311102301/2025-01-14/10400100A0BAD600-visual.tif,https://maxar-opendata.s3.amazonaws.com/events/WildFires-LosAngeles-Jan-2025/ard/11/031311102301/2025-01-14/10400100A0BAD600-ms.tif,https://maxar-opendata.s3.amazonaws.com/events/WildFires-LosAngeles-Jan-2025/ard/11/031311102301/2025-01-14/10400100A0BAD600-pan.tif,2025-01-14,post
https://maxar-opendata.s3.amazonaws.com/events/WildFires-LosAngeles-Jan-2025/ard/11/031311102301/2025-01-15/10400100A194FA00.json,10400100A194FA00,2025-01-15 18:51:57+00:00,031311102301,0.39,28.4,32.5,0,32611,WV03,-118.4306950207936,34.106096570567004,-118.41790528286715,34.154150421443426,https://maxar-opendata.s3.amazonaws.com/events/WildFires-LosAngeles-Jan-2025/ard/11/031311102301/2025-01-15/10400100A194FA00-visual.tif,https://maxar-opendata.s3.amazonaws.com/events/WildFires-LosAngeles-Jan-2025/ard/11/031311102301/2025-01-15/10400100A194FA00-ms.tif,https://maxar-opendata.s3.amazonaws.com/events/WildFires-LosAngeles-Jan-2025/ard/11/031311102301/2025-01-15/10400100A194FA00-pan.tif,2025-01-15,post
https://maxar-opendata.s3.amazonaws.com/events/WildFires-LosAngeles-Jan-2025/ard/11/031311102301/2025-01-16/103001010C12B000.json,103001010C12B000,2025-01-16 18:58:01+00:00,031311102301,0.61,30.0,33.1,0,32611,WV02,-118.46614066088867,34.105687872789865,-118.41790538565414,34.15414903726178,https://maxar-opendata.s3.amazonaws.com/events/WildFires-LosAngeles-Jan-2025/ard/11/031311102301/2025-01-16/103001010C12B000-visual.tif,https://maxar-opendata.s3.amazonaws.com/events/WildFires-LosAngeles-Jan-2025/ard/11/031311102301/2025-01-16/103001010C12B000-ms.tif,https://maxar-opendata.s3.amazonaws.com/events/WildFires-LosAngeles-Jan-2025/ard/11/031311102301/2025-01-16/103001010C12B000-pan.tif,2025-01-16,post
https://maxar-opendata.s3.amazonaws.com/events/WildFires-LosAngeles-Jan-2025/ard/11/031311102301/2025-01-18/10500100404AD000.json,10500100404AD000,2025-01-18 18:26:47+00:00,031311102301,0.5,27.2,30.9,1,32611,GE01,-118.46614066088867,34.105687872789865,-118.41790538565414,34.15414903726178,https://maxar-opendata.s3.amazonaws.com/events/WildFires-LosAngeles-Jan-2025/ard/11/031311102301/2025-01-18/10500100404AD000-visual.tif,https://maxar-opendata.s3.amazonaws.com/events/WildFires-LosAngeles-Jan-2025/ard/11/031311102301/2025-01-18/10500100404AD000-ms.tif,https://maxar-opendata.s3.amazonaws.com/events/WildFires-LosAngeles-Jan-2025/ard/11/031311102301/2025-01-18/10500100404AD000-pan.tif,2025-01-18,post
https://maxar-opendata.s3.amazonaws.com/events/WildFires-LosAngeles-Jan-2025/ard/11/031311102302/2025-01-09/10400100A20D9300.json,10400100A20D9300,2025-01-09 18:56:44+00:00,031311102302,0.39,28.0,32.1,0,32611,WV03,-118.51955587507352,34.059951243774556,-118.46115211507093,34.10854568070948,https://maxar-opendata.s3.amazonaws.com/events/WildFires-LosAngeles-Jan-2025/ard/11/031311102302/2025-01-09/10400100A20D9300-visual.tif,https://maxar-opendata.s3.amazonaws.com/events/WildFires-LosAngeles-Jan-2025/ard/11/031311102302/2025-01-09/10400100A20D9300-ms.tif,https://maxar-opendata.s3.amazonaws.com/events/WildFires-LosAngeles-Jan-2025/ard/11/031311102302/2025-01-09/10400100A20D9300-pan.tif,2025-01-09,post
https://maxar-opendata.s3.amazonaws.com/events/WildFires-LosAngeles-Jan-2025/ard/11/031311102302/2025-01-10/1050010040277500.json,1050010040277500,2025-01-10 18:36:03+00:00,031311102302,0.48,24.1,30.6,0,32611,GE01,-118.51902840315394,34.059951243774556,-118.49348401,34.0783163,https://maxar-opendata.s3.amazonaws.com/events/WildFires-LosAngeles-Jan-2025/ard/11/031311102302/2025-01-10/1050010040277500-visual.tif,https://maxar-opendata.s3.amazonaws.com/events/WildFires-LosAngeles-Jan-2025/ard/11/031311102302/2025-01-10/1050010040277500-ms.tif,https://maxar-opendata.s3.amazonaws.com/events/WildFires-LosAngeles-Jan-2025/ard/11/031311102302/2025-01-10/1050010040277500-pan.tif,2025-01-10,post
https://maxar-opendata.s3.amazonaws.com/events/WildFires-LosAngeles-Jan-2025/ard/11/031311102302/2025-01-13/103001010B9A1B00.json,103001010B9A1B00,2025-01-13 19:06:55+00:00,031311102302,0.77,39.6,33.2,0,32611,WV02,-118.51955587507352,34.059951243774556,-118.48626690725561,34.10821846950186,https://maxar-opendata.s3.amazonaws.com/events/WildFires-LosAngeles-Jan-2025/ard/11/031311102302/2025-01-13/103001010B9A1B00-visual.tif,https://maxar-opendata.s3.amazonaws.com/events/WildFires-LosAngeles-Jan-2025/ard/11/031311102302/2025-01-13/103001010B9A1B00-ms.tif,https://maxar-opendata.s3.amazonaws.com/events/WildFires-LosAngeles-Jan-2025/ard/11/031311102302/2025-01-13/103001010B9A1B00-pan.tif,2025-01-13,post
https://maxar-opendata.s3.amazonaws.com/events/WildFires-LosAngeles-Jan-2025/ard/11/031311102302/2025-01-14/103001010C7D2D00.json,103001010C7D2D00,2025-01-14 18:30:58+00:00,031311102302,0.58,27.1,30.7,0,32611,WV02,-118.51955587507352,34.059951243774556,-118.46115211507093,34.10854568070948,https://maxar-opendata.s3.amazonaws.com/events/WildFires-LosAngeles-Jan-2025/ard/11/031311102302/2025-01-14/103001010C7D2D00-visual.tif,https://maxar-opendata.s3.amazonaws.com/events/WildFires-LosAngeles-Jan-2025/ard/11/031311102302/2025-01-14/103001010C7D2D00-ms.tif,https://maxar-opendata.s3.amazonaws.com/events/WildFires-LosAngeles-Jan-2025/ard/11/031311102302/2025-01-14/103001010C7D2D00-pan.tif,2025-01-14,post
https://maxar-opendata.s3.amazonaws.com/events/WildFires-LosAngeles-Jan-2025/ard/11/031311102302/2025-01-14/10400100A06B8000.json,10400100A06B8000,2025-01-14 18:36:40+00:00,031311102302,0.36,23.4,31.2,0,32611,WV03,-118.51955587507352,34.059951243774556,-118.47621842387566,34.10837529638892,https://maxar-opendata.s3.amazonaws.com/events/WildFires-LosAngeles-Jan-2025/ard/11/031311102302/2025-01-14/10400100A06B8000-visual.tif,https://maxar-opendata.s3.amazonaws.com/events/WildFires-LosAngeles-Jan-2025/ard/11/031311102302/2025-01-14/10400100A06B8000-ms.tif,https://maxar-opendata.s3.amazonaws.com/events/WildFires-LosAngeles-Jan-2025/ard/11/031311102302/2025-01-14/10400100A06B8000-pan.tif,2025-01-14,post
https://maxar-opendata.s3.amazonaws.com/events/WildFires-LosAngeles-Jan-2025/ard/11/031311102302/2025-01-14/10400100A0BAD600.json,10400100A0BAD600,2025-01-14 18:37:36+00:00,031311102302,0.33,16.6,31.3,0,32611,WV03,-118.51955587507352,34.059951243774556,-118.46115211507093,34.10854568070948,https://maxar-opendata.s3.amazonaws.com/events/WildFires-LosAngeles-Jan-2025/ard/11/031311102302/2025-01-14/10400100A0BAD600-visual.tif,https://maxar-opendata.s3.amazonaws.com/events/WildFires-LosAngeles-Jan-2025/ard/11/031311102302/2025-01-14/10400100A0BAD600-ms.tif,https://maxar-opendata.s3.amazonaws.com/events/WildFires-LosAngeles-Jan-2025/ard/11/031311102302/2025-01-14/10400100A0BAD600-pan.tif,2025-01-14,post
https://maxar-opendata.s3.amazonaws.com/events/WildFires-LosAngeles-Jan-2025/ard/11/031311102302/2025-01-14/10400100A1AFE700.json,10400100A1AFE700,2025-01-14 18:37:49+00:00,031311102302,0.35,22.2,31.3,0,32611,WV03,-118.51955587507352,34.059951243774556,-118.47016524831616,34.10844790945326,https://maxar-opendata.s3.amazonaws.com/events/WildFires-LosAngeles-Jan-2025/ard/11/031311102302/2025-01-14/10400100A1AFE700-visual.tif,https://maxar-opendata.s3.amazonaws.com/events/WildFires-LosAngeles-Jan-2025/ard/11/031311102302/2025-01-14/10400100A1AFE700-ms.tif,https://maxar-opendata.s3.amazonaws.com/events/WildFires-LosAngeles-Jan-2025/ard/11/031311102302/2025-01-14/10400100A1AFE700-pan.tif,2025-01-14,post
https://maxar-opendata.s3.amazonaws.com/events/WildFires-LosAngeles-Jan-2025/ard/11/031311102302/2025-01-15/10400100A0B73800.json,10400100A0B73800,2025-01-15 18:52:40+00:00,031311102302,0.35,21.1,32.6,0,32611,WV03,-118.51955587507352,34.059951243774556,-118.47527158673515,34.10837617110352,https://maxar-opendata.s3.amazonaws.com/events/WildFires-LosAngeles-Jan-2025/ard/11/031311102302/2025-01-15/10400100A0B73800-visual.tif,https://maxar-opendata.s3.amazonaws.com/events/WildFires-LosAngeles-Jan-2025/ard/11/031311102302/2025-01-15/10400100A0B73800-ms.tif,https://maxar-opendata.s3.amazonaws.com/events/WildFires-LosAngeles-Jan-2025/ard/11/031311102302/2025-01-15/10400100A0B73800-pan.tif,2025-01-15,post
https://maxar-opendata.s3.amazonaws.com/events/WildFires-LosAngeles-Jan-2025/ard/11/031311102302/2025-01-16/105001004042BF00.json,105001004042BF00,2025-01-16 18:53:49+00:00,031311102302,0.49,25.3,32.9,0,32611,GE01,-118.51953201259636,34.059951243774556,-118.46115211507093,34.10671324230158,https://maxar-opendata.s3.amazonaws.com/events/WildFires-LosAngeles-Jan-2025/ard/11/031311102302/2025-01-16/105001004042BF00-visual.tif,https://maxar-opendata.s3.amazonaws.com/events/WildFires-LosAngeles-Jan-2025/ard/11/031311102302/2025-01-16/105001004042BF00-ms.tif,https://maxar-opendata.s3.amazonaws.com/events/WildFires-LosAngeles-Jan-2025/ard/11/031311102302/2025-01-16/105001004042BF00-pan.tif,2025-01-16,post
https://maxar-opendata.s3.amazonaws.com/events/WildFires-LosAngeles-Jan-2025/ard/11/031311102302/2025-01-16/103001010C12B000.json,103001010C12B000,2025-01-16 18:58:02+00:00,031311102302,0.61,29.8,33.2,0,32611,WV02,-118.51955587507352,34.059951243774556,-118.46115211507093,34.10854568070948,https://maxar-opendata.s3.amazonaws.com/events/WildFires-LosAngeles-Jan-2025/ard/11/031311102302/2025-01-16/103001010C12B000-visual.tif,https://maxar-opendata.s3.amazonaws.com/events/WildFires-LosAngeles-Jan-2025/ard/11/031311102302/2025-01-16/103001010C12B000-ms.tif,https://maxar-opendata.s3.amazonaws.com/events/WildFires-LosAngeles-Jan-2025/ard/11/031311102302/2025-01-16/103001010C12B000-pan.tif,2025-01-16,post
https://maxar-opendata.s3.amazonaws.com/events/WildFires-LosAngeles-Jan-2025/ard/11/031311102302/2025-01-20/10400100A1B60B00.json,10400100A1B60B00,2025-01-20 18:32:42+00:00,031311102302,0.36,22.9,31.8,0,32611,WV03,-118.51955587507352,34.059951243774556,-118.47310252965471,34.10841271149876,https://maxar-opendata.s3.amazonaws.com/events/WildFires-LosAngeles-Jan-2025/ard/11/031311102302/2025-01-20/10400100A1B60B00-visual.tif,https://maxar-opendata.s3.amazonaws.com/events/WildFires-LosAngeles-Jan-2025/ard/11/031311102302/2025-01-20/10400100A1B60B00-ms.tif,https://maxar-opendata.s3.amazonaws.com/events/WildFires-LosAngeles-Jan-2025/ard/11/031311102302/2025-01-20/10400100A1B60B00-pan.tif,2025-01-20,post
https://maxar-opendata.s3.amazonaws.com/events/WildFires-LosAngeles-Jan-2025/ard/11/031311102303/2025-01-09/10400100A20D9300.json,10400100A20D9300,2025-01-09 18:56:44+00:00,031311102303,0.39,28.3,32.1,0,32611,WV03,-118.4653623854319,34.06060866731176,-118.42125649893394,34.109021245158665,https://maxar-opendata.s3.amazonaws.com/events/WildFires-LosAngeles-Jan-2025/ard/11/031311102303/2025-01-09/10400100A20D9300-visual.tif,https://maxar-opendata.s3.amazonaws.com/events/WildFires-LosAngeles-Jan-2025/ard/11/031311102303/2025-01-09/10400100A20D9300-ms.tif,https://maxar-opendata.s3.amazonaws.com/events/WildFires-LosAngeles-Jan-2025/ard/11/031311102303/2025-01-09/10400100A20D9300-pan.tif,2025-01-09,post
https://maxar-opendata.s3.amazonaws.com/events/WildFires-LosAngeles-Jan-2025/ard/11/031311102303/2025-01-14/10400100A0BAD600.json,10400100A0BAD600,2025-01-14 18:37:36+00:00,031311102303,0.33,16.5,31.3,0,32611,WV03,-118.4653623854319,34.06060866731176,-118.42125649893394,34.109021245158665,https://maxar-opendata.s3.amazonaws.com/events/WildFires-LosAngeles-Jan-2025/ard/11/031311102303/2025-01-14/10400100A0BAD600-visual.tif,https://maxar-opendata.s3.amazonaws.com/events/WildFires-LosAngeles-Jan-2025/ard/11/031311102303/2025-01-14/10400100A0BAD600-ms.tif,https://maxar-opendata.s3.amazonaws.com/events/WildFires-LosAngeles-Jan-2025/ard/11/031311102303/2025-01-14/10400100A0BAD600-pan.tif,2025-01-14,post
https://maxar-opendata.s3.amazonaws.com/events/WildFires-LosAngeles-Jan-2025/ard/11/031311102303/2025-01-15/10400100A194FA00.json,10400100A194FA00,2025-01-15 18:51:58+00:00,031311102303,0.39,28.4,32.5,0,32611,WV03,-118.43066372245642,34.06101775388937,-118.42125635634272,34.109023165364476,https://maxar-opendata.s3.amazonaws.com/events/WildFires-LosAngeles-Jan-2025/ard/11/031311102303/2025-01-15/10400100A194FA00-visual.tif,https://maxar-opendata.s3.amazonaws.com/events/WildFires-LosAngeles-Jan-2025/ard/11/031311102303/2025-01-15/10400100A194FA00-ms.tif,https://maxar-opendata.s3.amazonaws.com/events/WildFires-LosAngeles-Jan-2025/ard/11/031311102303/2025-01-15/10400100A194FA00-pan.tif,2025-01-15,post
https://maxar-opendata.s3.amazonaws.com/events/WildFires-LosAngeles-Jan-2025/ard/11/031311102303/2025-01-16/105001004042BF00.json,105001004042BF00,2025-01-16 18:53:48+00:00,031311102303,0.49,25.6,32.9,0,32611,GE01,-118.46533126001164,34.06060866731176,-118.4069872797156,34.1069006683871,https://maxar-opendata.s3.amazonaws.com/events/WildFires-LosAngeles-Jan-2025/ard/11/031311102303/2025-01-16/105001004042BF00-visual.tif,https://maxar-opendata.s3.amazonaws.com/events/WildFires-LosAngeles-Jan-2025/ard/11/031311102303/2025-01-16/105001004042BF00-ms.tif,https://maxar-opendata.s3.amazonaws.com/events/WildFires-LosAngeles-Jan-2025/ard/11/031311102303/2025-01-16/105001004042BF00-pan.tif,2025-01-16,post
https://maxar-opendata.s3.amazonaws.com/events/WildFires-LosAngeles-Jan-2025/ard/11/031311102303/2025-01-16/103001010C12B000.json,103001010C12B000,2025-01-16 18:58:02+00:00,031311102303,0.61,30.0,33.2,0,32611,WV02,-118.4653623854319,34.06060866731176,-118.42125649893394,34.109021245158665,https://maxar-opendata.s3.amazonaws.com/events/WildFires-LosAngeles-Jan-2025/ard/11/031311102303/2025-01-16/103001010C12B000-visual.tif,https://maxar-opendata.s3.amazonaws.com/events/WildFires-LosAngeles-Jan-2025/ard/11/031311102303/2025-01-16/103001010C12B000-ms.tif,https://maxar-opendata.s3.amazonaws.com/events/WildFires-LosAngeles-Jan-2025/ard/11/031311102303/2025-01-16/103001010C12B000-pan.tif,2025-01-16,post
https://maxar-opendata.s3.amazonaws.com/events/WildFires-LosAngeles-Jan-2025/ard/11/031311102312/2025-01-16/105001004042BF00.json,105001004042BF00,2025-01-16 18:53:47+00:00,031311102312,0.49,25.8,32.9,0,32611,GE01,-118.41112960799659,34.06124223394138,-118.352820788126,34.1070806827253,https://maxar-opendata.s3.amazonaws.com/events/WildFires-LosAngeles-Jan-2025/ard/11/031311102312/2025-01-16/105001004042BF00-visual.tif,https://maxar-opendata.s3.amazonaws.com/events/WildFires-LosAngeles-Jan-2025/ard/11/031311102312/2025-01-16/105001004042BF00-ms.tif,https://maxar-opendata.s3.amazonaws.com/events/WildFires-LosAngeles-Jan-2025/ard/11/031311102312/2025-01-16/105001004042BF00-pan.tif,2025-01-16,post
https://maxar-opendata.s3.amazonaws.com/events/WildFires-LosAngeles-Jan-2025/ard/11/031311102313/2025-01-16/105001004042BF00.json,105001004042BF00,2025-01-16 18:53:46+00:00,031311102313,0.49,26.1,32.9,0,32611,GE01,-118.35692762137006,34.0618519411933,-118.29865270398126,34.10725328522047,https://maxar-opendata.s3.amazonaws.com/events/WildFires-LosAngeles-Jan-2025/ard/11/031311102313/2025-01-16/105001004042BF00-visual.tif,https://maxar-opendata.s3.amazonaws.com/events/WildFires-LosAngeles-Jan-2025/ard/11/031311102313/2025-01-16/105001004042BF00-ms.tif,https://maxar-opendata.s3.amazonaws.com/events/WildFires-LosAngeles-Jan-2025/ard/11/031311102313/2025-01-16/105001004042BF00-pan.tif,2025-01-16,post
https://maxar-opendata.s3.amazonaws.com/events/WildFires-LosAngeles-Jan-2025/ard/11/031311102320/2025-01-09/10400100A20D9300.json,10400100A20D9300,2025-01-09 18:56:44+00:00,031311102320,0.38,28.0,32.2,0,32611,WV03,-118.51875063479937,34.01487279932069,-118.4603791883506,34.06346642893476,https://maxar-opendata.s3.amazonaws.com/events/WildFires-LosAngeles-Jan-2025/ard/11/031311102320/2025-01-09/10400100A20D9300-visual.tif,https://maxar-opendata.s3.amazonaws.com/events/WildFires-LosAngeles-Jan-2025/ard/11/031311102320/2025-01-09/10400100A20D9300-ms.tif,https://maxar-opendata.s3.amazonaws.com/events/WildFires-LosAngeles-Jan-2025/ard/11/031311102320/2025-01-09/10400100A20D9300-pan.tif,2025-01-09,post
https://maxar-opendata.s3.amazonaws.com/events/WildFires-LosAngeles-Jan-2025/ard/11/031311102320/2025-01-10/1050010040277500.json,1050010040277500,2025-01-10 18:36:02+00:00,031311102320,0.48,23.3,30.6,0,32611,GE01,-118.51875063479937,34.01487279932069,-118.49348401,34.06307717691508,https://maxar-opendata.s3.amazonaws.com/events/WildFires-LosAngeles-Jan-2025/ard/11/031311102320/2025-01-10/1050010040277500-visual.tif,https://maxar-opendata.s3.amazonaws.com/events/WildFires-LosAngeles-Jan-2025/ard/11/031311102320/2025-01-10/1050010040277500-ms.tif,https://maxar-opendata.s3.amazonaws.com/events/WildFires-LosAngeles-Jan-2025/ard/11/031311102320/2025-01-10/1050010040277500-pan.tif,2025-01-10,post
https://maxar-opendata.s3.amazonaws.com/events/WildFires-LosAngeles-Jan-2025/ard/11/031311102320/2025-01-13/103001010B9A1B00.json,103001010B9A1B00,2025-01-13 19:06:55+00:00,031311102320,0.77,39.6,33.2,0,32611,WV02,-118.51875063479937,34.01487279932069,-118.48502804373031,34.06316469813334,https://maxar-opendata.s3.amazonaws.com/events/WildFires-LosAngeles-Jan-2025/ard/11/031311102320/2025-01-13/103001010B9A1B00-visual.tif,https://maxar-opendata.s3.amazonaws.com/events/WildFires-LosAngeles-Jan-2025/ard/11/031311102320/2025-01-13/103001010B9A1B00-ms.tif,https://maxar-opendata.s3.amazonaws.com/events/WildFires-LosAngeles-Jan-2025/ard/11/031311102320/2025-01-13/103001010B9A1B00-pan.tif,2025-01-13,post
https://maxar-opendata.s3.amazonaws.com/events/WildFires-LosAngeles-Jan-2025/ard/11/031311102320/2025-01-14/103001010C7D2D00.json,103001010C7D2D00,2025-01-14 18:30:58+00:00,031311102320,0.57,26.7,30.8,0,32611,WV02,-118.51875063479937,34.01487279932069,-118.4603791883506,34.06346642893476,https://maxar-opendata.s3.amazonaws.com/events/WildFires-LosAngeles-Jan-2025/ard/11/031311102320/2025-01-14/103001010C7D2D00-visual.tif,https://maxar-opendata.s3.amazonaws.com/events/WildFires-LosAngeles-Jan-2025/ard/11/031311102320/2025-01-14/103001010C7D2D00-ms.tif,https://maxar-opendata.s3.amazonaws.com/events/WildFires-LosAngeles-Jan-2025/ard/11/031311102320/2025-01-14/103001010C7D2D00-pan.tif,2025-01-14,post
https://maxar-opendata.s3.amazonaws.com/events/WildFires-LosAngeles-Jan-2025/ard/11/031311102320/2025-01-14/10400100A06B8000.json,10400100A06B8000,2025-01-14 18:36:40+00:00,031311102320,0.36,23.4,31.2,0,32611,WV03,-118.51875063479937,34.01487279932069,-118.47698663640018,34.06327770536049,https://maxar-opendata.s3.amazonaws.com/events/WildFires-LosAngeles-Jan-2025/ard/11/031311102320/2025-01-14/10400100A06B8000-visual.tif,https://maxar-opendata.s3.amazonaws.com/events/WildFires-LosAngeles-Jan-2025/ard/11/031311102320/2025-01-14/10400100A06B8000-ms.tif,https://maxar-opendata.s3.amazonaws.com/events/WildFires-LosAngeles-Jan-2025/ard/11/031311102320/2025-01-14/10400100A06B8000-pan.tif,2025-01-14,post
https://maxar-opendata.s3.amazonaws.com/events/WildFires-LosAngeles-Jan-2025/ard/11/031311102320/2025-01-14/10400100A0BAD600.json,10400100A0BAD600,2025-01-14 18:37:37+00:00,031311102320,0.33,16.6,31.4,0,32611,WV03,-118.51875063479937,34.01487279932069,-118.4603791883506,34.06346642893476,https://maxar-opendata.s3.amazonaws.com/events/WildFires-LosAngeles-Jan-2025/ard/11/031311102320/2025-01-14/10400100A0BAD600-visual.tif,https://maxar-opendata.s3.amazonaws.com/events/WildFires-LosAngeles-Jan-2025/ard/11/031311102320/2025-01-14/10400100A0BAD600-ms.tif,https://maxar-opendata.s3.amazonaws.com/events/WildFires-LosAngeles-Jan-2025/ard/11/031311102320/2025-01-14/10400100A0BAD600-pan.tif,2025-01-14,post
https://maxar-opendata.s3.amazonaws.com/events/WildFires-LosAngeles-Jan-2025/ard/11/031311102320/2025-01-14/10400100A1AFE700.json,10400100A1AFE700,2025-01-14 18:37:48+00:00,031311102320,0.35,21.4,31.4,0,32611,WV03,-118.51875063479937,34.01487279932069,-118.4708110434187,34.06335177614124,https://maxar-opendata.s3.amazonaws.com/events/WildFires-LosAngeles-Jan-2025/ard/11/031311102320/2025-01-14/10400100A1AFE700-visual.tif,https://maxar-opendata.s3.amazonaws.com/events/WildFires-LosAngeles-Jan-2025/ard/11/031311102320/2025-01-14/10400100A1AFE700-ms.tif,https://maxar-opendata.s3.amazonaws.com/events/WildFires-LosAngeles-Jan-2025/ard/11/031311102320/2025-01-14/10400100A1AFE700-pan.tif,2025-01-14,post
https://maxar-opendata.s3.amazonaws.com/events/WildFires-LosAngeles-Jan-2025/ard/11/031311102320/2025-01-15/10400100A0B73800.json,10400100A0B73800,2025-01-15 18:52:39+00:00,031311102320,0.35,21.0,32.6,0,32611,WV03,-118.51875063479937,34.01487279932069,-118.47497937316591,34.063297323836345,https://maxar-opendata.s3.amazonaws.com/events/WildFires-LosAngeles-Jan-2025/ard/11/031311102320/2025-01-15/10400100A0B73800-visual.tif,https://maxar-opendata.s3.amazonaws.com/events/WildFires-LosAngeles-Jan-2025/ard/11/031311102320/2025-01-15/10400100A0B73800-ms.tif,https://maxar-opendata.s3.amazonaws.com/events/WildFires-LosAngeles-Jan-2025/ard/11/031311102320/2025-01-15/10400100A0B73800-pan.tif,2025-01-15,post
https://maxar-opendata.s3.amazonaws.com/events/WildFires-LosAngeles-Jan-2025/ard/11/031311102320/2025-01-16/105001004042BF00.json,105001004042BF00,2025-01-16 18:53:49+00:00,031311102320,0.49,25.3,32.9,0,32611,GE01,-118.51875063479937,34.01487279932069,-118.4603791883506,34.06346642893476,https://maxar-opendata.s3.amazonaws.com/events/WildFires-LosAngeles-Jan-2025/ard/11/031311102320/2025-01-16/105001004042BF00-visual.tif,https://maxar-opendata.s3.amazonaws.com/events/WildFires-LosAngeles-Jan-2025/ard/11/031311102320/2025-01-16/105001004042BF00-ms.tif,https://maxar-opendata.s3.amazonaws.com/events/WildFires-LosAngeles-Jan-2025/ard/11/031311102320/2025-01-16/105001004042BF00-pan.tif,2025-01-16,post
https://maxar-opendata.s3.amazonaws.com/events/WildFires-LosAngeles-Jan-2025/ard/11/031311102320/2025-01-16/103001010CD31000.json,103001010CD31000,2025-01-16 18:57:47+00:00,031311102320,0.57,27.0,33.2,0,32611,WV02,-118.51475379328372,34.014935747085154,-118.4603791883506,34.06346642893476,https://maxar-opendata.s3.amazonaws.com/events/WildFires-LosAngeles-Jan-2025/ard/11/031311102320/2025-01-16/103001010CD31000-visual.tif,https://maxar-opendata.s3.amazonaws.com/events/WildFires-LosAngeles-Jan-2025/ard/11/031311102320/2025-01-16/103001010CD31000-ms.tif,https://maxar-opendata.s3.amazonaws.com/events/WildFires-LosAngeles-Jan-2025/ard/11/031311102320/2025-01-16/103001010CD31000-pan.tif,2025-01-16,post
https://maxar-opendata.s3.amazonaws.com/events/WildFires-LosAngeles-Jan-2025/ard/11/031311102320/2025-01-16/103001010C12B000.json,103001010C12B000,2025-01-16 18:58:02+00:00,031311102320,0.61,29.8,33.2,0,32611,WV02,-118.51875063479937,34.01487279932069,-118.4603791883506,34.06346642893476,https://maxar-opendata.s3.amazonaws.com/events/WildFires-LosAngeles-Jan-2025/ard/11/031311102320/2025-01-16/103001010C12B000-visual.tif,https://maxar-opendata.s3.amazonaws.com/events/WildFires-LosAngeles-Jan-2025/ard/11/031311102320/2025-01-16/103001010C12B000-ms.tif,https://maxar-opendata.s3.amazonaws.com/events/WildFires-LosAngeles-Jan-2025/ard/11/031311102320/2025-01-16/103001010C12B000-pan.tif,2025-01-16,post
https://maxar-opendata.s3.amazonaws.com/events/WildFires-LosAngeles-Jan-2025/ard/11/031311102320/2025-01-19/103001010C7DD700.json,103001010C7DD700,2025-01-19 18:47:58+00:00,031311102320,0.55,24.5,33.0,9,32611,WV02,-118.51875063479937,34.01487279932069,-118.4603791883506,34.06346642893476,https://maxar-opendata.s3.amazonaws.com/events/WildFires-LosAngeles-Jan-2025/ard/11/031311102320/2025-01-19/103001010C7DD700-visual.tif,https://maxar-opendata.s3.amazonaws.com/events/WildFires-LosAngeles-Jan-2025/ard/11/031311102320/2025-01-19/103001010C7DD700-ms.tif,https://maxar-opendata.s3.amazonaws.com/events/WildFires-LosAngeles-Jan-2025/ard/11/031311102320/2025-01-19/103001010C7DD700-pan.tif,2025-01-19,post
https://maxar-opendata.s3.amazonaws.com/events/WildFires-LosAngeles-Jan-2025/ard/11/031311102320/2025-01-19/103001010C675C00.json,103001010C675C00,2025-01-19 18:49:05+00:00,031311102320,0.5,15.7,33.1,9,32611,WV02,-118.50573854939235,34.01503098438181,-118.4603791883506,34.06346642893476,https://maxar-opendata.s3.amazonaws.com/events/WildFires-LosAngeles-Jan-2025/ard/11/031311102320/2025-01-19/103001010C675C00-visual.tif,https://maxar-opendata.s3.amazonaws.com/events/WildFires-LosAngeles-Jan-2025/ard/11/031311102320/2025-01-19/103001010C675C00-ms.tif,https://maxar-opendata.s3.amazonaws.com/events/WildFires-LosAngeles-Jan-2025/ard/11/031311102320/2025-01-19/103001010C675C00-pan.tif,2025-01-19,post
https://maxar-opendata.s3.amazonaws.com/events/WildFires-LosAngeles-Jan-2025/ard/11/031311102320/2025-01-20/10400100A1B60B00.json,10400100A1B60B00,2025-01-20 18:32:43+00:00,031311102320,0.36,22.8,31.9,0,32611,WV03,-118.51875063479937,34.01487279932069,-118.47425588982293,34.0633104965359,https://maxar-opendata.s3.amazonaws.com/events/WildFires-LosAngeles-Jan-2025/ard/11/031311102320/2025-01-20/10400100A1B60B00-visual.tif,https://maxar-opendata.s3.amazonaws.com/events/WildFires-LosAngeles-Jan-2025/ard/11/031311102320/2025-01-20/10400100A1B60B00-ms.tif,https://maxar-opendata.s3.amazonaws.com/events/WildFires-LosAngeles-Jan-2025/ard/11/031311102320/2025-01-20/10400100A1B60B00-pan.tif,2025-01-20,post
https://maxar-opendata.s3.amazonaws.com/events/WildFires-LosAngeles-Jan-2025/ard/11/031311102321/2025-01-09/10400100A20D9300.json,10400100A20D9300,2025-01-09 18:56:44+00:00,031311102321,0.39,28.3,32.1,0,32611,WV03,-118.46458583777923,34.01552911508774,-118.42460762823815,34.06389323726292,https://maxar-opendata.s3.amazonaws.com/events/WildFires-LosAngeles-Jan-2025/ard/11/031311102321/2025-01-09/10400100A20D9300-visual.tif,https://maxar-opendata.s3.amazonaws.com/events/WildFires-LosAngeles-Jan-2025/ard/11/031311102321/2025-01-09/10400100A20D9300-ms.tif,https://maxar-opendata.s3.amazonaws.com/events/WildFires-LosAngeles-Jan-2025/ard/11/031311102321/2025-01-09/10400100A20D9300-pan.tif,2025-01-09,post
https://maxar-opendata.s3.amazonaws.com/events/WildFires-LosAngeles-Jan-2025/ard/11/031311102321/2025-01-14/10400100A0BAD600.json,10400100A0BAD600,2025-01-14 18:37:37+00:00,031311102321,0.33,16.4,31.4,0,32611,WV03,-118.46458583777923,34.01552911508774,-118.42460762823815,34.06389323726292,https://maxar-opendata.s3.amazonaws.com/events/WildFires-LosAngeles-Jan-2025/ard/11/031311102321/2025-01-14/10400100A0BAD600-visual.tif,https://maxar-opendata.s3.amazonaws.com/events/WildFires-LosAngeles-Jan-2025/ard/11/031311102321/2025-01-14/10400100A0BAD600-ms.tif,https://maxar-opendata.s3.amazonaws.com/events/WildFires-LosAngeles-Jan-2025/ard/11/031311102321/2025-01-14/10400100A0BAD600-pan.tif,2025-01-14,post
https://maxar-opendata.s3.amazonaws.com/events/WildFires-LosAngeles-Jan-2025/ard/11/031311102321/2025-01-15/10400100A194FA00.json,10400100A194FA00,2025-01-15 18:51:59+00:00,031311102321,0.39,28.5,32.6,0,32611,WV03,-118.42983270740962,34.01593036855523,-118.42460744351268,34.06389572486974,https://maxar-opendata.s3.amazonaws.com/events/WildFires-LosAngeles-Jan-2025/ard/11/031311102321/2025-01-15/10400100A194FA00-visual.tif,https://maxar-opendata.s3.amazonaws.com/events/WildFires-LosAngeles-Jan-2025/ard/11/031311102321/2025-01-15/10400100A194FA00-ms.tif,https://maxar-opendata.s3.amazonaws.com/events/WildFires-LosAngeles-Jan-2025/ard/11/031311102321/2025-01-15/10400100A194FA00-pan.tif,2025-01-15,post
https://maxar-opendata.s3.amazonaws.com/events/WildFires-LosAngeles-Jan-2025/ard/11/031311102321/2025-01-16/105001004042BF00.json,105001004042BF00,2025-01-16 18:53:48+00:00,031311102321,0.49,25.6,32.9,0,32611,GE01,-118.46458583777923,34.01552911508774,-118.40624298188371,34.064098571028616,https://maxar-opendata.s3.amazonaws.com/events/WildFires-LosAngeles-Jan-2025/ard/11/031311102321/2025-01-16/105001004042BF00-visual.tif,https://maxar-opendata.s3.amazonaws.com/events/WildFires-LosAngeles-Jan-2025/ard/11/031311102321/2025-01-16/105001004042BF00-ms.tif,https://maxar-opendata.s3.amazonaws.com/events/WildFires-LosAngeles-Jan-2025/ard/11/031311102321/2025-01-16/105001004042BF00-pan.tif,2025-01-16,post
https://maxar-opendata.s3.amazonaws.com/events/WildFires-LosAngeles-Jan-2025/ard/11/031311102321/2025-01-16/103001010CD31000.json,103001010CD31000,2025-01-16 18:57:47+00:00,031311102321,0.58,27.3,33.2,0,32611,WV02,-118.46458583777923,34.01552911508774,-118.42460762823815,34.06389323726292,https://maxar-opendata.s3.amazonaws.com/events/WildFires-LosAngeles-Jan-2025/ard/11/031311102321/2025-01-16/103001010CD31000-visual.tif,https://maxar-opendata.s3.amazonaws.com/events/WildFires-LosAngeles-Jan-2025/ard/11/031311102321/2025-01-16/103001010CD31000-ms.tif,https://maxar-opendata.s3.amazonaws.com/events/WildFires-LosAngeles-Jan-2025/ard/11/031311102321/2025-01-16/103001010CD31000-pan.tif,2025-01-16,post
https://maxar-opendata.s3.amazonaws.com/events/WildFires-LosAngeles-Jan-2025/ard/11/031311102321/2025-01-16/103001010C12B000.json,103001010C12B000,2025-01-16 18:58:02+00:00,031311102321,0.61,30.0,33.2,0,32611,WV02,-118.46458583777923,34.01552911508774,-118.42460762823815,34.06389323726292,https://maxar-opendata.s3.amazonaws.com/events/WildFires-LosAngeles-Jan-2025/ard/11/031311102321/2025-01-16/103001010C12B000-visual.tif,https://maxar-opendata.s3.amazonaws.com/events/WildFires-LosAngeles-Jan-2025/ard/11/031311102321/2025-01-16/103001010C12B000-ms.tif,https://maxar-opendata.s3.amazonaws.com/events/WildFires-LosAngeles-Jan-2025/ard/11/031311102321/2025-01-16/103001010C12B000-pan.tif,2025-01-16,post
https://maxar-opendata.s3.amazonaws.com/events/WildFires-LosAngeles-Jan-2025/ard/11/031311102322/2025-01-09/10400100A20D9300.json,10400100A20D9300,2025-01-09 18:56:43+00:00,031311102322,0.38,27.9,32.2,0,32611,WV03,-118.5179471823,33.9787731449816,-118.45974970321004,34.01838683046918,https://maxar-opendata.s3.amazonaws.com/events/WildFires-LosAngeles-Jan-2025/ard/11/031311102322/2025-01-09/10400100A20D9300-visual.tif,https://maxar-opendata.s3.amazonaws.com/events/WildFires-LosAngeles-Jan-2025/ard/11/031311102322/2025-01-09/10400100A20D9300-ms.tif,https://maxar-opendata.s3.amazonaws.com/events/WildFires-LosAngeles-Jan-2025/ard/11/031311102322/2025-01-09/10400100A20D9300-pan.tif,2025-01-09,post
https://maxar-opendata.s3.amazonaws.com/events/WildFires-LosAngeles-Jan-2025/ard/11/031311102322/2025-01-10/1050010040277500.json,1050010040277500,2025-01-10 18:36:01+00:00,031311102322,0.47,22.6,30.7,0,32611,GE01,-118.5179471823,34.00459613,-118.49348401,34.017988743215724,https://maxar-opendata.s3.amazonaws.com/events/WildFires-LosAngeles-Jan-2025/ard/11/031311102322/2025-01-10/1050010040277500-visual.tif,https://maxar-opendata.s3.amazonaws.com/events/WildFires-LosAngeles-Jan-2025/ard/11/031311102322/2025-01-10/1050010040277500-ms.tif,https://maxar-opendata.s3.amazonaws.com/events/WildFires-LosAngeles-Jan-2025/ard/11/031311102322/2025-01-10/1050010040277500-pan.tif,2025-01-10,post
https://maxar-opendata.s3.amazonaws.com/events/WildFires-LosAngeles-Jan-2025/ard/11/031311102322/2025-01-13/103001010B9A1B00.json,103001010B9A1B00,2025-01-13 19:06:56+00:00,031311102322,0.77,39.6,33.2,0,32611,WV02,-118.5179471823,33.98641330993405,-118.48477416957857,34.01809115610348,https://maxar-opendata.s3.amazonaws.com/events/WildFires-LosAngeles-Jan-2025/ard/11/031311102322/2025-01-13/103001010B9A1B00-visual.tif,https://maxar-opendata.s3.amazonaws.com/events/WildFires-LosAngeles-Jan-2025/ard/11/031311102322/2025-01-13/103001010B9A1B00-ms.tif,https://maxar-opendata.s3.amazonaws.com/events/WildFires-LosAngeles-Jan-2025/ard/11/031311102322/2025-01-13/103001010B9A1B00-pan.tif,2025-01-13,post
https://maxar-opendata.s3.amazonaws.com/events/WildFires-LosAngeles-Jan-2025/ard/11/031311102322/2025-01-14/103001010C7D2D00.json,103001010C7D2D00,2025-01-14 18:30:57+00:00,031311102322,0.57,26.3,30.8,0,32611,WV02,-118.5179471823,33.9787731291134,-118.4597496512356,34.01838683046918,https://maxar-opendata.s3.amazonaws.com/events/WildFires-LosAngeles-Jan-2025/ard/11/031311102322/2025-01-14/103001010C7D2D00-visual.tif,https://maxar-opendata.s3.amazonaws.com/events/WildFires-LosAngeles-Jan-2025/ard/11/031311102322/2025-01-14/103001010C7D2D00-ms.tif,https://maxar-opendata.s3.amazonaws.com/events/WildFires-LosAngeles-Jan-2025/ard/11/031311102322/2025-01-14/103001010C7D2D00-pan.tif,2025-01-14,post
https://maxar-opendata.s3.amazonaws.com/events/WildFires-LosAngeles-Jan-2025/ard/11/031311102322/2025-01-14/10400100A06B8000.json,10400100A06B8000,2025-01-14 18:36:41+00:00,031311102322,0.36,23.4,31.3,0,32611,WV03,-118.5179471823,33.990748114247005,-118.47737826238865,34.01818433697257,https://maxar-opendata.s3.amazonaws.com/events/WildFires-LosAngeles-Jan-2025/ard/11/031311102322/2025-01-14/10400100A06B8000-visual.tif,https://maxar-opendata.s3.amazonaws.com/events/WildFires-LosAngeles-Jan-2025/ard/11/031311102322/2025-01-14/10400100A06B8000-ms.tif,https://maxar-opendata.s3.amazonaws.com/events/WildFires-LosAngeles-Jan-2025/ard/11/031311102322/2025-01-14/10400100A06B8000-pan.tif,2025-01-14,post
https://maxar-opendata.s3.amazonaws.com/events/WildFires-LosAngeles-Jan-2025/ard/11/031311102322/2025-01-14/10400100A0BAD600.json,10400100A0BAD600,2025-01-14 18:37:38+00:00,031311102322,0.33,16.6,31.4,0,32611,WV03,-118.5179471823,33.9787731449816,-118.45974970321004,34.01838683046918,https://maxar-opendata.s3.amazonaws.com/events/WildFires-LosAngeles-Jan-2025/ard/11/031311102322/2025-01-14/10400100A0BAD600-visual.tif,https://maxar-opendata.s3.amazonaws.com/events/WildFires-LosAngeles-Jan-2025/ard/11/031311102322/2025-01-14/10400100A0BAD600-ms.tif,https://maxar-opendata.s3.amazonaws.com/events/WildFires-LosAngeles-Jan-2025/ard/11/031311102322/2025-01-14/10400100A0BAD600-pan.tif,2025-01-14,post
https://maxar-opendata.s3.amazonaws.com/events/WildFires-LosAngeles-Jan-2025/ard/11/031311102322/2025-01-14/10400100A1AFE700.json,10400100A1AFE700,2025-01-14 18:37:47+00:00,031311102322,0.35,20.7,31.4,0,32611,WV03,-118.5179471823,33.98244741156349,-118.47142401828894,34.01825573233417,https://maxar-opendata.s3.amazonaws.com/events/WildFires-LosAngeles-Jan-2025/ard/11/031311102322/2025-01-14/10400100A1AFE700-visual.tif,https://maxar-opendata.s3.amazonaws.com/events/WildFires-LosAngeles-Jan-2025/ard/11/031311102322/2025-01-14/10400100A1AFE700-ms.tif,https://maxar-opendata.s3.amazonaws.com/events/WildFires-LosAngeles-Jan-2025/ard/11/031311102322/2025-01-14/10400100A1AFE700-pan.tif,2025-01-14,post
https://maxar-opendata.s3.amazonaws.com/events/WildFires-LosAngeles-Jan-2025/ard/11/031311102322/2025-01-15/10400100A0B73800.json,10400100A0B73800,2025-01-15 18:52:39+00:00,031311102322,0.35,21.0,32.6,0,32611,WV03,-118.5179471823,33.99320366313019,-118.47491373506148,34.018212897983936,https://maxar-opendata.s3.amazonaws.com/events/WildFires-LosAngeles-Jan-2025/ard/11/031311102322/2025-01-15/10400100A0B73800-visual.tif,https://maxar-opendata.s3.amazonaws.com/events/WildFires-LosAngeles-Jan-2025/ard/11/031311102322/2025-01-15/10400100A0B73800-ms.tif,https://maxar-opendata.s3.amazonaws.com/events/WildFires-LosAngeles-Jan-2025/ard/11/031311102322/2025-01-15/10400100A0B73800-pan.tif,2025-01-15,post
https://maxar-opendata.s3.amazonaws.com/events/WildFires-LosAngeles-Jan-2025/ard/11/031311102322/2025-01-16/105001004042BF00.json,105001004042BF00,2025-01-16 18:53:49+00:00,031311102322,0.49,25.4,32.9,0,32611,GE01,-118.5179471823,33.969794007221566,-118.45960797786397,34.01838683046918,https://maxar-opendata.s3.amazonaws.com/events/WildFires-LosAngeles-Jan-2025/ard/11/031311102322/2025-01-16/105001004042BF00-visual.tif,https://maxar-opendata.s3.amazonaws.com/events/WildFires-LosAngeles-Jan-2025/ard/11/031311102322/2025-01-16/105001004042BF00-ms.tif,https://maxar-opendata.s3.amazonaws.com/events/WildFires-LosAngeles-Jan-2025/ard/11/031311102322/2025-01-16/105001004042BF00-pan.tif,2025-01-16,post
https://maxar-opendata.s3.amazonaws.com/events/WildFires-LosAngeles-Jan-2025/ard/11/031311102322/2025-01-16/103001010CD31000.json,103001010CD31000,2025-01-16 18:57:47+00:00,031311102322,0.57,26.9,33.2,0,32611,WV02,-118.51280590802513,33.9787731449816,-118.45974970321004,34.01838683046918,https://maxar-opendata.s3.amazonaws.com/events/WildFires-LosAngeles-Jan-2025/ard/11/031311102322/2025-01-16/103001010CD31000-visual.tif,https://maxar-opendata.s3.amazonaws.com/events/WildFires-LosAngeles-Jan-2025/ard/11/031311102322/2025-01-16/103001010CD31000-ms.tif,https://maxar-opendata.s3.amazonaws.com/events/WildFires-LosAngeles-Jan-2025/ard/11/031311102322/2025-01-16/103001010CD31000-pan.tif,2025-01-16,post
https://maxar-opendata.s3.amazonaws.com/events/WildFires-LosAngeles-Jan-2025/ard/11/031311102322/2025-01-16/103001010C12B000.json,103001010C12B000,2025-01-16 18:58:03+00:00,031311102322,0.61,29.8,33.2,0,32611,WV02,-118.5179471823,33.9787731449816,-118.45974970321004,34.01838683046918,https://maxar-opendata.s3.amazonaws.com/events/WildFires-LosAngeles-Jan-2025/ard/11/031311102322/2025-01-16/103001010C12B000-visual.tif,https://maxar-opendata.s3.amazonaws.com/events/WildFires-LosAngeles-Jan-2025/ard/11/031311102322/2025-01-16/103001010C12B000-ms.tif,https://maxar-opendata.s3.amazonaws.com/events/WildFires-LosAngeles-Jan-2025/ard/11/031311102322/2025-01-16/103001010C12B000-pan.tif,2025-01-16,post
https://maxar-opendata.s3.amazonaws.com/events/WildFires-LosAngeles-Jan-2025/ard/11/031311102323/2025-01-09/10400100A20D9300.json,10400100A20D9300,2025-01-09 18:56:43+00:00,031311102323,0.39,28.3,32.2,0,32611,WV03,-118.46381101423906,33.97079170184367,-118.42795877354966,34.0187650138046,https://maxar-opendata.s3.amazonaws.com/events/WildFires-LosAngeles-Jan-2025/ard/11/031311102323/2025-01-09/10400100A20D9300-visual.tif,https://maxar-opendata.s3.amazonaws.com/events/WildFires-LosAngeles-Jan-2025/ard/11/031311102323/2025-01-09/10400100A20D9300-ms.tif,https://maxar-opendata.s3.amazonaws.com/events/WildFires-LosAngeles-Jan-2025/ard/11/031311102323/2025-01-09/10400100A20D9300-pan.tif,2025-01-09,post
https://maxar-opendata.s3.amazonaws.com/events/WildFires-LosAngeles-Jan-2025/ard/11/031311102323/2025-01-14/10400100A0BAD600.json,10400100A0BAD600,2025-01-14 18:37:38+00:00,031311102323,0.33,16.4,31.4,0,32611,WV03,-118.46381101423906,33.97079170184367,-118.42795877354966,34.0187650138046,https://maxar-opendata.s3.amazonaws.com/events/WildFires-LosAngeles-Jan-2025/ard/11/031311102323/2025-01-14/10400100A0BAD600-visual.tif,https://maxar-opendata.s3.amazonaws.com/events/WildFires-LosAngeles-Jan-2025/ard/11/031311102323/2025-01-14/10400100A0BAD600-ms.tif,https://maxar-opendata.s3.amazonaws.com/events/WildFires-LosAngeles-Jan-2025/ard/11/031311102323/2025-01-14/10400100A0BAD600-pan.tif,2025-01-14,post
https://maxar-opendata.s3.amazonaws.com/events/WildFires-LosAngeles-Jan-2025/ard/11/031311102323/2025-01-15/10400100A194FA00.json,10400100A194FA00,2025-01-15 18:51:59+00:00,031311102323,0.39,28.6,32.7,0,32611,WV03,-118.42965451171465,33.99620205755953,-118.42795854982558,34.018768026586635,https://maxar-opendata.s3.amazonaws.com/events/WildFires-LosAngeles-Jan-2025/ard/11/031311102323/2025-01-15/10400100A194FA00-visual.tif,https://maxar-opendata.s3.amazonaws.com/events/WildFires-LosAngeles-Jan-2025/ard/11/031311102323/2025-01-15/10400100A194FA00-ms.tif,https://maxar-opendata.s3.amazonaws.com/events/WildFires-LosAngeles-Jan-2025/ard/11/031311102323/2025-01-15/10400100A194FA00-pan.tif,2025-01-15,post
https://maxar-opendata.s3.amazonaws.com/events/WildFires-LosAngeles-Jan-2025/ard/11/031311102323/2025-01-16/105001004042BF00.json,105001004042BF00,2025-01-16 18:53:48+00:00,031311102323,0.49,25.6,32.9,0,32611,GE01,-118.46381101423906,33.970449216366724,-118.405500336754,34.019017907418764,https://maxar-opendata.s3.amazonaws.com/events/WildFires-LosAngeles-Jan-2025/ard/11/031311102323/2025-01-16/105001004042BF00-visual.tif,https://maxar-opendata.s3.amazonaws.com/events/WildFires-LosAngeles-Jan-2025/ard/11/031311102323/2025-01-16/105001004042BF00-ms.tif,https://maxar-opendata.s3.amazonaws.com/events/WildFires-LosAngeles-Jan-2025/ard/11/031311102323/2025-01-16/105001004042BF00-pan.tif,2025-01-16,post
https://maxar-opendata.s3.amazonaws.com/events/WildFires-LosAngeles-Jan-2025/ard/11/031311102323/2025-01-16/103001010CD31000.json,103001010CD31000,2025-01-16 18:57:47+00:00,031311102323,0.58,27.2,33.2,0,32611,WV02,-118.46381101423906,33.97079170184367,-118.42795877354966,34.0187650138046,https://maxar-opendata.s3.amazonaws.com/events/WildFires-LosAngeles-Jan-2025/ard/11/031311102323/2025-01-16/103001010CD31000-visual.tif,https://maxar-opendata.s3.amazonaws.com/events/WildFires-LosAngeles-Jan-2025/ard/11/031311102323/2025-01-16/103001010CD31000-ms.tif,https://maxar-opendata.s3.amazonaws.com/events/WildFires-LosAngeles-Jan-2025/ard/11/031311102323/2025-01-16/103001010CD31000-pan.tif,2025-01-16,post
https://maxar-opendata.s3.amazonaws.com/events/WildFires-LosAngeles-Jan-2025/ard/11/031311102323/2025-01-16/103001010C12B000.json,103001010C12B000,2025-01-16 18:58:03+00:00,031311102323,0.61,30.0,33.2,0,32611,WV02,-118.46381101423906,33.97079170184367,-118.42795877354966,34.0187650138046,https://maxar-opendata.s3.amazonaws.com/events/WildFires-LosAngeles-Jan-2025/ard/11/031311102323/2025-01-16/103001010C12B000-visual.tif,https://maxar-opendata.s3.amazonaws.com/events/WildFires-LosAngeles-Jan-2025/ard/11/031311102323/2025-01-16/103001010C12B000-ms.tif,https://maxar-opendata.s3.amazonaws.com/events/WildFires-LosAngeles-Jan-2025/ard/11/031311102323/2025-01-16/103001010C12B000-pan.tif,2025-01-16,post
https://maxar-opendata.s3.amazonaws.com/events/WildFires-LosAngeles-Jan-2025/ard/11/031311102330/2025-01-16/105001004042BF00.json,105001004042BF00,2025-01-16 18:53:47+00:00,031311102330,0.49,25.8,32.9,0,32611,GE01,-118.41041931664866,34.016161614130546,-118.35210512271658,34.06470685108021,https://maxar-opendata.s3.amazonaws.com/events/WildFires-LosAngeles-Jan-2025/ard/11/031311102330/2025-01-16/105001004042BF00-visual.tif,https://maxar-opendata.s3.amazonaws.com/events/WildFires-LosAngeles-Jan-2025/ard/11/031311102330/2025-01-16/105001004042BF00-ms.tif,https://maxar-opendata.s3.amazonaws.com/events/WildFires-LosAngeles-Jan-2025/ard/11/031311102330/2025-01-16/105001004042BF00-pan.tif,2025-01-16,post
https://maxar-opendata.s3.amazonaws.com/events/WildFires-LosAngeles-Jan-2025/ard/11/031311102331/2025-01-16/105001004042BF00.json,105001004042BF00,2025-01-16 18:53:46+00:00,031311102331,0.5,26.1,32.9,0,32611,GE01,-118.35625113508243,34.01677029398492,-118.29796567439271,34.065291266717765,https://maxar-opendata.s3.amazonaws.com/events/WildFires-LosAngeles-Jan-2025/ard/11/031311102331/2025-01-16/105001004042BF00-visual.tif,https://maxar-opendata.s3.amazonaws.com/events/WildFires-LosAngeles-Jan-2025/ard/11/031311102331/2025-01-16/105001004042BF00-ms.tif,https://maxar-opendata.s3.amazonaws.com/events/WildFires-LosAngeles-Jan-2025/ard/11/031311102331/2025-01-16/105001004042BF00-pan.tif,2025-01-16,post
https://maxar-opendata.s3.amazonaws.com/events/WildFires-LosAngeles-Jan-2025/ard/11/031311102332/2025-01-16/105001004042BF00.json,105001004042BF00,2025-01-16 18:53:47+00:00,031311102332,0.5,25.9,32.9,0,32611,GE01,-118.4096731257467,33.97108064892942,-118.35139104646586,34.019625162518345,https://maxar-opendata.s3.amazonaws.com/events/WildFires-LosAngeles-Jan-2025/ard/11/031311102332/2025-01-16/105001004042BF00-visual.tif,https://maxar-opendata.s3.amazonaws.com/events/WildFires-LosAngeles-Jan-2025/ard/11/031311102332/2025-01-16/105001004042BF00-ms.tif,https://maxar-opendata.s3.amazonaws.com/events/WildFires-LosAngeles-Jan-2025/ard/11/031311102332/2025-01-16/105001004042BF00-pan.tif,2025-01-16,post
https://maxar-opendata.s3.amazonaws.com/events/WildFires-LosAngeles-Jan-2025/ard/11/031311102333/2025-01-16/105001004042BF00.json,105001004042BF00,2025-01-16 18:53:46+00:00,031311102333,0.5,26.1,32.9,0,32611,GE01,-118.355533580362,33.97168830245138,-118.29728017040779,34.020208593401826,https://maxar-opendata.s3.amazonaws.com/events/WildFires-LosAngeles-Jan-2025/ard/11/031311102333/2025-01-16/105001004042BF00-visual.tif,https://maxar-opendata.s3.amazonaws.com/events/WildFires-LosAngeles-Jan-2025/ard/11/031311102333/2025-01-16/105001004042BF00-ms.tif,https://maxar-opendata.s3.amazonaws.com/events/WildFires-LosAngeles-Jan-2025/ard/11/031311102333/2025-01-16/105001004042BF00-pan.tif,2025-01-16,post
https://maxar-opendata.s3.amazonaws.com/events/WildFires-LosAngeles-Jan-2025/ard/11/031311103030/2025-01-01/10400100A17E8600.json,10400100A17E8600,2025-01-01 18:29:58+00:00,031311103030,0.36,24.1,29.5,0,32611,WV03,-118.14429327,34.19927732814202,-118.1379508802999,34.22491556,https://maxar-opendata.s3.amazonaws.com/events/WildFires-LosAngeles-Jan-2025/ard/11/031311103030/2025-01-01/10400100A17E8600-visual.tif,https://maxar-opendata.s3.amazonaws.com/events/WildFires-LosAngeles-Jan-2025/ard/11/031311103030/2025-01-01/10400100A17E8600-ms.tif,https://maxar-opendata.s3.amazonaws.com/events/WildFires-LosAngeles-Jan-2025/ard/11/031311103030/2025-01-01/10400100A17E8600-pan.tif,2025-01-01,pre
https://maxar-opendata.s3.amazonaws.com/events/WildFires-LosAngeles-Jan-2025/ard/11/031311103030/2025-01-10/1050010040277300.json,1050010040277300,2025-01-10 18:35:09+00:00,031311103030,0.42,7.2,30.6,0,32611,GE01,-118.17510823864198,34.198987324253416,-118.1379508802999,34.22472790277488,https://maxar-opendata.s3.amazonaws.com/events/WildFires-LosAngeles-Jan-2025/ard/11/031311103030/2025-01-10/1050010040277300-visual.tif,https://maxar-opendata.s3.amazonaws.com/events/WildFires-LosAngeles-Jan-2025/ard/11/031311103030/2025-01-10/1050010040277300-ms.tif,https://maxar-opendata.s3.amazonaws.com/events/WildFires-LosAngeles-Jan-2025/ard/11/031311103030/2025-01-10/1050010040277300-pan.tif,2025-01-10,post
https://maxar-opendata.s3.amazonaws.com/events/WildFires-LosAngeles-Jan-2025/ard/11/031311103030/2025-01-14/103001010C360000.json,103001010C360000,2025-01-14 18:30:38+00:00,031311103030,0.53,21.0,30.7,0,32611,WV02,-118.14429327,34.19927732814202,-118.1379508802999,34.22491556,https://maxar-opendata.s3.amazonaws.com/events/WildFires-LosAngeles-Jan-2025/ard/11/031311103030/2025-01-14/103001010C360000-visual.tif,https://maxar-opendata.s3.amazonaws.com/events/WildFires-LosAngeles-Jan-2025/ard/11/031311103030/2025-01-14/103001010C360000-ms.tif,https://maxar-opendata.s3.amazonaws.com/events/WildFires-LosAngeles-Jan-2025/ard/11/031311103030/2025-01-14/103001010C360000-pan.tif,2025-01-14,post
https://maxar-opendata.s3.amazonaws.com/events/WildFires-LosAngeles-Jan-2025/ard/11/031311103030/2025-01-14/10400100A07CE400.json,10400100A07CE400,2025-01-14 18:37:03+00:00,031311103030,0.32,9.7,31.3,0,32611,WV03,-118.14429327,34.19927814201356,-118.1379508802999,34.22491556,https://maxar-opendata.s3.amazonaws.com/events/WildFires-LosAngeles-Jan-2025/ard/11/031311103030/2025-01-14/10400100A07CE400-visual.tif,https://maxar-opendata.s3.amazonaws.com/events/WildFires-LosAngeles-Jan-2025/ard/11/031311103030/2025-01-14/10400100A07CE400-ms.tif,https://maxar-opendata.s3.amazonaws.com/events/WildFires-LosAngeles-Jan-2025/ard/11/031311103030/2025-01-14/10400100A07CE400-pan.tif,2025-01-14,post
https://maxar-opendata.s3.amazonaws.com/events/WildFires-LosAngeles-Jan-2025/ard/11/031311103030/2025-01-15/10400100A26E9900.json,10400100A26E9900,2025-01-15 18:52:22+00:00,031311103030,0.36,23.1,32.6,0,32611,WV03,-118.14429327,34.199277686398815,-118.1379508802999,34.22491556,https://maxar-opendata.s3.amazonaws.com/events/WildFires-LosAngeles-Jan-2025/ard/11/031311103030/2025-01-15/10400100A26E9900-visual.tif,https://maxar-opendata.s3.amazonaws.com/events/WildFires-LosAngeles-Jan-2025/ard/11/031311103030/2025-01-15/10400100A26E9900-ms.tif,https://maxar-opendata.s3.amazonaws.com/events/WildFires-LosAngeles-Jan-2025/ard/11/031311103030/2025-01-15/10400100A26E9900-pan.tif,2025-01-15,post
https://maxar-opendata.s3.amazonaws.com/events/WildFires-LosAngeles-Jan-2025/ard/11/031311103030/2025-01-18/10500100404AD000.json,10500100404AD000,2025-01-18 18:26:42+00:00,031311103030,0.5,26.8,31.0,0,32611,GE01,-118.14429327,34.19927732814202,-118.1379508802999,34.22491556,https://maxar-opendata.s3.amazonaws.com/events/WildFires-LosAngeles-Jan-2025/ard/11/031311103030/2025-01-18/10500100404AD000-visual.tif,https://maxar-opendata.s3.amazonaws.com/events/WildFires-LosAngeles-Jan-2025/ard/11/031311103030/2025-01-18/10500100404AD000-ms.tif,https://maxar-opendata.s3.amazonaws.com/events/WildFires-LosAngeles-Jan-2025/ard/11/031311103030/2025-01-18/10500100404AD000-pan.tif,2025-01-18,post
https://maxar-opendata.s3.amazonaws.com/events/WildFires-LosAngeles-Jan-2025/ard/11/031311103030/2025-01-19/103001010C487900.json,103001010C487900,2025-01-19 18:49:36+00:00,031311103030,0.59,28.2,33.1,0,32611,WV02,-118.14429327,34.19927732814202,-118.1379508802999,34.22491556,https://maxar-opendata.s3.amazonaws.com/events/WildFires-LosAngeles-Jan-2025/ard/11/031311103030/2025-01-19/103001010C487900-visual.tif,https://maxar-opendata.s3.amazonaws.com/events/WildFires-LosAngeles-Jan-2025/ard/11/031311103030/2025-01-19/103001010C487900-ms.tif,https://maxar-opendata.s3.amazonaws.com/events/WildFires-LosAngeles-Jan-2025/ard/11/031311103030/2025-01-19/103001010C487900-pan.tif,2025-01-19,post
https://maxar-opendata.s3.amazonaws.com/events/WildFires-LosAngeles-Jan-2025/ard/11/031311103031/2025-01-01/10400100A17E8600.json,10400100A17E8600,2025-01-01 18:29:58+00:00,031311103031,0.36,23.8,29.5,0,32611,WV03,-118.14168764406159,34.19930614945414,-118.08369073584,34.22491556,https://maxar-opendata.s3.amazonaws.com/events/WildFires-LosAngeles-Jan-2025/ard/11/031311103031/2025-01-01/10400100A17E8600-visual.tif,https://maxar-opendata.s3.amazonaws.com/events/WildFires-LosAngeles-Jan-2025/ard/11/031311103031/2025-01-01/10400100A17E8600-ms.tif,https://maxar-opendata.s3.amazonaws.com/events/WildFires-LosAngeles-Jan-2025/ard/11/031311103031/2025-01-01/10400100A17E8600-pan.tif,2025-01-01,pre
https://maxar-opendata.s3.amazonaws.com/events/WildFires-LosAngeles-Jan-2025/ard/11/031311103031/2025-01-08/10400100A1349500.json,10400100A1349500,2025-01-08 18:40:42+00:00,031311103031,0.34,18.6,30.8,3,32611,WV03,-118.14168764406159,34.19930614945414,-118.08369073584,34.22491556,https://maxar-opendata.s3.amazonaws.com/events/WildFires-LosAngeles-Jan-2025/ard/11/031311103031/2025-01-08/10400100A1349500-visual.tif,https://maxar-opendata.s3.amazonaws.com/events/WildFires-LosAngeles-Jan-2025/ard/11/031311103031/2025-01-08/10400100A1349500-ms.tif,https://maxar-opendata.s3.amazonaws.com/events/WildFires-LosAngeles-Jan-2025/ard/11/031311103031/2025-01-08/10400100A1349500-pan.tif,2025-01-08,post
https://maxar-opendata.s3.amazonaws.com/events/WildFires-LosAngeles-Jan-2025/ard/11/031311103031/2025-01-08/104001009C64B300.json,104001009C64B300,2025-01-08 18:41:38+00:00,031311103031,0.33,15.7,30.9,3,32611,WV03,-118.14168764406159,34.19930614945414,-118.08369073584,34.22491556,https://maxar-opendata.s3.amazonaws.com/events/WildFires-LosAngeles-Jan-2025/ard/11/031311103031/2025-01-08/104001009C64B300-visual.tif,https://maxar-opendata.s3.amazonaws.com/events/WildFires-LosAngeles-Jan-2025/ard/11/031311103031/2025-01-08/104001009C64B300-ms.tif,https://maxar-opendata.s3.amazonaws.com/events/WildFires-LosAngeles-Jan-2025/ard/11/031311103031/2025-01-08/104001009C64B300-pan.tif,2025-01-08,post
https://maxar-opendata.s3.amazonaws.com/events/WildFires-LosAngeles-Jan-2025/ard/11/031311103031/2025-01-10/1050010040277300.json,1050010040277300,2025-01-10 18:35:09+00:00,031311103031,0.42,6.9,30.6,12,32611,GE01,-118.14168494511233,34.19930614945414,-118.08369073584,34.224827198405265,https://maxar-opendata.s3.amazonaws.com/events/WildFires-LosAngeles-Jan-2025/ard/11/031311103031/2025-01-10/1050010040277300-visual.tif,https://maxar-opendata.s3.amazonaws.com/events/WildFires-LosAngeles-Jan-2025/ard/11/031311103031/2025-01-10/1050010040277300-ms.tif,https://maxar-opendata.s3.amazonaws.com/events/WildFires-LosAngeles-Jan-2025/ard/11/031311103031/2025-01-10/1050010040277300-pan.tif,2025-01-10,post
https://maxar-opendata.s3.amazonaws.com/events/WildFires-LosAngeles-Jan-2025/ard/11/031311103031/2025-01-14/103001010C360000.json,103001010C360000,2025-01-14 18:30:38+00:00,031311103031,0.53,20.8,30.7,0,32611,WV02,-118.14168764406159,34.19930614945414,-118.08369073584,34.22491556,https://maxar-opendata.s3.amazonaws.com/events/WildFires-LosAngeles-Jan-2025/ard/11/031311103031/2025-01-14/103001010C360000-visual.tif,https://maxar-opendata.s3.amazonaws.com/events/WildFires-LosAngeles-Jan-2025/ard/11/031311103031/2025-01-14/103001010C360000-ms.tif,https://maxar-opendata.s3.amazonaws.com/events/WildFires-LosAngeles-Jan-2025/ard/11/031311103031/2025-01-14/103001010C360000-pan.tif,2025-01-14,post
https://maxar-opendata.s3.amazonaws.com/events/WildFires-LosAngeles-Jan-2025/ard/11/031311103031/2025-01-14/10400100A07CE400.json,10400100A07CE400,2025-01-14 18:37:03+00:00,031311103031,0.32,9.5,31.3,0,32611,WV03,-118.14168756228034,34.19930614945414,-118.08369073584,34.22491556,https://maxar-opendata.s3.amazonaws.com/events/WildFires-LosAngeles-Jan-2025/ard/11/031311103031/2025-01-14/10400100A07CE400-visual.tif,https://maxar-opendata.s3.amazonaws.com/events/WildFires-LosAngeles-Jan-2025/ard/11/031311103031/2025-01-14/10400100A07CE400-ms.tif,https://maxar-opendata.s3.amazonaws.com/events/WildFires-LosAngeles-Jan-2025/ard/11/031311103031/2025-01-14/10400100A07CE400-pan.tif,2025-01-14,post
https://maxar-opendata.s3.amazonaws.com/events/WildFires-LosAngeles-Jan-2025/ard/11/031311103031/2025-01-15/10400100A26E9900.json,10400100A26E9900,2025-01-15 18:52:22+00:00,031311103031,0.36,23.4,32.6,0,32611,WV03,-118.14168764406159,34.19930614945414,-118.08369073584,34.22491556,https://maxar-opendata.s3.amazonaws.com/events/WildFires-LosAngeles-Jan-2025/ard/11/031311103031/2025-01-15/10400100A26E9900-visual.tif,https://maxar-opendata.s3.amazonaws.com/events/WildFires-LosAngeles-Jan-2025/ard/11/031311103031/2025-01-15/10400100A26E9900-ms.tif,https://maxar-opendata.s3.amazonaws.com/events/WildFires-LosAngeles-Jan-2025/ard/11/031311103031/2025-01-15/10400100A26E9900-pan.tif,2025-01-15,post
https://maxar-opendata.s3.amazonaws.com/events/WildFires-LosAngeles-Jan-2025/ard/11/031311103031/2025-01-18/10500100404AD000.json,10500100404AD000,2025-01-18 18:26:42+00:00,031311103031,0.5,26.9,31.0,0,32611,GE01,-118.14168750304745,34.19930614945414,-118.08369073584,34.22491556,https://maxar-opendata.s3.amazonaws.com/events/WildFires-LosAngeles-Jan-2025/ard/11/031311103031/2025-01-18/10500100404AD000-visual.tif,https://maxar-opendata.s3.amazonaws.com/events/WildFires-LosAngeles-Jan-2025/ard/11/031311103031/2025-01-18/10500100404AD000-ms.tif,https://maxar-opendata.s3.amazonaws.com/events/WildFires-LosAngeles-Jan-2025/ard/11/031311103031/2025-01-18/10500100404AD000-pan.tif,2025-01-18,post
https://maxar-opendata.s3.amazonaws.com/events/WildFires-LosAngeles-Jan-2025/ard/11/031311103031/2025-01-19/103001010C487900.json,103001010C487900,2025-01-19 18:49:36+00:00,031311103031,0.59,28.4,33.1,0,32611,WV02,-118.14168764406159,34.19930614945414,-118.08369073584,34.22491556,https://maxar-opendata.s3.amazonaws.com/events/WildFires-LosAngeles-Jan-2025/ard/11/031311103031/2025-01-19/103001010C487900-visual.tif,https://maxar-opendata.s3.amazonaws.com/events/WildFires-LosAngeles-Jan-2025/ard/11/031311103031/2025-01-19/103001010C487900-ms.tif,https://maxar-opendata.s3.amazonaws.com/events/WildFires-LosAngeles-Jan-2025/ard/11/031311103031/2025-01-19/103001010C487900-pan.tif,2025-01-19,post
https://maxar-opendata.s3.amazonaws.com/events/WildFires-LosAngeles-Jan-2025/ard/11/031311103032/2025-01-01/10400100A17E8600.json,10400100A17E8600,2025-01-01 18:29:58+00:00,031311103032,0.36,24.1,29.6,0,32611,WV03,-118.14429327,34.15418726338338,-118.13734575541653,34.20215541887328,https://maxar-opendata.s3.amazonaws.com/events/WildFires-LosAngeles-Jan-2025/ard/11/031311103032/2025-01-01/10400100A17E8600-visual.tif,https://maxar-opendata.s3.amazonaws.com/events/WildFires-LosAngeles-Jan-2025/ard/11/031311103032/2025-01-01/10400100A17E8600-ms.tif,https://maxar-opendata.s3.amazonaws.com/events/WildFires-LosAngeles-Jan-2025/ard/11/031311103032/2025-01-01/10400100A17E8600-pan.tif,2025-01-01,pre
https://maxar-opendata.s3.amazonaws.com/events/WildFires-LosAngeles-Jan-2025/ard/11/031311103032/2025-01-10/1050010040277300.json,1050010040277300,2025-01-10 18:35:08+00:00,031311103032,0.42,7.8,30.6,0,32611,GE01,-118.17526073381428,34.15389716067405,-118.13734575541653,34.20215541887328,https://maxar-opendata.s3.amazonaws.com/events/WildFires-LosAngeles-Jan-2025/ard/11/031311103032/2025-01-10/1050010040277300-visual.tif,https://maxar-opendata.s3.amazonaws.com/events/WildFires-LosAngeles-Jan-2025/ard/11/031311103032/2025-01-10/1050010040277300-ms.tif,https://maxar-opendata.s3.amazonaws.com/events/WildFires-LosAngeles-Jan-2025/ard/11/031311103032/2025-01-10/1050010040277300-pan.tif,2025-01-10,post
https://maxar-opendata.s3.amazonaws.com/events/WildFires-LosAngeles-Jan-2025/ard/11/031311103032/2025-01-14/103001010C360000.json,103001010C360000,2025-01-14 18:30:37+00:00,031311103032,0.53,20.6,30.8,0,32611,WV02,-118.14429327,34.15418726338338,-118.13734575541653,34.20215541887328,https://maxar-opendata.s3.amazonaws.com/events/WildFires-LosAngeles-Jan-2025/ard/11/031311103032/2025-01-14/103001010C360000-visual.tif,https://maxar-opendata.s3.amazonaws.com/events/WildFires-LosAngeles-Jan-2025/ard/11/031311103032/2025-01-14/103001010C360000-ms.tif,https://maxar-opendata.s3.amazonaws.com/events/WildFires-LosAngeles-Jan-2025/ard/11/031311103032/2025-01-14/103001010C360000-pan.tif,2025-01-14,post
https://maxar-opendata.s3.amazonaws.com/events/WildFires-LosAngeles-Jan-2025/ard/11/031311103032/2025-01-14/10400100A07CE400.json,10400100A07CE400,2025-01-14 18:37:03+00:00,031311103032,0.32,9.7,31.3,0,32611,WV03,-118.14429327,34.15418813214401,-118.13734575541653,34.20215541887328,https://maxar-opendata.s3.amazonaws.com/events/WildFires-LosAngeles-Jan-2025/ard/11/031311103032/2025-01-14/10400100A07CE400-visual.tif,https://maxar-opendata.s3.amazonaws.com/events/WildFires-LosAngeles-Jan-2025/ard/11/031311103032/2025-01-14/10400100A07CE400-ms.tif,https://maxar-opendata.s3.amazonaws.com/events/WildFires-LosAngeles-Jan-2025/ard/11/031311103032/2025-01-14/10400100A07CE400-pan.tif,2025-01-14,post
https://maxar-opendata.s3.amazonaws.com/events/WildFires-LosAngeles-Jan-2025/ard/11/031311103032/2025-01-15/10400100A26E9900.json,10400100A26E9900,2025-01-15 18:52:23+00:00,031311103032,0.36,23.2,32.6,0,32611,WV03,-118.14429327,34.154187639817366,-118.13734575541653,34.20215541887328,https://maxar-opendata.s3.amazonaws.com/events/WildFires-LosAngeles-Jan-2025/ard/11/031311103032/2025-01-15/10400100A26E9900-visual.tif,https://maxar-opendata.s3.amazonaws.com/events/WildFires-LosAngeles-Jan-2025/ard/11/031311103032/2025-01-15/10400100A26E9900-ms.tif,https://maxar-opendata.s3.amazonaws.com/events/WildFires-LosAngeles-Jan-2025/ard/11/031311103032/2025-01-15/10400100A26E9900-pan.tif,2025-01-15,post
https://maxar-opendata.s3.amazonaws.com/events/WildFires-LosAngeles-Jan-2025/ard/11/031311103032/2025-01-18/10500100404AD000.json,10500100404AD000,2025-01-18 18:26:42+00:00,031311103032,0.5,27.0,31.0,0,32611,GE01,-118.14429327,34.15418726338338,-118.13734575541653,34.20215541887328,https://maxar-opendata.s3.amazonaws.com/events/WildFires-LosAngeles-Jan-2025/ard/11/031311103032/2025-01-18/10500100404AD000-visual.tif,https://maxar-opendata.s3.amazonaws.com/events/WildFires-LosAngeles-Jan-2025/ard/11/031311103032/2025-01-18/10500100404AD000-ms.tif,https://maxar-opendata.s3.amazonaws.com/events/WildFires-LosAngeles-Jan-2025/ard/11/031311103032/2025-01-18/10500100404AD000-pan.tif,2025-01-18,post
https://maxar-opendata.s3.amazonaws.com/events/WildFires-LosAngeles-Jan-2025/ard/11/031311103032/2025-01-19/103001010B698000.json,103001010B698000,2025-01-19 18:49:13+00:00,031311103032,0.52,20.5,33.0,0,32611,WV02,-118.14429327,34.15418726338338,-118.13734575541653,34.20215541887328,https://maxar-opendata.s3.amazonaws.com/events/WildFires-LosAngeles-Jan-2025/ard/11/031311103032/2025-01-19/103001010B698000-visual.tif,https://maxar-opendata.s3.amazonaws.com/events/WildFires-LosAngeles-Jan-2025/ard/11/031311103032/2025-01-19/103001010B698000-ms.tif,https://maxar-opendata.s3.amazonaws.com/events/WildFires-LosAngeles-Jan-2025/ard/11/031311103032/2025-01-19/103001010B698000-pan.tif,2025-01-19,post
https://maxar-opendata.s3.amazonaws.com/events/WildFires-LosAngeles-Jan-2025/ard/11/031311103032/2025-01-19/103001010C487900.json,103001010C487900,2025-01-19 18:49:37+00:00,031311103032,0.59,28.1,33.1,0,32611,WV02,-118.14429327,34.15418726338338,-118.13734575541653,34.20215541887328,https://maxar-opendata.s3.amazonaws.com/events/WildFires-LosAngeles-Jan-2025/ard/11/031311103032/2025-01-19/103001010C487900-visual.tif,https://maxar-opendata.s3.amazonaws.com/events/WildFires-LosAngeles-Jan-2025/ard/11/031311103032/2025-01-19/103001010C487900-ms.tif,https://maxar-opendata.s3.amazonaws.com/events/WildFires-LosAngeles-Jan-2025/ard/11/031311103032/2025-01-19/103001010C487900-pan.tif,2025-01-19,post
https://maxar-opendata.s3.amazonaws.com/events/WildFires-LosAngeles-Jan-2025/ard/11/031311103033/2024-12-25/105001003FC45900.json,105001003FC45900,2024-12-25 18:50:39+00:00,031311103033,0.47,22.4,30.8,0,32611,GE01,-118.1411266417425,34.154221817491965,-118.08311445062091,34.18331313813959,https://maxar-opendata.s3.amazonaws.com/events/WildFires-LosAngeles-Jan-2025/ard/11/031311103033/2024-12-25/105001003FC45900-visual.tif,https://maxar-opendata.s3.amazonaws.com/events/WildFires-LosAngeles-Jan-2025/ard/11/031311103033/2024-12-25/105001003FC45900-ms.tif,https://maxar-opendata.s3.amazonaws.com/events/WildFires-LosAngeles-Jan-2025/ard/11/031311103033/2024-12-25/105001003FC45900-pan.tif,2024-12-25,pre
https://maxar-opendata.s3.amazonaws.com/events/WildFires-LosAngeles-Jan-2025/ard/11/031311103033/2025-01-01/10400100A17E8600.json,10400100A17E8600,2025-01-01 18:29:58+00:00,031311103033,0.36,23.8,29.6,0,32611,WV03,-118.14138007305148,34.154221817491965,-118.08311445062091,34.20264683187599,https://maxar-opendata.s3.amazonaws.com/events/WildFires-LosAngeles-Jan-2025/ard/11/031311103033/2025-01-01/10400100A17E8600-visual.tif,https://maxar-opendata.s3.amazonaws.com/events/WildFires-LosAngeles-Jan-2025/ard/11/031311103033/2025-01-01/10400100A17E8600-ms.tif,https://maxar-opendata.s3.amazonaws.com/events/WildFires-LosAngeles-Jan-2025/ard/11/031311103033/2025-01-01/10400100A17E8600-pan.tif,2025-01-01,pre
https://maxar-opendata.s3.amazonaws.com/events/WildFires-LosAngeles-Jan-2025/ard/11/031311103033/2025-01-10/1050010040277300.json,1050010040277300,2025-01-10 18:35:08+00:00,031311103033,0.42,7.5,30.6,0,32611,GE01,-118.14138007305148,34.154221817491965,-118.08311445062091,34.20264683187599,https://maxar-opendata.s3.amazonaws.com/events/WildFires-LosAngeles-Jan-2025/ard/11/031311103033/2025-01-10/1050010040277300-visual.tif,https://maxar-opendata.s3.amazonaws.com/events/WildFires-LosAngeles-Jan-2025/ard/11/031311103033/2025-01-10/1050010040277300-ms.tif,https://maxar-opendata.s3.amazonaws.com/events/WildFires-LosAngeles-Jan-2025/ard/11/031311103033/2025-01-10/1050010040277300-pan.tif,2025-01-10,post
https://maxar-opendata.s3.amazonaws.com/events/WildFires-LosAngeles-Jan-2025/ard/11/031311103033/2025-01-14/103001010C360000.json,103001010C360000,2025-01-14 18:30:37+00:00,031311103033,0.52,20.4,30.7,0,32611,WV02,-118.14138007305148,34.154221817491965,-118.08311445062091,34.20264683187599,https://maxar-opendata.s3.amazonaws.com/events/WildFires-LosAngeles-Jan-2025/ard/11/031311103033/2025-01-14/103001010C360000-visual.tif,https://maxar-opendata.s3.amazonaws.com/events/WildFires-LosAngeles-Jan-2025/ard/11/031311103033/2025-01-14/103001010C360000-ms.tif,https://maxar-opendata.s3.amazonaws.com/events/WildFires-LosAngeles-Jan-2025/ard/11/031311103033/2025-01-14/103001010C360000-pan.tif,2025-01-14,post
https://maxar-opendata.s3.amazonaws.com/events/WildFires-LosAngeles-Jan-2025/ard/11/031311103033/2025-01-14/10400100A07CE400.json,10400100A07CE400,2025-01-14 18:37:03+00:00,031311103033,0.32,9.4,31.3,0,32611,WV03,-118.14138007305148,34.154221817491965,-118.08311445062091,34.20264683187599,https://maxar-opendata.s3.amazonaws.com/events/WildFires-LosAngeles-Jan-2025/ard/11/031311103033/2025-01-14/10400100A07CE400-visual.tif,https://maxar-opendata.s3.amazonaws.com/events/WildFires-LosAngeles-Jan-2025/ard/11/031311103033/2025-01-14/10400100A07CE400-ms.tif,https://maxar-opendata.s3.amazonaws.com/events/WildFires-LosAngeles-Jan-2025/ard/11/031311103033/2025-01-14/10400100A07CE400-pan.tif,2025-01-14,post
https://maxar-opendata.s3.amazonaws.com/events/WildFires-LosAngeles-Jan-2025/ard/11/031311103033/2025-01-15/10400100A26E9900.json,10400100A26E9900,2025-01-15 18:52:23+00:00,031311103033,0.36,23.5,32.6,0,32611,WV03,-118.14138007305148,34.154221817491965,-118.08311445062091,34.20264683187599,https://maxar-opendata.s3.amazonaws.com/events/WildFires-LosAngeles-Jan-2025/ard/11/031311103033/2025-01-15/10400100A26E9900-visual.tif,https://maxar-opendata.s3.amazonaws.com/events/WildFires-LosAngeles-Jan-2025/ard/11/031311103033/2025-01-15/10400100A26E9900-ms.tif,https://maxar-opendata.s3.amazonaws.com/events/WildFires-LosAngeles-Jan-2025/ard/11/031311103033/2025-01-15/10400100A26E9900-pan.tif,2025-01-15,post
https://maxar-opendata.s3.amazonaws.com/events/WildFires-LosAngeles-Jan-2025/ard/11/031311103033/2025-01-18/10500100404AD000.json,10500100404AD000,2025-01-18 18:26:41+00:00,031311103033,0.5,27.0,31.0,0,32611,GE01,-118.14138007305148,34.154221817491965,-118.08311445062091,34.20264683187599,https://maxar-opendata.s3.amazonaws.com/events/WildFires-LosAngeles-Jan-2025/ard/11/031311103033/2025-01-18/10500100404AD000-visual.tif,https://maxar-opendata.s3.amazonaws.com/events/WildFires-LosAngeles-Jan-2025/ard/11/031311103033/2025-01-18/10500100404AD000-ms.tif,https://maxar-opendata.s3.amazonaws.com/events/WildFires-LosAngeles-Jan-2025/ard/11/031311103033/2025-01-18/10500100404AD000-pan.tif,2025-01-18,post
https://maxar-opendata.s3.amazonaws.com/events/WildFires-LosAngeles-Jan-2025/ard/11/031311103033/2025-01-19/103001010C487900.json,103001010C487900,2025-01-19 18:49:37+00:00,031311103033,0.59,28.3,33.1,7,32611,WV02,-118.14138007305148,34.154221817491965,-118.08311445062091,34.20264683187599,https://maxar-opendata.s3.amazonaws.com/events/WildFires-LosAngeles-Jan-2025/ard/11/031311103033/2025-01-19/103001010C487900-visual.tif,https://maxar-opendata.s3.amazonaws.com/events/WildFires-LosAngeles-Jan-2025/ard/11/031311103033/2025-01-19/103001010C487900-ms.tif,https://maxar-opendata.s3.amazonaws.com/events/WildFires-LosAngeles-Jan-2025/ard/11/031311103033/2025-01-19/103001010C487900-pan.tif,2025-01-19,post
https://maxar-opendata.s3.amazonaws.com/events/WildFires-LosAngeles-Jan-2025/ard/11/031311103120/2024-12-26/10400100A1028F00.json,10400100A1028F00,2024-12-26 18:33:49+00:00,031311103120,0.37,25.3,29.6,0,32611,WV03,-118.08740482223703,34.199799010293034,-118.03570673,34.22491556,https://maxar-opendata.s3.amazonaws.com/events/WildFires-LosAngeles-Jan-2025/ard/11/031311103120/2024-12-26/10400100A1028F00-visual.tif,https://maxar-opendata.s3.amazonaws.com/events/WildFires-LosAngeles-Jan-2025/ard/11/031311103120/2024-12-26/10400100A1028F00-ms.tif,https://maxar-opendata.s3.amazonaws.com/events/WildFires-LosAngeles-Jan-2025/ard/11/031311103120/2024-12-26/10400100A1028F00-pan.tif,2024-12-26,pre
https://maxar-opendata.s3.amazonaws.com/events/WildFires-LosAngeles-Jan-2025/ard/11/031311103120/2025-01-01/10400100A17E8600.json,10400100A17E8600,2025-01-01 18:29:57+00:00,031311103120,0.36,23.5,29.5,0,32611,WV03,-118.08740482223703,34.199799010293034,-118.03570673,34.22491556,https://maxar-opendata.s3.amazonaws.com/events/WildFires-LosAngeles-Jan-2025/ard/11/031311103120/2025-01-01/10400100A17E8600-visual.tif,https://maxar-opendata.s3.amazonaws.com/events/WildFires-LosAngeles-Jan-2025/ard/11/031311103120/2025-01-01/10400100A17E8600-ms.tif,https://maxar-opendata.s3.amazonaws.com/events/WildFires-LosAngeles-Jan-2025/ard/11/031311103120/2025-01-01/10400100A17E8600-pan.tif,2025-01-01,pre
https://maxar-opendata.s3.amazonaws.com/events/WildFires-LosAngeles-Jan-2025/ard/11/031311103120/2025-01-08/10400100A1349500.json,10400100A1349500,2025-01-08 18:40:42+00:00,031311103120,0.34,18.5,30.8,16,32611,WV03,-118.08740482223703,34.199799010293034,-118.03570673,34.22491556,https://maxar-opendata.s3.amazonaws.com/events/WildFires-LosAngeles-Jan-2025/ard/11/031311103120/2025-01-08/10400100A1349500-visual.tif,https://maxar-opendata.s3.amazonaws.com/events/WildFires-LosAngeles-Jan-2025/ard/11/031311103120/2025-01-08/10400100A1349500-ms.tif,https://maxar-opendata.s3.amazonaws.com/events/WildFires-LosAngeles-Jan-2025/ard/11/031311103120/2025-01-08/10400100A1349500-pan.tif,2025-01-08,post
https://maxar-opendata.s3.amazonaws.com/events/WildFires-LosAngeles-Jan-2025/ard/11/031311103120/2025-01-08/104001009C64B300.json,104001009C64B300,2025-01-08 18:41:38+00:00,031311103120,0.33,15.8,30.9,20,32611,WV03,-118.08740482223703,34.199799010293034,-118.03570673,34.22491556,https://maxar-opendata.s3.amazonaws.com/events/WildFires-LosAngeles-Jan-2025/ard/11/031311103120/2025-01-08/104001009C64B300-visual.tif,https://maxar-opendata.s3.amazonaws.com/events/WildFires-LosAngeles-Jan-2025/ard/11/031311103120/2025-01-08/104001009C64B300-ms.tif,https://maxar-opendata.s3.amazonaws.com/events/WildFires-LosAngeles-Jan-2025/ard/11/031311103120/2025-01-08/104001009C64B300-pan.tif,2025-01-08,post
https://maxar-opendata.s3.amazonaws.com/events/WildFires-LosAngeles-Jan-2025/ard/11/031311103120/2025-01-08/10400100A24E1900.json,10400100A24E1900,2025-01-08 18:41:49+00:00,031311103120,0.36,22.6,30.9,19,32611,WV03,-118.08185497175477,34.19984889232183,-118.03570673,34.22491556,https://maxar-opendata.s3.amazonaws.com/events/WildFires-LosAngeles-Jan-2025/ard/11/031311103120/2025-01-08/10400100A24E1900-visual.tif,https://maxar-opendata.s3.amazonaws.com/events/WildFires-LosAngeles-Jan-2025/ard/11/031311103120/2025-01-08/10400100A24E1900-ms.tif,https://maxar-opendata.s3.amazonaws.com/events/WildFires-LosAngeles-Jan-2025/ard/11/031311103120/2025-01-08/10400100A24E1900-pan.tif,2025-01-08,post
https://maxar-opendata.s3.amazonaws.com/events/WildFires-LosAngeles-Jan-2025/ard/11/031311103120/2025-01-10/1050010040277300.json,1050010040277300,2025-01-10 18:35:09+00:00,031311103120,0.41,6.6,30.6,47,32611,GE01,-118.08740352841585,34.199799010293034,-118.03570673,34.22491556,https://maxar-opendata.s3.amazonaws.com/events/WildFires-LosAngeles-Jan-2025/ard/11/031311103120/2025-01-10/1050010040277300-visual.tif,https://maxar-opendata.s3.amazonaws.com/events/WildFires-LosAngeles-Jan-2025/ard/11/031311103120/2025-01-10/1050010040277300-ms.tif,https://maxar-opendata.s3.amazonaws.com/events/WildFires-LosAngeles-Jan-2025/ard/11/031311103120/2025-01-10/1050010040277300-pan.tif,2025-01-10,post
https://maxar-opendata.s3.amazonaws.com/events/WildFires-LosAngeles-Jan-2025/ard/11/031311103120/2025-01-14/103001010C360000.json,103001010C360000,2025-01-14 18:30:38+00:00,031311103120,0.53,20.7,30.7,0,32611,WV02,-118.08740482223703,34.199799010293034,-118.03570673,34.22491556,https://maxar-opendata.s3.amazonaws.com/events/WildFires-LosAngeles-Jan-2025/ard/11/031311103120/2025-01-14/103001010C360000-visual.tif,https://maxar-opendata.s3.amazonaws.com/events/WildFires-LosAngeles-Jan-2025/ard/11/031311103120/2025-01-14/103001010C360000-ms.tif,https://maxar-opendata.s3.amazonaws.com/events/WildFires-LosAngeles-Jan-2025/ard/11/031311103120/2025-01-14/103001010C360000-pan.tif,2025-01-14,post
https://maxar-opendata.s3.amazonaws.com/events/WildFires-LosAngeles-Jan-2025/ard/11/031311103120/2025-01-14/10400100A07CE400.json,10400100A07CE400,2025-01-14 18:37:03+00:00,031311103120,0.32,9.1,31.3,0,32611,WV03,-118.08740474876343,34.199799010293034,-118.03570673,34.22491556,https://maxar-opendata.s3.amazonaws.com/events/WildFires-LosAngeles-Jan-2025/ard/11/031311103120/2025-01-14/10400100A07CE400-visual.tif,https://maxar-opendata.s3.amazonaws.com/events/WildFires-LosAngeles-Jan-2025/ard/11/031311103120/2025-01-14/10400100A07CE400-ms.tif,https://maxar-opendata.s3.amazonaws.com/events/WildFires-LosAngeles-Jan-2025/ard/11/031311103120/2025-01-14/10400100A07CE400-pan.tif,2025-01-14,post
https://maxar-opendata.s3.amazonaws.com/events/WildFires-LosAngeles-Jan-2025/ard/11/031311103120/2025-01-15/10400100A26E9900.json,10400100A26E9900,2025-01-15 18:52:22+00:00,031311103120,0.36,23.8,32.6,0,32611,WV03,-118.08740482223703,34.199799010293034,-118.03570673,34.22491556,https://maxar-opendata.s3.amazonaws.com/events/WildFires-LosAngeles-Jan-2025/ard/11/031311103120/2025-01-15/10400100A26E9900-visual.tif,https://maxar-opendata.s3.amazonaws.com/events/WildFires-LosAngeles-Jan-2025/ard/11/031311103120/2025-01-15/10400100A26E9900-ms.tif,https://maxar-opendata.s3.amazonaws.com/events/WildFires-LosAngeles-Jan-2025/ard/11/031311103120/2025-01-15/10400100A26E9900-pan.tif,2025-01-15,post
https://maxar-opendata.s3.amazonaws.com/events/WildFires-LosAngeles-Jan-2025/ard/11/031311103120/2025-01-18/10500100404AD000.json,10500100404AD000,2025-01-18 18:26:41+00:00,031311103120,0.5,26.9,31.0,0,32611,GE01,-118.0874046952977,34.199799010293034,-118.03570673,34.22491556,https://maxar-opendata.s3.amazonaws.com/events/WildFires-LosAngeles-Jan-2025/ard/11/031311103120/2025-01-18/10500100404AD000-visual.tif,https://maxar-opendata.s3.amazonaws.com/events/WildFires-LosAngeles-Jan-2025/ard/11/031311103120/2025-01-18/10500100404AD000-ms.tif,https://maxar-opendata.s3.amazonaws.com/events/WildFires-LosAngeles-Jan-2025/ard/11/031311103120/2025-01-18/10500100404AD000-pan.tif,2025-01-18,post
https://maxar-opendata.s3.amazonaws.com/events/WildFires-LosAngeles-Jan-2025/ard/11/031311103120/2025-01-19/103001010C487900.json,103001010C487900,2025-01-19 18:49:36+00:00,031311103120,0.59,28.6,33.1,0,32611,WV02,-118.08740482223703,34.199799010293034,-118.03570673,34.22491556,https://maxar-opendata.s3.amazonaws.com/events/WildFires-LosAngeles-Jan-2025/ard/11/031311103120/2025-01-19/103001010C487900-visual.tif,https://maxar-opendata.s3.amazonaws.com/events/WildFires-LosAngeles-Jan-2025/ard/11/031311103120/2025-01-19/103001010C487900-ms.tif,https://maxar-opendata.s3.amazonaws.com/events/WildFires-LosAngeles-Jan-2025/ard/11/031311103120/2025-01-19/103001010C487900-pan.tif,2025-01-19,post
https://maxar-opendata.s3.amazonaws.com/events/WildFires-LosAngeles-Jan-2025/ard/11/031311103122/2024-12-25/105001003FC45900.json,105001003FC45900,2024-12-25 18:50:39+00:00,031311103122,0.47,22.7,30.8,5,32611,GE01,-118.08685271188625,34.154713849375604,-118.03570673,34.181926240952755,https://maxar-opendata.s3.amazonaws.com/events/WildFires-LosAngeles-Jan-2025/ard/11/031311103122/2024-12-25/105001003FC45900-visual.tif,https://maxar-opendata.s3.amazonaws.com/events/WildFires-LosAngeles-Jan-2025/ard/11/031311103122/2024-12-25/105001003FC45900-ms.tif,https://maxar-opendata.s3.amazonaws.com/events/WildFires-LosAngeles-Jan-2025/ard/11/031311103122/2024-12-25/105001003FC45900-pan.tif,2024-12-25,pre
https://maxar-opendata.s3.amazonaws.com/events/WildFires-LosAngeles-Jan-2025/ard/11/031311103122/2024-12-26/10400100A1028F00.json,10400100A1028F00,2024-12-26 18:33:49+00:00,031311103122,0.37,25.3,29.6,0,32611,WV03,-118.0871182062631,34.154713849375604,-118.03570673,34.20306038485972,https://maxar-opendata.s3.amazonaws.com/events/WildFires-LosAngeles-Jan-2025/ard/11/031311103122/2024-12-26/10400100A1028F00-visual.tif,https://maxar-opendata.s3.amazonaws.com/events/WildFires-LosAngeles-Jan-2025/ard/11/031311103122/2024-12-26/10400100A1028F00-ms.tif,https://maxar-opendata.s3.amazonaws.com/events/WildFires-LosAngeles-Jan-2025/ard/11/031311103122/2024-12-26/10400100A1028F00-pan.tif,2024-12-26,pre
https://maxar-opendata.s3.amazonaws.com/events/WildFires-LosAngeles-Jan-2025/ard/11/031311103122/2025-01-01/10400100A17E8600.json,10400100A17E8600,2025-01-01 18:29:58+00:00,031311103122,0.36,23.5,29.5,0,32611,WV03,-118.0871182062631,34.154713849375604,-118.03570673,34.20306038485972,https://maxar-opendata.s3.amazonaws.com/events/WildFires-LosAngeles-Jan-2025/ard/11/031311103122/2025-01-01/10400100A17E8600-visual.tif,https://maxar-opendata.s3.amazonaws.com/events/WildFires-LosAngeles-Jan-2025/ard/11/031311103122/2025-01-01/10400100A17E8600-ms.tif,https://maxar-opendata.s3.amazonaws.com/events/WildFires-LosAngeles-Jan-2025/ard/11/031311103122/2025-01-01/10400100A17E8600-pan.tif,2025-01-01,pre
https://maxar-opendata.s3.amazonaws.com/events/WildFires-LosAngeles-Jan-2025/ard/11/031311103122/2025-01-10/1050010040277300.json,1050010040277300,2025-01-10 18:35:08+00:00,031311103122,0.42,7.1,30.6,0,32611,GE01,-118.0871182062631,34.154713849375604,-118.03570673,34.20306038485972,https://maxar-opendata.s3.amazonaws.com/events/WildFires-LosAngeles-Jan-2025/ard/11/031311103122/2025-01-10/1050010040277300-visual.tif,https://maxar-opendata.s3.amazonaws.com/events/WildFires-LosAngeles-Jan-2025/ard/11/031311103122/2025-01-10/1050010040277300-ms.tif,https://maxar-opendata.s3.amazonaws.com/events/WildFires-LosAngeles-Jan-2025/ard/11/031311103122/2025-01-10/1050010040277300-pan.tif,2025-01-10,post
https://maxar-opendata.s3.amazonaws.com/events/WildFires-LosAngeles-Jan-2025/ard/11/031311103122/2025-01-14/103001010C360000.json,103001010C360000,2025-01-14 18:30:37+00:00,031311103122,0.52,20.2,30.7,0,32611,WV02,-118.0871182062631,34.154713849375604,-118.03570673,34.20306038485972,https://maxar-opendata.s3.amazonaws.com/events/WildFires-LosAngeles-Jan-2025/ard/11/031311103122/2025-01-14/103001010C360000-visual.tif,https://maxar-opendata.s3.amazonaws.com/events/WildFires-LosAngeles-Jan-2025/ard/11/031311103122/2025-01-14/103001010C360000-ms.tif,https://maxar-opendata.s3.amazonaws.com/events/WildFires-LosAngeles-Jan-2025/ard/11/031311103122/2025-01-14/103001010C360000-pan.tif,2025-01-14,post
https://maxar-opendata.s3.amazonaws.com/events/WildFires-LosAngeles-Jan-2025/ard/11/031311103122/2025-01-14/10400100A07CE400.json,10400100A07CE400,2025-01-14 18:37:03+00:00,031311103122,0.32,9.0,31.3,0,32611,WV03,-118.0871182062631,34.154713849375604,-118.03570673,34.20306038485972,https://maxar-opendata.s3.amazonaws.com/events/WildFires-LosAngeles-Jan-2025/ard/11/031311103122/2025-01-14/10400100A07CE400-visual.tif,https://maxar-opendata.s3.amazonaws.com/events/WildFires-LosAngeles-Jan-2025/ard/11/031311103122/2025-01-14/10400100A07CE400-ms.tif,https://maxar-opendata.s3.amazonaws.com/events/WildFires-LosAngeles-Jan-2025/ard/11/031311103122/2025-01-14/10400100A07CE400-pan.tif,2025-01-14,post
https://maxar-opendata.s3.amazonaws.com/events/WildFires-LosAngeles-Jan-2025/ard/11/031311103122/2025-01-15/10400100A26E9900.json,10400100A26E9900,2025-01-15 18:52:23+00:00,031311103122,0.36,23.9,32.6,0,32611,WV03,-118.0871182062631,34.154713849375604,-118.03570673,34.20306038485972,https://maxar-opendata.s3.amazonaws.com/events/WildFires-LosAngeles-Jan-2025/ard/11/031311103122/2025-01-15/10400100A26E9900-visual.tif,https://maxar-opendata.s3.amazonaws.com/events/WildFires-LosAngeles-Jan-2025/ard/11/031311103122/2025-01-15/10400100A26E9900-ms.tif,https://maxar-opendata.s3.amazonaws.com/events/WildFires-LosAngeles-Jan-2025/ard/11/031311103122/2025-01-15/10400100A26E9900-pan.tif,2025-01-15,post
https://maxar-opendata.s3.amazonaws.com/events/WildFires-LosAngeles-Jan-2025/ard/11/031311103122/2025-01-18/10500100404AD000.json,10500100404AD000,2025-01-18 18:26:40+00:00,031311103122,0.5,27.1,31.0,0,32611,GE01,-118.0871182062631,34.154713849375604,-118.03570673,34.20306038485972,https://maxar-opendata.s3.amazonaws.com/events/WildFires-LosAngeles-Jan-2025/ard/11/031311103122/2025-01-18/10500100404AD000-visual.tif,https://maxar-opendata.s3.amazonaws.com/events/WildFires-LosAngeles-Jan-2025/ard/11/031311103122/2025-01-18/10500100404AD000-ms.tif,https://maxar-opendata.s3.amazonaws.com/events/WildFires-LosAngeles-Jan-2025/ard/11/031311103122/2025-01-18/10500100404AD000-pan.tif,2025-01-18,post
https://maxar-opendata.s3.amazonaws.com/events/WildFires-LosAngeles-Jan-2025/ard/11/031311103202/2025-01-16/105001004042BF00.json,105001004042BF00,2025-01-16 18:53:45+00:00,031311103202,0.5,26.3,33.0,0,32611,GE01,-118.30272455746007,34.062437786690246,-118.24448309097217,34.107462502276356,https://maxar-opendata.s3.amazonaws.com/events/WildFires-LosAngeles-Jan-2025/ard/11/031311103202/2025-01-16/105001004042BF00-visual.tif,https://maxar-opendata.s3.amazonaws.com/events/WildFires-LosAngeles-Jan-2025/ard/11/031311103202/2025-01-16/105001004042BF00-ms.tif,https://maxar-opendata.s3.amazonaws.com/events/WildFires-LosAngeles-Jan-2025/ard/11/031311103202/2025-01-16/105001004042BF00-pan.tif,2025-01-16,post
https://maxar-opendata.s3.amazonaws.com/events/WildFires-LosAngeles-Jan-2025/ard/11/031311103203/2025-01-16/105001004042BF00.json,105001004042BF00,2025-01-16 18:53:44+00:00,031311103203,0.5,26.6,33.0,0,32611,GE01,-118.24852112700833,34.06299976814792,-118.19031201280065,34.10774135700323,https://maxar-opendata.s3.amazonaws.com/events/WildFires-LosAngeles-Jan-2025/ard/11/031311103203/2025-01-16/105001004042BF00-visual.tif,https://maxar-opendata.s3.amazonaws.com/events/WildFires-LosAngeles-Jan-2025/ard/11/031311103203/2025-01-16/105001004042BF00-ms.tif,https://maxar-opendata.s3.amazonaws.com/events/WildFires-LosAngeles-Jan-2025/ard/11/031311103203/2025-01-16/105001004042BF00-pan.tif,2025-01-16,post
https://maxar-opendata.s3.amazonaws.com/events/WildFires-LosAngeles-Jan-2025/ard/11/031311103210/2024-12-25/105001003FC45900.json,105001003FC45900,2024-12-25 18:50:39+00:00,031311103210,0.47,22.1,30.8,0,32611,GE01,-118.14429327,34.13508444,-118.13708906775253,34.157071055247116,https://maxar-opendata.s3.amazonaws.com/events/WildFires-LosAngeles-Jan-2025/ard/11/031311103210/2024-12-25/105001003FC45900-visual.tif,https://maxar-opendata.s3.amazonaws.com/events/WildFires-LosAngeles-Jan-2025/ard/11/031311103210/2024-12-25/105001003FC45900-ms.tif,https://maxar-opendata.s3.amazonaws.com/events/WildFires-LosAngeles-Jan-2025/ard/11/031311103210/2024-12-25/105001003FC45900-pan.tif,2024-12-25,pre
https://maxar-opendata.s3.amazonaws.com/events/WildFires-LosAngeles-Jan-2025/ard/11/031311103210/2025-01-01/10400100A17E8600.json,10400100A17E8600,2025-01-01 18:29:59+00:00,031311103210,0.36,24.0,29.6,0,32611,WV03,-118.14429327,34.13508444,-118.13708906775253,34.157071055247116,https://maxar-opendata.s3.amazonaws.com/events/WildFires-LosAngeles-Jan-2025/ard/11/031311103210/2025-01-01/10400100A17E8600-visual.tif,https://maxar-opendata.s3.amazonaws.com/events/WildFires-LosAngeles-Jan-2025/ard/11/031311103210/2025-01-01/10400100A17E8600-ms.tif,https://maxar-opendata.s3.amazonaws.com/events/WildFires-LosAngeles-Jan-2025/ard/11/031311103210/2025-01-01/10400100A17E8600-pan.tif,2025-01-01,pre
https://maxar-opendata.s3.amazonaws.com/events/WildFires-LosAngeles-Jan-2025/ard/11/031311103210/2025-01-10/1050010040277300.json,1050010040277300,2025-01-10 18:35:07+00:00,031311103210,0.42,8.3,30.6,0,32611,GE01,-118.17536257326438,34.13431551315009,-118.13708150624726,34.157071055247116,https://maxar-opendata.s3.amazonaws.com/events/WildFires-LosAngeles-Jan-2025/ard/11/031311103210/2025-01-10/1050010040277300-visual.tif,https://maxar-opendata.s3.amazonaws.com/events/WildFires-LosAngeles-Jan-2025/ard/11/031311103210/2025-01-10/1050010040277300-ms.tif,https://maxar-opendata.s3.amazonaws.com/events/WildFires-LosAngeles-Jan-2025/ard/11/031311103210/2025-01-10/1050010040277300-pan.tif,2025-01-10,post
https://maxar-opendata.s3.amazonaws.com/events/WildFires-LosAngeles-Jan-2025/ard/11/031311103210/2025-01-14/103001010C360000.json,103001010C360000,2025-01-14 18:30:37+00:00,031311103210,0.52,20.3,30.8,0,32611,WV02,-118.14429327,34.13508444,-118.1370889769176,34.157071055247116,https://maxar-opendata.s3.amazonaws.com/events/WildFires-LosAngeles-Jan-2025/ard/11/031311103210/2025-01-14/103001010C360000-visual.tif,https://maxar-opendata.s3.amazonaws.com/events/WildFires-LosAngeles-Jan-2025/ard/11/031311103210/2025-01-14/103001010C360000-ms.tif,https://maxar-opendata.s3.amazonaws.com/events/WildFires-LosAngeles-Jan-2025/ard/11/031311103210/2025-01-14/103001010C360000-pan.tif,2025-01-14,post
https://maxar-opendata.s3.amazonaws.com/events/WildFires-LosAngeles-Jan-2025/ard/11/031311103210/2025-01-14/10400100A07CE400.json,10400100A07CE400,2025-01-14 18:37:04+00:00,031311103210,0.32,9.5,31.3,0,32611,WV03,-118.14429327,34.13508444,-118.13708899697932,34.157071055247116,https://maxar-opendata.s3.amazonaws.com/events/WildFires-LosAngeles-Jan-2025/ard/11/031311103210/2025-01-14/10400100A07CE400-visual.tif,https://maxar-opendata.s3.amazonaws.com/events/WildFires-LosAngeles-Jan-2025/ard/11/031311103210/2025-01-14/10400100A07CE400-ms.tif,https://maxar-opendata.s3.amazonaws.com/events/WildFires-LosAngeles-Jan-2025/ard/11/031311103210/2025-01-14/10400100A07CE400-pan.tif,2025-01-14,post
https://maxar-opendata.s3.amazonaws.com/events/WildFires-LosAngeles-Jan-2025/ard/11/031311103210/2025-01-15/10400100A26E9900.json,10400100A26E9900,2025-01-15 18:52:24+00:00,031311103210,0.36,23.3,32.6,0,32611,WV03,-118.14429327,34.13508444,-118.13708899026555,34.157071055247116,https://maxar-opendata.s3.amazonaws.com/events/WildFires-LosAngeles-Jan-2025/ard/11/031311103210/2025-01-15/10400100A26E9900-visual.tif,https://maxar-opendata.s3.amazonaws.com/events/WildFires-LosAngeles-Jan-2025/ard/11/031311103210/2025-01-15/10400100A26E9900-ms.tif,https://maxar-opendata.s3.amazonaws.com/events/WildFires-LosAngeles-Jan-2025/ard/11/031311103210/2025-01-15/10400100A26E9900-pan.tif,2025-01-15,post
https://maxar-opendata.s3.amazonaws.com/events/WildFires-LosAngeles-Jan-2025/ard/11/031311103210/2025-01-18/10500100404AD000.json,10500100404AD000,2025-01-18 18:26:42+00:00,031311103210,0.51,27.2,31.0,0,32611,GE01,-118.14429327,34.13508444,-118.13708906775253,34.157071055247116,https://maxar-opendata.s3.amazonaws.com/events/WildFires-LosAngeles-Jan-2025/ard/11/031311103210/2025-01-18/10500100404AD000-visual.tif,https://maxar-opendata.s3.amazonaws.com/events/WildFires-LosAngeles-Jan-2025/ard/11/031311103210/2025-01-18/10500100404AD000-ms.tif,https://maxar-opendata.s3.amazonaws.com/events/WildFires-LosAngeles-Jan-2025/ard/11/031311103210/2025-01-18/10500100404AD000-pan.tif,2025-01-18,post
https://maxar-opendata.s3.amazonaws.com/events/WildFires-LosAngeles-Jan-2025/ard/11/031311103211/2024-12-25/105001003FC45900.json,105001003FC45900,2024-12-25 18:50:39+00:00,031311103211,0.47,22.4,30.8,0,32611,GE01,-118.14077306147071,34.13508444,-118.08286374437745,34.15756164176213,https://maxar-opendata.s3.amazonaws.com/events/WildFires-LosAngeles-Jan-2025/ard/11/031311103211/2024-12-25/105001003FC45900-visual.tif,https://maxar-opendata.s3.amazonaws.com/events/WildFires-LosAngeles-Jan-2025/ard/11/031311103211/2024-12-25/105001003FC45900-ms.tif,https://maxar-opendata.s3.amazonaws.com/events/WildFires-LosAngeles-Jan-2025/ard/11/031311103211/2024-12-25/105001003FC45900-pan.tif,2024-12-25,pre
https://maxar-opendata.s3.amazonaws.com/events/WildFires-LosAngeles-Jan-2025/ard/11/031311103211/2025-01-01/10400100A17E8600.json,10400100A17E8600,2025-01-01 18:29:59+00:00,031311103211,0.36,23.7,29.6,0,32611,WV03,-118.14077306147071,34.13508444,-118.08286374437745,34.15756164176213,https://maxar-opendata.s3.amazonaws.com/events/WildFires-LosAngeles-Jan-2025/ard/11/031311103211/2025-01-01/10400100A17E8600-visual.tif,https://maxar-opendata.s3.amazonaws.com/events/WildFires-LosAngeles-Jan-2025/ard/11/031311103211/2025-01-01/10400100A17E8600-ms.tif,https://maxar-opendata.s3.amazonaws.com/events/WildFires-LosAngeles-Jan-2025/ard/11/031311103211/2025-01-01/10400100A17E8600-pan.tif,2025-01-01,pre
https://maxar-opendata.s3.amazonaws.com/events/WildFires-LosAngeles-Jan-2025/ard/11/031311103211/2025-01-10/1050010040277300.json,1050010040277300,2025-01-10 18:35:07+00:00,031311103211,0.42,8.1,30.6,0,32611,GE01,-118.14077306147071,34.13450762543459,-118.08286035009688,34.15756164176213,https://maxar-opendata.s3.amazonaws.com/events/WildFires-LosAngeles-Jan-2025/ard/11/031311103211/2025-01-10/1050010040277300-visual.tif,https://maxar-opendata.s3.amazonaws.com/events/WildFires-LosAngeles-Jan-2025/ard/11/031311103211/2025-01-10/1050010040277300-ms.tif,https://maxar-opendata.s3.amazonaws.com/events/WildFires-LosAngeles-Jan-2025/ard/11/031311103211/2025-01-10/1050010040277300-pan.tif,2025-01-10,post
https://maxar-opendata.s3.amazonaws.com/events/WildFires-LosAngeles-Jan-2025/ard/11/031311103211/2025-01-14/103001010C360000.json,103001010C360000,2025-01-14 18:30:37+00:00,031311103211,0.52,20.1,30.8,0,32611,WV02,-118.14077306147071,34.13508444,-118.08286368286868,34.15756164176213,https://maxar-opendata.s3.amazonaws.com/events/WildFires-LosAngeles-Jan-2025/ard/11/031311103211/2025-01-14/103001010C360000-visual.tif,https://maxar-opendata.s3.amazonaws.com/events/WildFires-LosAngeles-Jan-2025/ard/11/031311103211/2025-01-14/103001010C360000-ms.tif,https://maxar-opendata.s3.amazonaws.com/events/WildFires-LosAngeles-Jan-2025/ard/11/031311103211/2025-01-14/103001010C360000-pan.tif,2025-01-14,post
https://maxar-opendata.s3.amazonaws.com/events/WildFires-LosAngeles-Jan-2025/ard/11/031311103211/2025-01-14/10400100A07CE400.json,10400100A07CE400,2025-01-14 18:37:04+00:00,031311103211,0.32,9.3,31.3,0,32611,WV03,-118.14077306147071,34.13508444,-118.08286367516182,34.15756164176213,https://maxar-opendata.s3.amazonaws.com/events/WildFires-LosAngeles-Jan-2025/ard/11/031311103211/2025-01-14/10400100A07CE400-visual.tif,https://maxar-opendata.s3.amazonaws.com/events/WildFires-LosAngeles-Jan-2025/ard/11/031311103211/2025-01-14/10400100A07CE400-ms.tif,https://maxar-opendata.s3.amazonaws.com/events/WildFires-LosAngeles-Jan-2025/ard/11/031311103211/2025-01-14/10400100A07CE400-pan.tif,2025-01-14,post
https://maxar-opendata.s3.amazonaws.com/events/WildFires-LosAngeles-Jan-2025/ard/11/031311103211/2025-01-15/10400100A26E9900.json,10400100A26E9900,2025-01-15 18:52:24+00:00,031311103211,0.36,23.6,32.6,0,32611,WV03,-118.14077306147071,34.13508444,-118.08286369699397,34.15756164176213,https://maxar-opendata.s3.amazonaws.com/events/WildFires-LosAngeles-Jan-2025/ard/11/031311103211/2025-01-15/10400100A26E9900-visual.tif,https://maxar-opendata.s3.amazonaws.com/events/WildFires-LosAngeles-Jan-2025/ard/11/031311103211/2025-01-15/10400100A26E9900-ms.tif,https://maxar-opendata.s3.amazonaws.com/events/WildFires-LosAngeles-Jan-2025/ard/11/031311103211/2025-01-15/10400100A26E9900-pan.tif,2025-01-15,post
https://maxar-opendata.s3.amazonaws.com/events/WildFires-LosAngeles-Jan-2025/ard/11/031311103211/2025-01-18/10500100404AD000.json,10500100404AD000,2025-01-18 18:26:41+00:00,031311103211,0.51,27.3,31.0,0,32611,GE01,-118.14077306147071,34.13508444,-118.08286374437745,34.15756164176213,https://maxar-opendata.s3.amazonaws.com/events/WildFires-LosAngeles-Jan-2025/ard/11/031311103211/2025-01-18/10500100404AD000-visual.tif,https://maxar-opendata.s3.amazonaws.com/events/WildFires-LosAngeles-Jan-2025/ard/11/031311103211/2025-01-18/10500100404AD000-ms.tif,https://maxar-opendata.s3.amazonaws.com/events/WildFires-LosAngeles-Jan-2025/ard/11/031311103211/2025-01-18/10500100404AD000-pan.tif,2025-01-18,post
https://maxar-opendata.s3.amazonaws.com/events/WildFires-LosAngeles-Jan-2025/ard/11/031311103212/2025-01-16/105001004042BF00.json,105001004042BF00,2025-01-16 18:53:43+00:00,031311103212,0.5,26.8,33.0,0,32611,GE01,-118.19431819917949,34.063537883374885,-118.13613953317942,34.108029314834546,https://maxar-opendata.s3.amazonaws.com/events/WildFires-LosAngeles-Jan-2025/ard/11/031311103212/2025-01-16/105001004042BF00-visual.tif,https://maxar-opendata.s3.amazonaws.com/events/WildFires-LosAngeles-Jan-2025/ard/11/031311103212/2025-01-16/105001004042BF00-ms.tif,https://maxar-opendata.s3.amazonaws.com/events/WildFires-LosAngeles-Jan-2025/ard/11/031311103212/2025-01-16/105001004042BF00-pan.tif,2025-01-16,post
https://maxar-opendata.s3.amazonaws.com/events/WildFires-LosAngeles-Jan-2025/ard/11/031311103213/2025-01-16/105001004042BF00.json,105001004042BF00,2025-01-16 18:53:42+00:00,031311103213,0.5,27.1,33.0,0,32611,GE01,-118.14011448811878,34.06405213027272,-118.0819657158313,34.10827959542621,https://maxar-opendata.s3.amazonaws.com/events/WildFires-LosAngeles-Jan-2025/ard/11/031311103213/2025-01-16/105001004042BF00-visual.tif,https://maxar-opendata.s3.amazonaws.com/events/WildFires-LosAngeles-Jan-2025/ard/11/031311103213/2025-01-16/105001004042BF00-ms.tif,https://maxar-opendata.s3.amazonaws.com/events/WildFires-LosAngeles-Jan-2025/ard/11/031311103213/2025-01-16/105001004042BF00-pan.tif,2025-01-16,post
https://maxar-opendata.s3.amazonaws.com/events/WildFires-LosAngeles-Jan-2025/ard/11/031311103220/2025-01-16/105001004042BF00.json,105001004042BF00,2025-01-16 18:53:45+00:00,031311103220,0.5,26.4,33.0,0,32611,GE01,-118.3020813567675,34.017355152279315,-118.24382470046713,34.06585181566242,https://maxar-opendata.s3.amazonaws.com/events/WildFires-LosAngeles-Jan-2025/ard/11/031311103220/2025-01-16/105001004042BF00-visual.tif,https://maxar-opendata.s3.amazonaws.com/events/WildFires-LosAngeles-Jan-2025/ard/11/031311103220/2025-01-16/105001004042BF00-ms.tif,https://maxar-opendata.s3.amazonaws.com/events/WildFires-LosAngeles-Jan-2025/ard/11/031311103220/2025-01-16/105001004042BF00-pan.tif,2025-01-16,post
https://maxar-opendata.s3.amazonaws.com/events/WildFires-LosAngeles-Jan-2025/ard/11/031311103221/2025-01-16/105001004042BF00.json,105001004042BF00,2025-01-16 18:53:44+00:00,031311103221,0.5,26.6,33.0,0,32611,GE01,-118.24791004540238,34.017916186734915,-118.18968226450596,34.066388495728226,https://maxar-opendata.s3.amazonaws.com/events/WildFires-LosAngeles-Jan-2025/ard/11/031311103221/2025-01-16/105001004042BF00-visual.tif,https://maxar-opendata.s3.amazonaws.com/events/WildFires-LosAngeles-Jan-2025/ard/11/031311103221/2025-01-16/105001004042BF00-ms.tif,https://maxar-opendata.s3.amazonaws.com/events/WildFires-LosAngeles-Jan-2025/ard/11/031311103221/2025-01-16/105001004042BF00-pan.tif,2025-01-16,post
https://maxar-opendata.s3.amazonaws.com/events/WildFires-LosAngeles-Jan-2025/ard/11/031311103222/2025-01-16/105001004042BF00.json,105001004042BF00,2025-01-16 18:53:45+00:00,031311103222,0.5,26.4,33.0,0,32611,GE01,-118.30139244163618,33.972272174566754,-118.24316777199945,34.020768197795796,https://maxar-opendata.s3.amazonaws.com/events/WildFires-LosAngeles-Jan-2025/ard/11/031311103222/2025-01-16/105001004042BF00-visual.tif,https://maxar-opendata.s3.amazonaws.com/events/WildFires-LosAngeles-Jan-2025/ard/11/031311103222/2025-01-16/105001004042BF00-ms.tif,https://maxar-opendata.s3.amazonaws.com/events/WildFires-LosAngeles-Jan-2025/ard/11/031311103222/2025-01-16/105001004042BF00-pan.tif,2025-01-16,post
https://maxar-opendata.s3.amazonaws.com/events/WildFires-LosAngeles-Jan-2025/ard/11/031311103223/2025-01-16/105001004042BF00.json,105001004042BF00,2025-01-16 18:53:44+00:00,031311103223,0.5,26.7,33.0,0,32611,GE01,-118.24724977313197,33.972832263002175,-118.18905391467172,34.02130397351961,https://maxar-opendata.s3.amazonaws.com/events/WildFires-LosAngeles-Jan-2025/ard/11/031311103223/2025-01-16/105001004042BF00-visual.tif,https://maxar-opendata.s3.amazonaws.com/events/WildFires-LosAngeles-Jan-2025/ard/11/031311103223/2025-01-16/105001004042BF00-ms.tif,https://maxar-opendata.s3.amazonaws.com/events/WildFires-LosAngeles-Jan-2025/ard/11/031311103223/2025-01-16/105001004042BF00-pan.tif,2025-01-16,post
https://maxar-opendata.s3.amazonaws.com/events/WildFires-LosAngeles-Jan-2025/ard/11/031311103230/2025-01-16/105001004042BF00.json,105001004042BF00,2025-01-16 18:53:43+00:00,031311103230,0.5,26.9,33.0,0,32611,GE01,-118.19373726469685,34.018453395165544,-118.13553843008604,34.06690130482225,https://maxar-opendata.s3.amazonaws.com/events/WildFires-LosAngeles-Jan-2025/ard/11/031311103230/2025-01-16/105001004042BF00-visual.tif,https://maxar-opendata.s3.amazonaws.com/events/WildFires-LosAngeles-Jan-2025/ard/11/031311103230/2025-01-16/105001004042BF00-ms.tif,https://maxar-opendata.s3.amazonaws.com/events/WildFires-LosAngeles-Jan-2025/ard/11/031311103230/2025-01-16/105001004042BF00-pan.tif,2025-01-16,post
https://maxar-opendata.s3.amazonaws.com/events/WildFires-LosAngeles-Jan-2025/ard/11/031311103231/2025-01-16/105001004042BF00.json,105001004042BF00,2025-01-16 18:53:42+00:00,031311103231,0.5,27.2,33.0,0,32611,GE01,-118.13956307837142,34.0189667754778,-118.08139326079436,34.067390240944526,https://maxar-opendata.s3.amazonaws.com/events/WildFires-LosAngeles-Jan-2025/ard/11/031311103231/2025-01-16/105001004042BF00-visual.tif,https://maxar-opendata.s3.amazonaws.com/events/WildFires-LosAngeles-Jan-2025/ard/11/031311103231/2025-01-16/105001004042BF00-ms.tif,https://maxar-opendata.s3.amazonaws.com/events/WildFires-LosAngeles-Jan-2025/ard/11/031311103231/2025-01-16/105001004042BF00-pan.tif,2025-01-16,post
https://maxar-opendata.s3.amazonaws.com/events/WildFires-LosAngeles-Jan-2025/ard/11/031311103232/2025-01-16/105001004042BF00.json,105001004042BF00,2025-01-16 18:53:43+00:00,031311103232,0.5,26.9,33.0,0,32611,GE01,-118.19310563842335,33.97336856557673,-118.13493866186604,34.021815918485316,https://maxar-opendata.s3.amazonaws.com/events/WildFires-LosAngeles-Jan-2025/ard/11/031311103232/2025-01-16/105001004042BF00-visual.tif,https://maxar-opendata.s3.amazonaws.com/events/WildFires-LosAngeles-Jan-2025/ard/11/031311103232/2025-01-16/105001004042BF00-ms.tif,https://maxar-opendata.s3.amazonaws.com/events/WildFires-LosAngeles-Jan-2025/ard/11/031311103232/2025-01-16/105001004042BF00-pan.tif,2025-01-16,post
https://maxar-opendata.s3.amazonaws.com/events/WildFires-LosAngeles-Jan-2025/ard/11/031311103233/2025-01-16/105001004042BF00.json,105001004042BF00,2025-01-16 18:53:42+00:00,031311103233,0.51,27.2,33.0,0,32611,GE01,-118.13896010109494,33.973881080202055,-118.08082207703397,34.02230403069777,https://maxar-opendata.s3.amazonaws.com/events/WildFires-LosAngeles-Jan-2025/ard/11/031311103233/2025-01-16/105001004042BF00-visual.tif,https://maxar-opendata.s3.amazonaws.com/events/WildFires-LosAngeles-Jan-2025/ard/11/031311103233/2025-01-16/105001004042BF00-ms.tif,https://maxar-opendata.s3.amazonaws.com/events/WildFires-LosAngeles-Jan-2025/ard/11/031311103233/2025-01-16/105001004042BF00-pan.tif,2025-01-16,post
https://maxar-opendata.s3.amazonaws.com/events/WildFires-LosAngeles-Jan-2025/ard/11/031311103300/2024-12-25/105001003FC45900.json,105001003FC45900,2024-12-25 18:50:39+00:00,031311103300,0.47,22.7,30.8,0,32611,GE01,-118.08654003817524,34.13508444,-118.03570673,34.157969752201296,https://maxar-opendata.s3.amazonaws.com/events/WildFires-LosAngeles-Jan-2025/ard/11/031311103300/2024-12-25/105001003FC45900-visual.tif,https://maxar-opendata.s3.amazonaws.com/events/WildFires-LosAngeles-Jan-2025/ard/11/031311103300/2024-12-25/105001003FC45900-ms.tif,https://maxar-opendata.s3.amazonaws.com/events/WildFires-LosAngeles-Jan-2025/ard/11/031311103300/2024-12-25/105001003FC45900-pan.tif,2024-12-25,pre
https://maxar-opendata.s3.amazonaws.com/events/WildFires-LosAngeles-Jan-2025/ard/11/031311103300/2024-12-26/10400100A1028F00.json,10400100A1028F00,2024-12-26 18:33:50+00:00,031311103300,0.37,25.2,29.7,0,32611,WV03,-118.08654003817524,34.13508444,-118.03570673,34.157969752201296,https://maxar-opendata.s3.amazonaws.com/events/WildFires-LosAngeles-Jan-2025/ard/11/031311103300/2024-12-26/10400100A1028F00-visual.tif,https://maxar-opendata.s3.amazonaws.com/events/WildFires-LosAngeles-Jan-2025/ard/11/031311103300/2024-12-26/10400100A1028F00-ms.tif,https://maxar-opendata.s3.amazonaws.com/events/WildFires-LosAngeles-Jan-2025/ard/11/031311103300/2024-12-26/10400100A1028F00-pan.tif,2024-12-26,pre
https://maxar-opendata.s3.amazonaws.com/events/WildFires-LosAngeles-Jan-2025/ard/11/031311103300/2025-01-01/10400100A17E8600.json,10400100A17E8600,2025-01-01 18:29:59+00:00,031311103300,0.36,23.4,29.6,0,32611,WV03,-118.08654003817524,34.13508444,-118.03570673,34.15796983172587,https://maxar-opendata.s3.amazonaws.com/events/WildFires-LosAngeles-Jan-2025/ard/11/031311103300/2025-01-01/10400100A17E8600-visual.tif,https://maxar-opendata.s3.amazonaws.com/events/WildFires-LosAngeles-Jan-2025/ard/11/031311103300/2025-01-01/10400100A17E8600-ms.tif,https://maxar-opendata.s3.amazonaws.com/events/WildFires-LosAngeles-Jan-2025/ard/11/031311103300/2025-01-01/10400100A17E8600-pan.tif,2025-01-01,pre
https://maxar-opendata.s3.amazonaws.com/events/WildFires-LosAngeles-Jan-2025/ard/11/031311103300/2025-01-08/104001009C64B300.json,104001009C64B300,2025-01-08 18:41:37+00:00,031311103300,0.33,14.3,30.9,0,32611,WV03,-118.08654003817524,34.13508444,-118.03570673,34.157969752201296,https://maxar-opendata.s3.amazonaws.com/events/WildFires-LosAngeles-Jan-2025/ard/11/031311103300/2025-01-08/104001009C64B300-visual.tif,https://maxar-opendata.s3.amazonaws.com/events/WildFires-LosAngeles-Jan-2025/ard/11/031311103300/2025-01-08/104001009C64B300-ms.tif,https://maxar-opendata.s3.amazonaws.com/events/WildFires-LosAngeles-Jan-2025/ard/11/031311103300/2025-01-08/104001009C64B300-pan.tif,2025-01-08,post
https://maxar-opendata.s3.amazonaws.com/events/WildFires-LosAngeles-Jan-2025/ard/11/031311103300/2025-01-08/10400100A24E1900.json,10400100A24E1900,2025-01-08 18:41:51+00:00,031311103300,0.36,22.6,30.9,0,32611,WV03,-118.08048905612036,34.13508444,-118.03570673,34.157969919609556,https://maxar-opendata.s3.amazonaws.com/events/WildFires-LosAngeles-Jan-2025/ard/11/031311103300/2025-01-08/10400100A24E1900-visual.tif,https://maxar-opendata.s3.amazonaws.com/events/WildFires-LosAngeles-Jan-2025/ard/11/031311103300/2025-01-08/10400100A24E1900-ms.tif,https://maxar-opendata.s3.amazonaws.com/events/WildFires-LosAngeles-Jan-2025/ard/11/031311103300/2025-01-08/10400100A24E1900-pan.tif,2025-01-08,post
https://maxar-opendata.s3.amazonaws.com/events/WildFires-LosAngeles-Jan-2025/ard/11/031311103300/2025-01-10/1050010040277300.json,1050010040277300,2025-01-10 18:35:07+00:00,031311103300,0.42,7.7,30.6,0,32611,GE01,-118.08654003817524,34.13480615978651,-118.03570673,34.157969752201296,https://maxar-opendata.s3.amazonaws.com/events/WildFires-LosAngeles-Jan-2025/ard/11/031311103300/2025-01-10/1050010040277300-visual.tif,https://maxar-opendata.s3.amazonaws.com/events/WildFires-LosAngeles-Jan-2025/ard/11/031311103300/2025-01-10/1050010040277300-ms.tif,https://maxar-opendata.s3.amazonaws.com/events/WildFires-LosAngeles-Jan-2025/ard/11/031311103300/2025-01-10/1050010040277300-pan.tif,2025-01-10,post
https://maxar-opendata.s3.amazonaws.com/events/WildFires-LosAngeles-Jan-2025/ard/11/031311103300/2025-01-14/103001010C360000.json,103001010C360000,2025-01-14 18:30:37+00:00,031311103300,0.52,19.9,30.8,0,32611,WV02,-118.08654003817524,34.13508444,-118.03570673,34.157969752201296,https://maxar-opendata.s3.amazonaws.com/events/WildFires-LosAngeles-Jan-2025/ard/11/031311103300/2025-01-14/103001010C360000-visual.tif,https://maxar-opendata.s3.amazonaws.com/events/WildFires-LosAngeles-Jan-2025/ard/11/031311103300/2025-01-14/103001010C360000-ms.tif,https://maxar-opendata.s3.amazonaws.com/events/WildFires-LosAngeles-Jan-2025/ard/11/031311103300/2025-01-14/103001010C360000-pan.tif,2025-01-14,post
https://maxar-opendata.s3.amazonaws.com/events/WildFires-LosAngeles-Jan-2025/ard/11/031311103300/2025-01-14/10400100A07CE400.json,10400100A07CE400,2025-01-14 18:37:04+00:00,031311103300,0.32,8.9,31.3,0,32611,WV03,-118.08654003817524,34.13508444,-118.03570673,34.157969752201296,https://maxar-opendata.s3.amazonaws.com/events/WildFires-LosAngeles-Jan-2025/ard/11/031311103300/2025-01-14/10400100A07CE400-visual.tif,https://maxar-opendata.s3.amazonaws.com/events/WildFires-LosAngeles-Jan-2025/ard/11/031311103300/2025-01-14/10400100A07CE400-ms.tif,https://maxar-opendata.s3.amazonaws.com/events/WildFires-LosAngeles-Jan-2025/ard/11/031311103300/2025-01-14/10400100A07CE400-pan.tif,2025-01-14,post
https://maxar-opendata.s3.amazonaws.com/events/WildFires-LosAngeles-Jan-2025/ard/11/031311103300/2025-01-15/10400100A26E9900.json,10400100A26E9900,2025-01-15 18:52:24+00:00,031311103300,0.36,23.9,32.6,0,32611,WV03,-118.08654003817524,34.13508444,-118.03570673,34.157969752201296,https://maxar-opendata.s3.amazonaws.com/events/WildFires-LosAngeles-Jan-2025/ard/11/031311103300/2025-01-15/10400100A26E9900-visual.tif,https://maxar-opendata.s3.amazonaws.com/events/WildFires-LosAngeles-Jan-2025/ard/11/031311103300/2025-01-15/10400100A26E9900-ms.tif,https://maxar-opendata.s3.amazonaws.com/events/WildFires-LosAngeles-Jan-2025/ard/11/031311103300/2025-01-15/10400100A26E9900-pan.tif,2025-01-15,post
https://maxar-opendata.s3.amazonaws.com/events/WildFires-LosAngeles-Jan-2025/ard/11/031311103300/2025-01-18/10500100404AD000.json,10500100404AD000,2025-01-18 18:26:40+00:00,031311103300,0.51,27.3,31.1,0,32611,GE01,-118.08654003817524,34.13508444,-118.03570673,34.157969752201296,https://maxar-opendata.s3.amazonaws.com/events/WildFires-LosAngeles-Jan-2025/ard/11/031311103300/2025-01-18/10500100404AD000-visual.tif,https://maxar-opendata.s3.amazonaws.com/events/WildFires-LosAngeles-Jan-2025/ard/11/031311103300/2025-01-18/10500100404AD000-ms.tif,https://maxar-opendata.s3.amazonaws.com/events/WildFires-LosAngeles-Jan-2025/ard/11/031311103300/2025-01-18/10500100404AD000-pan.tif,2025-01-18,post
https://maxar-opendata.s3.amazonaws.com/events/WildFires-LosAngeles-Jan-2025/ard/11/031311103300/2025-01-19/103001010C487900.json,103001010C487900,2025-01-19 18:49:37+00:00,031311103300,0.59,28.5,33.1,10,32611,WV02,-118.08654003817524,34.13508444,-118.03570673,34.157969752201296,https://maxar-opendata.s3.amazonaws.com/events/WildFires-LosAngeles-Jan-2025/ard/11/031311103300/2025-01-19/103001010C487900-visual.tif,https://maxar-opendata.s3.amazonaws.com/events/WildFires-LosAngeles-Jan-2025/ard/11/031311103300/2025-01-19/103001010C487900-ms.tif,https://maxar-opendata.s3.amazonaws.com/events/WildFires-LosAngeles-Jan-2025/ard/11/031311103300/2025-01-19/103001010C487900-pan.tif,2025-01-19,post
https://maxar-opendata.s3.amazonaws.com/events/WildFires-LosAngeles-Jan-2025/ard/11/031311103302/2025-01-16/105001004042BF00.json,105001004042BF00,2025-01-16 18:53:41+00:00,031311103302,0.5,27.4,33.0,0,32611,GE01,-118.085909663975,34.06454250683592,-118.02779062448896,34.10855273773135,https://maxar-opendata.s3.amazonaws.com/events/WildFires-LosAngeles-Jan-2025/ard/11/031311103302/2025-01-16/105001004042BF00-visual.tif,https://maxar-opendata.s3.amazonaws.com/events/WildFires-LosAngeles-Jan-2025/ard/11/031311103302/2025-01-16/105001004042BF00-ms.tif,https://maxar-opendata.s3.amazonaws.com/events/WildFires-LosAngeles-Jan-2025/ard/11/031311103302/2025-01-16/105001004042BF00-pan.tif,2025-01-16,post
https://maxar-opendata.s3.amazonaws.com/events/WildFires-LosAngeles-Jan-2025/ard/11/031311103303/2025-01-16/105001004042BF00.json,105001004042BF00,2025-01-16 18:53:40+00:00,031311103303,0.51,27.6,33.0,0,32611,GE01,-118.03170446936232,34.06500901115203,-117.97861734703298,34.10883248049159,https://maxar-opendata.s3.amazonaws.com/events/WildFires-LosAngeles-Jan-2025/ard/11/031311103303/2025-01-16/105001004042BF00-visual.tif,https://maxar-opendata.s3.amazonaws.com/events/WildFires-LosAngeles-Jan-2025/ard/11/031311103303/2025-01-16/105001004042BF00-ms.tif,https://maxar-opendata.s3.amazonaws.com/events/WildFires-LosAngeles-Jan-2025/ard/11/031311103303/2025-01-16/105001004042BF00-pan.tif,2025-01-16,post
https://maxar-opendata.s3.amazonaws.com/events/WildFires-LosAngeles-Jan-2025/ard/11/031311103320/2025-01-16/105001004042BF00.json,105001004042BF00,2025-01-16 18:53:41+00:00,031311103320,0.51,27.4,33.0,0,32611,GE01,-118.08538755015684,34.019456325671044,-118.02724682022772,34.0678553021881,https://maxar-opendata.s3.amazonaws.com/events/WildFires-LosAngeles-Jan-2025/ard/11/031311103320/2025-01-16/105001004042BF00-visual.tif,https://maxar-opendata.s3.amazonaws.com/events/WildFires-LosAngeles-Jan-2025/ard/11/031311103320/2025-01-16/105001004042BF00-ms.tif,https://maxar-opendata.s3.amazonaws.com/events/WildFires-LosAngeles-Jan-2025/ard/11/031311103320/2025-01-16/105001004042BF00-pan.tif,2025-01-16,post
https://maxar-opendata.s3.amazonaws.com/events/WildFires-LosAngeles-Jan-2025/ard/11/031311103321/2025-01-16/105001004042BF00.json,105001004042BF00,2025-01-16 18:53:40+00:00,031311103321,0.51,27.7,33.0,0,32611,GE01,-118.0312107437937,34.019922043837354,-117.97443106477564,34.06825474411025,https://maxar-opendata.s3.amazonaws.com/events/WildFires-LosAngeles-Jan-2025/ard/11/031311103321/2025-01-16/105001004042BF00-visual.tif,https://maxar-opendata.s3.amazonaws.com/events/WildFires-LosAngeles-Jan-2025/ard/11/031311103321/2025-01-16/105001004042BF00-ms.tif,https://maxar-opendata.s3.amazonaws.com/events/WildFires-LosAngeles-Jan-2025/ard/11/031311103321/2025-01-16/105001004042BF00-pan.tif,2025-01-16,post
https://maxar-opendata.s3.amazonaws.com/events/WildFires-LosAngeles-Jan-2025/ard/11/031311103322/2025-01-16/105001004042BF00.json,105001004042BF00,2025-01-16 18:53:41+00:00,031311103322,0.51,27.5,33.0,0,32611,GE01,-118.08481322474161,33.97436980488229,-118.0267042236369,34.0227683082546,https://maxar-opendata.s3.amazonaws.com/events/WildFires-LosAngeles-Jan-2025/ard/11/031311103322/2025-01-16/105001004042BF00-visual.tif,https://maxar-opendata.s3.amazonaws.com/events/WildFires-LosAngeles-Jan-2025/ard/11/031311103322/2025-01-16/105001004042BF00-ms.tif,https://maxar-opendata.s3.amazonaws.com/events/WildFires-LosAngeles-Jan-2025/ard/11/031311103322/2025-01-16/105001004042BF00-pan.tif,2025-01-16,post
https://maxar-opendata.s3.amazonaws.com/events/WildFires-LosAngeles-Jan-2025/ard/11/031311103323/2025-01-16/105001004042BF00.json,105001004042BF00,2025-01-16 18:53:40+00:00,031311103323,0.51,27.8,33.0,0,32611,GE01,-118.03066507296802,33.97483473771413,-117.97258516514525,34.02319649911656,https://maxar-opendata.s3.amazonaws.com/events/WildFires-LosAngeles-Jan-2025/ard/11/031311103323/2025-01-16/105001004042BF00-visual.tif,https://maxar-opendata.s3.amazonaws.com/events/WildFires-LosAngeles-Jan-2025/ard/11/031311103323/2025-01-16/105001004042BF00-ms.tif,https://maxar-opendata.s3.amazonaws.com/events/WildFires-LosAngeles-Jan-2025/ard/11/031311103323/2025-01-16/105001004042BF00-pan.tif,2025-01-16,post
https://maxar-opendata.s3.amazonaws.com/events/WildFires-LosAngeles-Jan-2025/ard/11/031311103330/2025-01-16/105001004042BF00.json,105001004042BF00,2025-01-16 18:53:40+00:00,031311103330,0.51,27.8,33.0,0,32611,GE01,-117.97677479832274,34.020363928161686,-117.97443106477564,34.045789102957066,https://maxar-opendata.s3.amazonaws.com/events/WildFires-LosAngeles-Jan-2025/ard/11/031311103330/2025-01-16/105001004042BF00-visual.tif,https://maxar-opendata.s3.amazonaws.com/events/WildFires-LosAngeles-Jan-2025/ard/11/031311103330/2025-01-16/105001004042BF00-ms.tif,https://maxar-opendata.s3.amazonaws.com/events/WildFires-LosAngeles-Jan-2025/ard/11/031311103330/2025-01-16/105001004042BF00-pan.tif,2025-01-16,post
https://maxar-opendata.s3.amazonaws.com/events/WildFires-LosAngeles-Jan-2025/ard/11/031311103332/2025-01-16/105001004042BF00.json,105001004042BF00,2025-01-16 18:53:40+00:00,031311103332,0.51,27.8,33.0,0,32611,GE01,-117.9765157093881,33.97527587688687,-117.97106868746144,34.02319649911656,https://maxar-opendata.s3.amazonaws.com/events/WildFires-LosAngeles-Jan-2025/ard/11/031311103332/2025-01-16/105001004042BF00-visual.tif,https://maxar-opendata.s3.amazonaws.com/events/WildFires-LosAngeles-Jan-2025/ard/11/031311103332/2025-01-16/105001004042BF00-ms.tif,https://maxar-opendata.s3.amazonaws.com/events/WildFires-LosAngeles-Jan-2025/ard/11/031311103332/2025-01-16/105001004042BF00-pan.tif,2025-01-16,post
https://maxar-opendata.s3.amazonaws.com/events/WildFires-LosAngeles-Jan-2025/ard/11/031311120000/2025-01-16/105001004042BF00.json,105001004042BF00,2025-01-16 18:53:52+00:00,031311120000,0.49,24.4,32.8,0,32611,GE01,-118.73355748899426,33.95211057655626,-118.67571438784078,33.970549067373064,https://maxar-opendata.s3.amazonaws.com/events/WildFires-LosAngeles-Jan-2025/ard/11/031311120000/2025-01-16/105001004042BF00-visual.tif,https://maxar-opendata.s3.amazonaws.com/events/WildFires-LosAngeles-Jan-2025/ard/11/031311120000/2025-01-16/105001004042BF00-ms.tif,https://maxar-opendata.s3.amazonaws.com/events/WildFires-LosAngeles-Jan-2025/ard/11/031311120000/2025-01-16/105001004042BF00-pan.tif,2025-01-16,post
https://maxar-opendata.s3.amazonaws.com/events/WildFires-LosAngeles-Jan-2025/ard/11/031311120001/2025-01-16/105001004042BF00.json,105001004042BF00,2025-01-16 18:53:51+00:00,031311120001,0.49,24.7,32.8,0,32611,GE01,-118.6794573872076,33.9518970066432,-118.62160605630987,33.97127418162728,https://maxar-opendata.s3.amazonaws.com/events/WildFires-LosAngeles-Jan-2025/ard/11/031311120001/2025-01-16/105001004042BF00-visual.tif,https://maxar-opendata.s3.amazonaws.com/events/WildFires-LosAngeles-Jan-2025/ard/11/031311120001/2025-01-16/105001004042BF00-ms.tif,https://maxar-opendata.s3.amazonaws.com/events/WildFires-LosAngeles-Jan-2025/ard/11/031311120001/2025-01-16/105001004042BF00-pan.tif,2025-01-16,post
https://maxar-opendata.s3.amazonaws.com/events/WildFires-LosAngeles-Jan-2025/ard/11/031311120010/2025-01-16/105001004042BF00.json,105001004042BF00,2025-01-16 18:53:50+00:00,031311120010,0.49,24.9,32.8,0,32611,GE01,-118.62535531517007,33.95167063776825,-118.56749721245022,33.97197552454806,https://maxar-opendata.s3.amazonaws.com/events/WildFires-LosAngeles-Jan-2025/ard/11/031311120010/2025-01-16/105001004042BF00-visual.tif,https://maxar-opendata.s3.amazonaws.com/events/WildFires-LosAngeles-Jan-2025/ard/11/031311120010/2025-01-16/105001004042BF00-ms.tif,https://maxar-opendata.s3.amazonaws.com/events/WildFires-LosAngeles-Jan-2025/ard/11/031311120010/2025-01-16/105001004042BF00-pan.tif,2025-01-16,post
https://maxar-opendata.s3.amazonaws.com/events/WildFires-LosAngeles-Jan-2025/ard/11/031311120011/2025-01-16/105001004042BF00.json,105001004042BF00,2025-01-16 18:53:50+00:00,031311120011,0.49,25.1,32.8,0,32611,GE01,-118.57125133623279,33.95143422196616,-118.51338794754855,33.97265309340534,https://maxar-opendata.s3.amazonaws.com/events/WildFires-LosAngeles-Jan-2025/ard/11/031311120011/2025-01-16/105001004042BF00-visual.tif,https://maxar-opendata.s3.amazonaws.com/events/WildFires-LosAngeles-Jan-2025/ard/11/031311120011/2025-01-16/105001004042BF00-ms.tif,https://maxar-opendata.s3.amazonaws.com/events/WildFires-LosAngeles-Jan-2025/ard/11/031311120011/2025-01-16/105001004042BF00-pan.tif,2025-01-16,post
https://maxar-opendata.s3.amazonaws.com/events/WildFires-LosAngeles-Jan-2025/ard/11/031311120100/2025-01-16/105001004042BF00.json,105001004042BF00,2025-01-16 18:53:49+00:00,031311120100,0.49,25.4,32.9,0,32611,GE01,-118.51714551376077,33.95118225712934,-118.45927820500319,33.97330688556144,https://maxar-opendata.s3.amazonaws.com/events/WildFires-LosAngeles-Jan-2025/ard/11/031311120100/2025-01-16/105001004042BF00-visual.tif,https://maxar-opendata.s3.amazonaws.com/events/WildFires-LosAngeles-Jan-2025/ard/11/031311120100/2025-01-16/105001004042BF00-ms.tif,https://maxar-opendata.s3.amazonaws.com/events/WildFires-LosAngeles-Jan-2025/ard/11/031311120100/2025-01-16/105001004042BF00-pan.tif,2025-01-16,post
https://maxar-opendata.s3.amazonaws.com/events/WildFires-LosAngeles-Jan-2025/ard/11/031311120101/2025-01-09/10400100A20D9300.json,10400100A20D9300,2025-01-09 18:56:42+00:00,031311120101,0.39,28.3,32.2,0,32611,WV03,-118.44249828329833,33.97016888,-118.43130993485134,33.97363657501462,https://maxar-opendata.s3.amazonaws.com/events/WildFires-LosAngeles-Jan-2025/ard/11/031311120101/2025-01-09/10400100A20D9300-visual.tif,https://maxar-opendata.s3.amazonaws.com/events/WildFires-LosAngeles-Jan-2025/ard/11/031311120101/2025-01-09/10400100A20D9300-ms.tif,https://maxar-opendata.s3.amazonaws.com/events/WildFires-LosAngeles-Jan-2025/ard/11/031311120101/2025-01-09/10400100A20D9300-pan.tif,2025-01-09,post
https://maxar-opendata.s3.amazonaws.com/events/WildFires-LosAngeles-Jan-2025/ard/11/031311120101/2025-01-14/10400100A0BAD600.json,10400100A0BAD600,2025-01-14 18:37:39+00:00,031311120101,0.33,16.4,31.4,0,32611,WV03,-118.44249828329833,33.97016888,-118.43130993485134,33.97363657501462,https://maxar-opendata.s3.amazonaws.com/events/WildFires-LosAngeles-Jan-2025/ard/11/031311120101/2025-01-14/10400100A0BAD600-visual.tif,https://maxar-opendata.s3.amazonaws.com/events/WildFires-LosAngeles-Jan-2025/ard/11/031311120101/2025-01-14/10400100A0BAD600-ms.tif,https://maxar-opendata.s3.amazonaws.com/events/WildFires-LosAngeles-Jan-2025/ard/11/031311120101/2025-01-14/10400100A0BAD600-pan.tif,2025-01-14,post
https://maxar-opendata.s3.amazonaws.com/events/WildFires-LosAngeles-Jan-2025/ard/11/031311120101/2025-01-16/105001004042BF00.json,105001004042BF00,2025-01-16 18:53:48+00:00,031311120101,0.49,25.6,32.9,0,32611,GE01,-118.46303791113239,33.950928501480846,-118.40516825877204,33.97393689847105,https://maxar-opendata.s3.amazonaws.com/events/WildFires-LosAngeles-Jan-2025/ard/11/031311120101/2025-01-16/105001004042BF00-visual.tif,https://maxar-opendata.s3.amazonaws.com/events/WildFires-LosAngeles-Jan-2025/ard/11/031311120101/2025-01-16/105001004042BF00-ms.tif,https://maxar-opendata.s3.amazonaws.com/events/WildFires-LosAngeles-Jan-2025/ard/11/031311120101/2025-01-16/105001004042BF00-pan.tif,2025-01-16,post
https://maxar-opendata.s3.amazonaws.com/events/WildFires-LosAngeles-Jan-2025/ard/11/031311120101/2025-01-16/103001010CD31000.json,103001010CD31000,2025-01-16 18:57:46+00:00,031311120101,0.58,27.1,33.2,0,32611,WV02,-118.44249828329833,33.97016888,-118.43130993485134,33.97363657501462,https://maxar-opendata.s3.amazonaws.com/events/WildFires-LosAngeles-Jan-2025/ard/11/031311120101/2025-01-16/103001010CD31000-visual.tif,https://maxar-opendata.s3.amazonaws.com/events/WildFires-LosAngeles-Jan-2025/ard/11/031311120101/2025-01-16/103001010CD31000-ms.tif,https://maxar-opendata.s3.amazonaws.com/events/WildFires-LosAngeles-Jan-2025/ard/11/031311120101/2025-01-16/103001010CD31000-pan.tif,2025-01-16,post
https://maxar-opendata.s3.amazonaws.com/events/WildFires-LosAngeles-Jan-2025/ard/11/031311120101/2025-01-16/103001010C12B000.json,103001010C12B000,2025-01-16 18:58:03+00:00,031311120101,0.61,30.0,33.2,0,32611,WV02,-118.44249828329833,33.97016888,-118.43130993485134,33.97363657501462,https://maxar-opendata.s3.amazonaws.com/events/WildFires-LosAngeles-Jan-2025/ard/11/031311120101/2025-01-16/103001010C12B000-visual.tif,https://maxar-opendata.s3.amazonaws.com/events/WildFires-LosAngeles-Jan-2025/ard/11/031311120101/2025-01-16/103001010C12B000-ms.tif,https://maxar-opendata.s3.amazonaws.com/events/WildFires-LosAngeles-Jan-2025/ard/11/031311120101/2025-01-16/103001010C12B000-pan.tif,2025-01-16,post
https://maxar-opendata.s3.amazonaws.com/events/WildFires-LosAngeles-Jan-2025/ard/11/031311120110/2025-01-16/105001004042BF00.json,105001004042BF00,2025-01-16 18:53:47+00:00,031311120110,0.5,25.9,32.9,0,32611,GE01,-118.40892859173907,33.95064268878035,-118.35105765213338,33.97454312968131,https://maxar-opendata.s3.amazonaws.com/events/WildFires-LosAngeles-Jan-2025/ard/11/031311120110/2025-01-16/105001004042BF00-visual.tif,https://maxar-opendata.s3.amazonaws.com/events/WildFires-LosAngeles-Jan-2025/ard/11/031311120110/2025-01-16/105001004042BF00-ms.tif,https://maxar-opendata.s3.amazonaws.com/events/WildFires-LosAngeles-Jan-2025/ard/11/031311120110/2025-01-16/105001004042BF00-pan.tif,2025-01-16,post
https://maxar-opendata.s3.amazonaws.com/events/WildFires-LosAngeles-Jan-2025/ard/11/031311120111/2025-01-16/105001004042BF00.json,105001004042BF00,2025-01-16 18:53:46+00:00,031311120111,0.5,26.2,32.9,0,32611,GE01,-118.35481761898467,33.950355086866004,-118.29694692347022,33.97512557683181,https://maxar-opendata.s3.amazonaws.com/events/WildFires-LosAngeles-Jan-2025/ard/11/031311120111/2025-01-16/105001004042BF00-visual.tif,https://maxar-opendata.s3.amazonaws.com/events/WildFires-LosAngeles-Jan-2025/ard/11/031311120111/2025-01-16/105001004042BF00-ms.tif,https://maxar-opendata.s3.amazonaws.com/events/WildFires-LosAngeles-Jan-2025/ard/11/031311120111/2025-01-16/105001004042BF00-pan.tif,2025-01-16,post
https://maxar-opendata.s3.amazonaws.com/events/WildFires-LosAngeles-Jan-2025/ard/11/031311121000/2025-01-16/105001004042BF00.json,105001004042BF00,2025-01-16 18:53:45+00:00,031311121000,0.5,26.4,33.0,0,32611,GE01,-118.30070505628507,33.95002992476907,-118.24283557437191,33.9756842376546,https://maxar-opendata.s3.amazonaws.com/events/WildFires-LosAngeles-Jan-2025/ard/11/031311121000/2025-01-16/105001004042BF00-visual.tif,https://maxar-opendata.s3.amazonaws.com/events/WildFires-LosAngeles-Jan-2025/ard/11/031311121000/2025-01-16/105001004042BF00-ms.tif,https://maxar-opendata.s3.amazonaws.com/events/WildFires-LosAngeles-Jan-2025/ard/11/031311121000/2025-01-16/105001004042BF00-pan.tif,2025-01-16,post
https://maxar-opendata.s3.amazonaws.com/events/WildFires-LosAngeles-Jan-2025/ard/11/031311121001/2025-01-16/105001004042BF00.json,105001004042BF00,2025-01-16 18:53:44+00:00,031311121001,0.5,26.7,33.0,0,32611,GE01,-118.24659096706775,33.9497002232195,-118.18872415361457,33.976219109974224,https://maxar-opendata.s3.amazonaws.com/events/WildFires-LosAngeles-Jan-2025/ard/11/031311121001/2025-01-16/105001004042BF00-visual.tif,https://maxar-opendata.s3.amazonaws.com/events/WildFires-LosAngeles-Jan-2025/ard/11/031311121001/2025-01-16/105001004042BF00-ms.tif,https://maxar-opendata.s3.amazonaws.com/events/WildFires-LosAngeles-Jan-2025/ard/11/031311121001/2025-01-16/105001004042BF00-pan.tif,2025-01-16,post
https://maxar-opendata.s3.amazonaws.com/events/WildFires-LosAngeles-Jan-2025/ard/11/031311121010/2025-01-16/105001004042BF00.json,105001004042BF00,2025-01-16 18:53:43+00:00,031311121010,0.51,27.0,33.0,0,32611,GE01,-118.19247541477132,33.949360479935585,-118.13461261504806,33.97673019170781,https://maxar-opendata.s3.amazonaws.com/events/WildFires-LosAngeles-Jan-2025/ard/11/031311121010/2025-01-16/105001004042BF00-visual.tif,https://maxar-opendata.s3.amazonaws.com/events/WildFires-LosAngeles-Jan-2025/ard/11/031311121010/2025-01-16/105001004042BF00-ms.tif,https://maxar-opendata.s3.amazonaws.com/events/WildFires-LosAngeles-Jan-2025/ard/11/031311121010/2025-01-16/105001004042BF00-pan.tif,2025-01-16,post
https://maxar-opendata.s3.amazonaws.com/events/WildFires-LosAngeles-Jan-2025/ard/11/031311121011/2025-01-16/105001004042BF00.json,105001004042BF00,2025-01-16 18:53:42+00:00,031311121011,0.51,27.3,33.0,0,32611,GE01,-118.138358462845,33.949002440332734,-118.08050089167774,33.97721748086496,https://maxar-opendata.s3.amazonaws.com/events/WildFires-LosAngeles-Jan-2025/ard/11/031311121011/2025-01-16/105001004042BF00-visual.tif,https://maxar-opendata.s3.amazonaws.com/events/WildFires-LosAngeles-Jan-2025/ard/11/031311121011/2025-01-16/105001004042BF00-ms.tif,https://maxar-opendata.s3.amazonaws.com/events/WildFires-LosAngeles-Jan-2025/ard/11/031311121011/2025-01-16/105001004042BF00-pan.tif,2025-01-16,post
https://maxar-opendata.s3.amazonaws.com/events/WildFires-LosAngeles-Jan-2025/ard/11/031311121100/2025-01-16/105001004042BF00.json,105001004042BF00,2025-01-16 18:53:41+00:00,031311121100,0.51,27.6,33.0,0,32611,GE01,-118.08424017474823,33.94865362443662,-118.02638936690569,33.977680975547884,https://maxar-opendata.s3.amazonaws.com/events/WildFires-LosAngeles-Jan-2025/ard/11/031311121100/2025-01-16/105001004042BF00-visual.tif,https://maxar-opendata.s3.amazonaws.com/events/WildFires-LosAngeles-Jan-2025/ard/11/031311121100/2025-01-16/105001004042BF00-ms.tif,https://maxar-opendata.s3.amazonaws.com/events/WildFires-LosAngeles-Jan-2025/ard/11/031311121100/2025-01-16/105001004042BF00-pan.tif,2025-01-16,post
https://maxar-opendata.s3.amazonaws.com/events/WildFires-LosAngeles-Jan-2025/ard/11/031311121101/2025-01-16/105001004042BF00.json,105001004042BF00,2025-01-16 18:53:40+00:00,031311121101,0.51,27.8,33.0,0,32611,GE01,-118.03012061395016,33.9483883378496,-117.97227888648477,33.97812067395136,https://maxar-opendata.s3.amazonaws.com/events/WildFires-LosAngeles-Jan-2025/ard/11/031311121101/2025-01-16/105001004042BF00-visual.tif,https://maxar-opendata.s3.amazonaws.com/events/WildFires-LosAngeles-Jan-2025/ard/11/031311121101/2025-01-16/105001004042BF00-ms.tif,https://maxar-opendata.s3.amazonaws.com/events/WildFires-LosAngeles-Jan-2025/ard/11/031311121101/2025-01-16/105001004042BF00-pan.tif,2025-01-16,post
https://maxar-opendata.s3.amazonaws.com/events/WildFires-LosAngeles-Jan-2025/ard/11/031311121110/2025-01-16/105001004042BF00.json,105001004042BF00,2025-01-16 18:53:40+00:00,031311121110,0.51,27.9,33.0,0,32611,GE01,-117.97599984392922,33.94834763200993,-117.96801495199365,33.97813272768911,https://maxar-opendata.s3.amazonaws.com/events/WildFires-LosAngeles-Jan-2025/ard/11/031311121110/2025-01-16/105001004042BF00-visual.tif,https://maxar-opendata.s3.amazonaws.com/events/WildFires-LosAngeles-Jan-2025/ard/11/031311121110/2025-01-16/105001004042BF00-ms.tif,https://maxar-opendata.s3.amazonaws.com/events/WildFires-LosAngeles-Jan-2025/ard/11/031311121110/2025-01-16/105001004042BF00-pan.tif,2025-01-16,post
