{
"type": "FeatureCollection",
"name": "031311102212_dins_joined",
"crs": { "type": "name", "properties": { "name": "urn:ogc:def:crs:OGC:1.3:CRS84" } },
"features": [
{ "type": "Feature", "properties": { "DAMAGE": "No Damage", "STRUCTURETYPE": "Single Family Residence Multi Story", "index_right": 6734, "score": 0.269, "d_ndvi": -0.108, "ssim": 0.584, "damage_class": "moderate" }, "geometry": { "type": "Point", "coordinates": [ -118.573941247291003, 34.079207767786301 ] } },
{ "type": "Feature", "properties": { "DAMAGE": "Destroyed (>50%)", "STRUCTURETYPE": "Single Family Residence Multi Story", "index_right": 6734, "score": 0.269, "d_ndvi": -0.108, "ssim": 0.584, "damage_class": "moderate" }, "geometry": { "type": "Point", "coordinates": [ -118.573634957712002, 34.079337217597299 ] } },
{ "type": "Feature", "properties": { "DAMAGE": "No Damage", "STRUCTURETYPE": "Single Family Residence Multi Story", "index_right": 6735, "score": 0.225, "d_ndvi": -0.014, "ssim": 0.608, "damage_class": "moderate" }, "geometry": { "type": "Point", "coordinates": [ -118.573264798813995, 34.079405208765401 ] } },
{ "type": "Feature", "properties": { "DAMAGE": "No Damage", "STRUCTURETYPE": "Single Family Residence Multi Story", "index_right": 6629, "score": 0.114, "d_ndvi": 0.031, "ssim": 0.703, "damage_class": "none" }, "geometry": { "type": "Point", "coordinates": [ -118.572929900587994, 34.079698967245299 ] } },
{ "type": "Feature", "properties": { "DAMAGE": "No Damage", "STRUCTURETYPE": "Single Family Residence Multi Story", "index_right": 6629, "score": 0.114, "d_ndvi": 0.031, "ssim": 0.703, "damage_class": "none" }, "geometry": { "type": "Point", "coordinates": [ -118.572432080309, 34.079761335434803 ] } },
{ "type": "Feature", "properties": { "DAMAGE": "No Damage", "STRUCTURETYPE": "Single Family Residence Multi Story", "index_right": 6417, "score": 0.13, "d_ndvi": -0.019, "ssim": 0.696, "damage_class": "none" }, "geometry": { "type": "Point", "coordinates": [ -118.571809077099999, 34.080801365693098 ] } },
{ "type": "Feature", "properties": { "DAMAGE": "No Damage", "STRUCTURETYPE": "Single Family Residence Multi Story", "index_right": 6846, "score": 0.412, "d_ndvi": -0.006, "ssim": 0.376, "damage_class": "severe" }, "geometry": { "type": "Point", "coordinates": [ -118.571096113004998, 34.079009830069701 ] } },
{ "type": "Feature", "properties": { "DAMAGE": "No Damage", "STRUCTURETYPE": "Single Family Residence Multi Story", "index_right": 7057, "score": 0.217, "d_ndvi": 0.007, "ssim": 0.593, "damage_class": "moderate" }, "geometry": { "type": "Point", "coordinates": [ -118.572884518598002, 34.078280809186097 ] } },
{ "type": "Feature", "properties": { "DAMAGE": "No Damage", "STRUCTURETYPE": "Single Family Residence Multi Story", "index_right": 7056, "score": 0.115, "d_ndvi": 0.041, "ssim": 0.688, "damage_class": "none" }, "geometry": { "type": "Point", "coordinates": [ -118.573269830277994, 34.077927310239602 ] } },
{ "type": "Feature", "properties": { "DAMAGE": "No Damage", "STRUCTURETYPE": "Single Family Residence Multi Story", "index_right": 7275, "score": 0.334, "d_ndvi": 0.107, "ssim": 0.429, "damage_class": "severe" }, "geometry": { "type": "Point", "coordinates": [ -118.570581946082001, 34.077376348199898 ] } },
{ "type": "Feature", "properties": { "DAMAGE": "No Damage", "STRUCTURETYPE": "Single Family Residence Multi Story", "index_right": 6841, "score": 0.079, "d_ndvi": 0.018, "ssim": 0.78, "damage_class": "none" }, "geometry": { "type": "Point", "coordinates": [ -118.573867236891999, 34.078753554987202 ] } },
{ "type": "Feature", "properties": { "DAMAGE": "No Damage", "STRUCTURETYPE": "Single Family Residence Multi Story", "index_right": 6841, "score": 0.079, "d_ndvi": 0.018, "ssim": 0.78, "damage_class": "none" }, "geometry": { "type": "Point", "coordinates": [ -118.573492242363002, 34.078804536257003 ] } },
{ "type": "Feature", "properties": { "DAMAGE": "No Damage", "STRUCTURETYPE": "Single Family Residence Multi Story", "index_right": 6842, "score": 0.122, "d_ndvi": -0.009, "ssim": 0.715, "damage_class": "none" }, "geometry": { "type": "Point", "coordinates": [ -118.573043286841994, 34.079000818211902 ] } },
{ "type": "Feature", "properties": { "DAMAGE": "No Damage", "STRUCTURETYPE": "Single Family Residence Multi Story", "index_right": 6736, "score": 0.129, "d_ndvi": 0.116, "ssim": 0.672, "damage_class": "none" }, "geometry": { "type": "Point", "coordinates": [ -118.572590889875002, 34.079245133565699 ] } },
{ "type": "Feature", "properties": { "DAMAGE": "No Damage", "STRUCTURETYPE": "Single Family Residence Multi Story", "index_right": 6737, "score": 0.108, "d_ndvi": 0.04, "ssim": 0.8, "damage_class": "none" }, "geometry": { "type": "Point", "coordinates": [ -118.572145706379004, 34.079430044824797 ] } },
{ "type": "Feature", "properties": { "DAMAGE": "No Damage", "STRUCTURETYPE": "Single Family Residence Multi Story", "index_right": 6738, "score": 0.235, "d_ndvi": 0.088, "ssim": 0.545, "damage_class": "moderate" }, "geometry": { "type": "Point", "coordinates": [ -118.571629044835007, 34.079456179226298 ] } },
{ "type": "Feature", "properties": { "DAMAGE": "Destroyed (>50%)", "STRUCTURETYPE": "Single Family Residence Single Story", "index_right": 6631, "score": 0.317, "d_ndvi": -0.025, "ssim": 0.475, "damage_class": "severe" }, "geometry": { "type": "Point", "coordinates": [ -118.571445821755006, 34.079816649367302 ] } },
{ "type": "Feature", "properties": { "DAMAGE": "No Damage", "STRUCTURETYPE": "Single Family Residence Multi Story", "index_right": 6845, "score": 0.298, "d_ndvi": 0.026, "ssim": 0.523, "damage_class": "moderate" }, "geometry": { "type": "Point", "coordinates": [ -118.571784258445007, 34.079043912473097 ] } },
{ "type": "Feature", "properties": { "DAMAGE": "No Damage", "STRUCTURETYPE": "Single Family Residence Multi Story", "index_right": 6950, "score": 0.189, "d_ndvi": -0.003, "ssim": 0.642, "damage_class": "moderate" }, "geometry": { "type": "Point", "coordinates": [ -118.572849698100995, 34.078707839303 ] } },
{ "type": "Feature", "properties": { "DAMAGE": "No Damage", "STRUCTURETYPE": "Single Family Residence Single Story", "index_right": 6949, "score": 0.088, "d_ndvi": -0.003, "ssim": 0.767, "damage_class": "none" }, "geometry": { "type": "Point", "coordinates": [ -118.573331646048004, 34.078444686064998 ] } },
{ "type": "Feature", "properties": { "DAMAGE": "No Damage", "STRUCTURETYPE": "Single Family Residence Multi Story", "index_right": 7055, "score": 0.107, "d_ndvi": -0.004, "ssim": 0.717, "damage_class": "none" }, "geometry": { "type": "Point", "coordinates": [ -118.573633126047, 34.078226338003901 ] } },
{ "type": "Feature", "properties": { "DAMAGE": "No Damage", "STRUCTURETYPE": "Single Family Residence Multi Story", "index_right": 7377, "score": 0.185, "d_ndvi": 0.009, "ssim": 0.633, "damage_class": "moderate" }, "geometry": { "type": "Point", "coordinates": [ -118.573322822795006, 34.076930255944603 ] } },
{ "type": "Feature", "properties": { "DAMAGE": "No Damage", "STRUCTURETYPE": "Utility Misc Structure", "index_right": 7376, "score": 0.264, "d_ndvi": -0.114, "ssim": 0.664, "damage_class": "moderate" }, "geometry": { "type": "Point", "coordinates": [ -118.573650629720007, 34.076895956168599 ] } },
{ "type": "Feature", "properties": { "DAMAGE": "No Damage", "STRUCTURETYPE": "Single Family Residence Multi Story", "index_right": 7378, "score": 0.175, "d_ndvi": 0.052, "ssim": 0.672, "damage_class": "moderate" }, "geometry": { "type": "Point", "coordinates": [ -118.572806456796997, 34.076816540876202 ] } },
{ "type": "Feature", "properties": { "DAMAGE": "No Damage", "STRUCTURETYPE": "Single Family Residence Multi Story", "index_right": 7379, "score": 0.14, "d_ndvi": 0.111, "ssim": 0.652, "damage_class": "none" }, "geometry": { "type": "Point", "coordinates": [ -118.572288221403994, 34.0768824201865 ] } },
{ "type": "Feature", "properties": { "DAMAGE": "No Damage", "STRUCTURETYPE": "Single Family Residence Multi Story", "index_right": 7273, "score": 0.247, "d_ndvi": 0.001, "ssim": 0.547, "damage_class": "moderate" }, "geometry": { "type": "Point", "coordinates": [ -118.571646839563002, 34.077059358039897 ] } },
{ "type": "Feature", "properties": { "DAMAGE": "No Damage", "STRUCTURETYPE": "Single Family Residence Multi Story", "index_right": 7274, "score": 0.273, "d_ndvi": 0.023, "ssim": 0.511, "damage_class": "moderate" }, "geometry": { "type": "Point", "coordinates": [ -118.571101241487, 34.077073923029701 ] } },
{ "type": "Feature", "properties": { "DAMAGE": "No Damage", "STRUCTURETYPE": "Single Family Residence Multi Story", "index_right": 6840, "score": 0.207, "d_ndvi": -0.069, "ssim": 0.629, "damage_class": "moderate" }, "geometry": { "type": "Point", "coordinates": [ -118.574047819822994, 34.078955758164 ] } },
{ "type": "Feature", "properties": { "DAMAGE": "Affected (1-9%)", "STRUCTURETYPE": "Single Family Residence Multi Story", "index_right": 6521, "score": 0.113, "d_ndvi": -0.044, "ssim": 0.747, "damage_class": "none" }, "geometry": { "type": "Point", "coordinates": [ -118.573200627662004, 34.080075639934499 ] } },
{ "type": "Feature", "properties": { "DAMAGE": "No Damage", "STRUCTURETYPE": "Single Family Residence Multi Story", "index_right": 6630, "score": 0.23, "d_ndvi": -0.063, "ssim": 0.609, "damage_class": "moderate" }, "geometry": { "type": "Point", "coordinates": [ -118.572221366085998, 34.079941604273202 ] } },
{ "type": "Feature", "properties": { "DAMAGE": "No Damage", "STRUCTURETYPE": "Single Family Residence Multi Story", "index_right": 6739, "score": 0.253, "d_ndvi": 0.009, "ssim": 0.582, "damage_class": "moderate" }, "geometry": { "type": "Point", "coordinates": [ -118.571035184771006, 34.079377614540697 ] } },
{ "type": "Feature", "properties": { "DAMAGE": "Minor (10-25%)", "STRUCTURETYPE": "Single Family Residence Multi Story", "index_right": 6952, "score": 0.149, "d_ndvi": 0.035, "ssim": 0.65, "damage_class": "none" }, "geometry": { "type": "Point", "coordinates": [ -118.571477760457, 34.078644604267197 ] } },
{ "type": "Feature", "properties": { "DAMAGE": "Destroyed (>50%)", "STRUCTURETYPE": "Utility Misc Structure", "index_right": 6952, "score": 0.149, "d_ndvi": 0.035, "ssim": 0.65, "damage_class": "none" }, "geometry": { "type": "Point", "coordinates": [ -118.571350899473998, 34.0787359248163 ] } },
{ "type": "Feature", "properties": { "DAMAGE": "No Damage", "STRUCTURETYPE": "Utility Misc Structure", "index_right": 6952, "score": 0.149, "d_ndvi": 0.035, "ssim": 0.65, "damage_class": "none" }, "geometry": { "type": "Point", "coordinates": [ -118.571769830603003, 34.078665827458799 ] } },
{ "type": "Feature", "properties": { "DAMAGE": "No Damage", "STRUCTURETYPE": "Single Family Residence Single Story", "index_right": 6951, "score": 0.16, "d_ndvi": -0.037, "ssim": 0.694, "damage_class": "moderate" }, "geometry": { "type": "Point", "coordinates": [ -118.572285814818002, 34.078509630328597 ] } },
{ "type": "Feature", "properties": { "DAMAGE": "No Damage", "STRUCTURETYPE": "Single Family Residence Single Story", "index_right": 6951, "score": 0.16, "d_ndvi": -0.037, "ssim": 0.694, "damage_class": "moderate" }, "geometry": { "type": "Point", "coordinates": [ -118.572013985511006, 34.078610953250603 ] } },
{ "type": "Feature", "properties": { "DAMAGE": "No Damage", "STRUCTURETYPE": "Single Family Residence Multi Story", "index_right": 7163, "score": 0.158, "d_ndvi": 0.009, "ssim": 0.635, "damage_class": "moderate" }, "geometry": { "type": "Point", "coordinates": [ -118.573219214703997, 34.077507511397002 ] } },
{ "type": "Feature", "properties": { "DAMAGE": "No Damage", "STRUCTURETYPE": "Single Family Residence Multi Story", "index_right": 7271, "score": 0.202, "d_ndvi": -0.008, "ssim": 0.598, "damage_class": "moderate" }, "geometry": { "type": "Point", "coordinates": [ -118.572795348230002, 34.077355096410898 ] } },
{ "type": "Feature", "properties": { "DAMAGE": "No Damage", "STRUCTURETYPE": "Single Family Residence Multi Story", "index_right": 7272, "score": 0.21, "d_ndvi": 0.045, "ssim": 0.592, "damage_class": "moderate" }, "geometry": { "type": "Point", "coordinates": [ -118.572356253516006, 34.077369051966301 ] } },
{ "type": "Feature", "properties": { "DAMAGE": "No Damage", "STRUCTURETYPE": "Single Family Residence Multi Story", "index_right": 7166, "score": 0.156, "d_ndvi": -0.013, "ssim": 0.695, "damage_class": "moderate" }, "geometry": { "type": "Point", "coordinates": [ -118.571810347318007, 34.077421029618598 ] } },
{ "type": "Feature", "properties": { "DAMAGE": "No Damage", "STRUCTURETYPE": "Single Family Residence Multi Story", "index_right": 7166, "score": 0.156, "d_ndvi": -0.013, "ssim": 0.695, "damage_class": "moderate" }, "geometry": { "type": "Point", "coordinates": [ -118.571602045071003, 34.077849081192099 ] } },
{ "type": "Feature", "properties": { "DAMAGE": "No Damage", "STRUCTURETYPE": "Single Family Residence Multi Story", "index_right": 7167, "score": 0.205, "d_ndvi": 0.008, "ssim": 0.591, "damage_class": "moderate" }, "geometry": { "type": "Point", "coordinates": [ -118.571013307200005, 34.077612695680301 ] } },
{ "type": "Feature", "properties": { "DAMAGE": "No Damage", "STRUCTURETYPE": "Single Family Residence Multi Story", "index_right": 7168, "score": 0.093, "d_ndvi": 0.128, "ssim": 0.73, "damage_class": "none" }, "geometry": { "type": "Point", "coordinates": [ -118.570339309326997, 34.077497735232697 ] } },
{ "type": "Feature", "properties": { "DAMAGE": "No Damage", "STRUCTURETYPE": "Single Family Residence Multi Story", "index_right": 7168, "score": 0.093, "d_ndvi": 0.128, "ssim": 0.73, "damage_class": "none" }, "geometry": { "type": "Point", "coordinates": [ -118.570497796398001, 34.077854483767297 ] } },
{ "type": "Feature", "properties": { "DAMAGE": "No Damage", "STRUCTURETYPE": "Single Family Residence Multi Story", "index_right": 6632, "score": 0.236, "d_ndvi": -0.099, "ssim": 0.647, "damage_class": "moderate" }, "geometry": { "type": "Point", "coordinates": [ -118.570971699032995, 34.0797255829562 ] } },
{ "type": "Feature", "properties": { "DAMAGE": "No Damage", "STRUCTURETYPE": "Single Family Residence Multi Story", "index_right": 6633, "score": 0.122, "d_ndvi": 0.032, "ssim": 0.738, "damage_class": "none" }, "geometry": { "type": "Point", "coordinates": [ -118.570328936481005, 34.079683052278398 ] } },
{ "type": "Feature", "properties": { "DAMAGE": "No Damage", "STRUCTURETYPE": "Single Family Residence Multi Story", "index_right": 6632, "score": 0.236, "d_ndvi": -0.099, "ssim": 0.647, "damage_class": "moderate" }, "geometry": { "type": "Point", "coordinates": [ -118.571110983715997, 34.080080313958099 ] } },
{ "type": "Feature", "properties": { "DAMAGE": "No Damage", "STRUCTURETYPE": "Single Family Residence Multi Story", "index_right": 6526, "score": 0.206, "d_ndvi": -0.151, "ssim": 0.718, "damage_class": "moderate" }, "geometry": { "type": "Point", "coordinates": [ -118.570731520069003, 34.080231584181398 ] } },
{ "type": "Feature", "properties": { "DAMAGE": "No Damage", "STRUCTURETYPE": "Single Family Residence Multi Story", "index_right": 7596, "score": 0.213, "d_ndvi": -0.012, "ssim": 0.622, "damage_class": "moderate" }, "geometry": { "type": "Point", "coordinates": [ -118.570453842730004, 34.076012525673399 ] } },
{ "type": "Feature", "properties": { "DAMAGE": "No Damage", "STRUCTURETYPE": "Single Family Residence Multi Story", "index_right": 7596, "score": 0.213, "d_ndvi": -0.012, "ssim": 0.622, "damage_class": "moderate" }, "geometry": { "type": "Point", "coordinates": [ -118.570384502671004, 34.075664503311003 ] } },
{ "type": "Feature", "properties": { "DAMAGE": "No Damage", "STRUCTURETYPE": "Mobile Home Double Wide", "index_right": 10836, "score": 0.109, "d_ndvi": 0.058, "ssim": 0.744, "damage_class": "none" }, "geometry": { "type": "Point", "coordinates": [ -118.611450398385998, 34.061489735491399 ] } },
{ "type": "Feature", "properties": { "DAMAGE": "Affected (1-9%)", "STRUCTURETYPE": "Utility Misc Structure", "index_right": 10304, "score": 0.395, "d_ndvi": -0.18, "ssim": 0.518, "damage_class": "severe" }, "geometry": { "type": "Point", "coordinates": [ -118.610025638005993, 34.063918123118299 ] } },
{ "type": "Feature", "properties": { "DAMAGE": "Destroyed (>50%)", "STRUCTURETYPE": "Single Family Residence Multi Story", "index_right": 9650, "score": 0.523, "d_ndvi": -0.422, "ssim": 0.536, "damage_class": "severe" }, "geometry": { "type": "Point", "coordinates": [ -118.616030410353005, 34.066499681869402 ] } },
{ "type": "Feature", "properties": { "DAMAGE": "Destroyed (>50%)", "STRUCTURETYPE": "Single Family Residence Multi Story", "index_right": 9652, "score": 0.457, "d_ndvi": -0.216, "ssim": 0.44, "damage_class": "severe" }, "geometry": { "type": "Point", "coordinates": [ -118.615347774281005, 34.066548251272401 ] } },
{ "type": "Feature", "properties": { "DAMAGE": "Destroyed (>50%)", "STRUCTURETYPE": "Single Family Residence Multi Story", "index_right": 9441, "score": 0.572, "d_ndvi": -0.429, "ssim": 0.464, "damage_class": "severe" }, "geometry": { "type": "Point", "coordinates": [ -118.61347331188, 34.067395763078302 ] } },
{ "type": "Feature", "properties": { "DAMAGE": "Destroyed (>50%)", "STRUCTURETYPE": "Single Family Residence Multi Story", "index_right": 9337, "score": 0.521, "d_ndvi": -0.287, "ssim": 0.396, "damage_class": "severe" }, "geometry": { "type": "Point", "coordinates": [ -118.611993675215999, 34.067945682752701 ] } },
{ "type": "Feature", "properties": { "DAMAGE": "No Damage", "STRUCTURETYPE": "Single Family Residence Single Story", "index_right": 10200, "score": 0.209, "d_ndvi": -0.065, "ssim": 0.617, "damage_class": "moderate" }, "geometry": { "type": "Point", "coordinates": [ -118.607935030172001, 34.064203360690001 ] } },
{ "type": "Feature", "properties": { "DAMAGE": "No Damage", "STRUCTURETYPE": "Single Family Residence Multi Story", "index_right": 9233, "score": 0.297, "d_ndvi": -0.129, "ssim": 0.613, "damage_class": "moderate" }, "geometry": { "type": "Point", "coordinates": [ -118.610336005937, 34.068035073374801 ] } },
{ "type": "Feature", "properties": { "DAMAGE": "No Damage", "STRUCTURETYPE": "Single Family Residence Multi Story", "index_right": 10197, "score": 0.275, "d_ndvi": -0.064, "ssim": 0.547, "damage_class": "moderate" }, "geometry": { "type": "Point", "coordinates": [ -118.609584354996002, 34.064043111895302 ] } },
{ "type": "Feature", "properties": { "DAMAGE": "No Damage", "STRUCTURETYPE": "Single Family Residence Multi Story", "index_right": 10091, "score": 0.179, "d_ndvi": -0.038, "ssim": 0.642, "damage_class": "moderate" }, "geometry": { "type": "Point", "coordinates": [ -118.609048732711003, 34.064618810548602 ] } },
{ "type": "Feature", "properties": { "DAMAGE": "Affected (1-9%)", "STRUCTURETYPE": "Utility Misc Structure", "index_right": 10198, "score": 0.266, "d_ndvi": -0.047, "ssim": 0.526, "damage_class": "moderate" }, "geometry": { "type": "Point", "coordinates": [ -118.609129751767, 34.064077826171498 ] } },
{ "type": "Feature", "properties": { "DAMAGE": "No Damage", "STRUCTURETYPE": "Utility Misc Structure", "index_right": 10094, "score": 0.304, "d_ndvi": -0.145, "ssim": 0.565, "damage_class": "severe" }, "geometry": { "type": "Point", "coordinates": [ -118.607807370583004, 34.064737968471803 ] } },
{ "type": "Feature", "properties": { "DAMAGE": "No Damage", "STRUCTURETYPE": "Single Family Residence Multi Story", "index_right": 9984, "score": 0.282, "d_ndvi": -0.051, "ssim": 0.558, "damage_class": "moderate" }, "geometry": { "type": "Point", "coordinates": [ -118.609305268200004, 34.065152084151002 ] } },
{ "type": "Feature", "properties": { "DAMAGE": "Destroyed (>50%)", "STRUCTURETYPE": "Mobile Home Single Wide", "index_right": 8789, "score": 0.359, "d_ndvi": -0.286, "ssim": 0.65, "damage_class": "severe" }, "geometry": { "type": "Point", "coordinates": [ -118.618832073945995, 34.070134326104899 ] } },
{ "type": "Feature", "properties": { "DAMAGE": "Destroyed (>50%)", "STRUCTURETYPE": "Mobile Home Triple Wide", "index_right": 9219, "score": 0.34, "d_ndvi": -0.203, "ssim": 0.586, "damage_class": "severe" }, "geometry": { "type": "Point", "coordinates": [ -118.618002043518999, 34.067954142146 ] } },
{ "type": "Feature", "properties": { "DAMAGE": "Destroyed (>50%)", "STRUCTURETYPE": "Mobile Home Single Wide", "index_right": 8998, "score": 0.509, "d_ndvi": -0.429, "ssim": 0.579, "damage_class": "severe" }, "geometry": { "type": "Point", "coordinates": [ -118.621704387080001, 34.068954545766204 ] } },
{ "type": "Feature", "properties": { "DAMAGE": "Destroyed (>50%)", "STRUCTURETYPE": "Mobile Home Double Wide", "index_right": 9104, "score": 0.639, "d_ndvi": -0.272, "ssim": 0.189, "damage_class": "severe" }, "geometry": { "type": "Point", "coordinates": [ -118.622118213083994, 34.068521549855099 ] } },
{ "type": "Feature", "properties": { "DAMAGE": "Destroyed (>50%)", "STRUCTURETYPE": "Mixed Commercial/Residential", "index_right": 8781, "score": 0.437, "d_ndvi": -0.285, "ssim": 0.515, "damage_class": "severe" }, "geometry": { "type": "Point", "coordinates": [ -118.623369895956003, 34.069801549821698 ] } },
{ "type": "Feature", "properties": { "DAMAGE": "Destroyed (>50%)", "STRUCTURETYPE": "Utility Misc Structure", "index_right": 9318, "score": 0.422, "d_ndvi": -0.288, "ssim": 0.583, "damage_class": "severe" }, "geometry": { "type": "Point", "coordinates": [ -118.622358667830994, 34.067649345237797 ] } },
{ "type": "Feature", "properties": { "DAMAGE": "Destroyed (>50%)", "STRUCTURETYPE": "Single Family Residence Multi Story", "index_right": 9210, "score": 0.402, "d_ndvi": -0.257, "ssim": 0.568, "damage_class": "severe" }, "geometry": { "type": "Point", "coordinates": [ -118.622484785907005, 34.067884847724301 ] } },
{ "type": "Feature", "properties": { "DAMAGE": "No Damage", "STRUCTURETYPE": "Utility Misc Structure", "index_right": 8682, "score": 0.597, "d_ndvi": -0.32, "ssim": 0.379, "damage_class": "severe" }, "geometry": { "type": "Point", "coordinates": [ -118.618747994648999, 34.070137953001201 ] } },
{ "type": "Feature", "properties": { "DAMAGE": "No Damage", "STRUCTURETYPE": "Utility Misc Structure", "index_right": 9219, "score": 0.34, "d_ndvi": -0.203, "ssim": 0.586, "damage_class": "severe" }, "geometry": { "type": "Point", "coordinates": [ -118.617868864684993, 34.0679380240542 ] } },
{ "type": "Feature", "properties": { "DAMAGE": "Destroyed (>50%)", "STRUCTURETYPE": "Mobile Home Single Wide", "index_right": 8890, "score": 0.65, "d_ndvi": -0.554, "ssim": 0.454, "damage_class": "severe" }, "geometry": { "type": "Point", "coordinates": [ -118.622292444028005, 34.069201117278098 ] } },
{ "type": "Feature", "properties": { "DAMAGE": "Destroyed (>50%)", "STRUCTURETYPE": "Single Family Residence Multi Story", "index_right": 8780, "score": 0.309, "d_ndvi": -0.163, "ssim": 0.574, "damage_class": "severe" }, "geometry": { "type": "Point", "coordinates": [ -118.623700938612998, 34.069918276846103 ] } },
{ "type": "Feature", "properties": { "DAMAGE": "Destroyed (>50%)", "STRUCTURETYPE": "Single Family Residence Multi Story", "index_right": 9425, "score": 0.611, "d_ndvi": -0.295, "ssim": 0.293, "damage_class": "severe" }, "geometry": { "type": "Point", "coordinates": [ -118.622315041148994, 34.067399111733998 ] } },
{ "type": "Feature", "properties": { "DAMAGE": "No Damage", "STRUCTURETYPE": "Utility Misc Structure", "index_right": 9224, "score": 0.171, "d_ndvi": -0.078, "ssim": 0.73, "damage_class": "moderate" }, "geometry": { "type": "Point", "coordinates": [ -118.614957833581997, 34.068110291023899 ] } },
{ "type": "Feature", "properties": { "DAMAGE": "Destroyed (>50%)", "STRUCTURETYPE": "Utility Misc Structure", "index_right": 9330, "score": 0.448, "d_ndvi": -0.529, "ssim": 0.734, "damage_class": "severe" }, "geometry": { "type": "Point", "coordinates": [ -118.615540607537994, 34.067611512229703 ] } },
{ "type": "Feature", "properties": { "DAMAGE": "No Damage", "STRUCTURETYPE": "Single Family Residence Multi Story", "index_right": 9225, "score": 0.273, "d_ndvi": -0.144, "ssim": 0.645, "damage_class": "moderate" }, "geometry": { "type": "Point", "coordinates": [ -118.614880317955993, 34.068046344120198 ] } },
{ "type": "Feature", "properties": { "DAMAGE": "Affected (1-9%)", "STRUCTURETYPE": "Single Family Residence Multi Story", "index_right": 9331, "score": 0.385, "d_ndvi": -0.266, "ssim": 0.573, "damage_class": "severe" }, "geometry": { "type": "Point", "coordinates": [ -118.615224856902003, 34.067737983844303 ] } },
{ "type": "Feature", "properties": { "DAMAGE": "No Damage", "STRUCTURETYPE": "Single Family Residence Multi Story", "index_right": 8249, "score": 0.23, "d_ndvi": -0.122, "ssim": 0.67, "damage_class": "moderate" }, "geometry": { "type": "Point", "coordinates": [ -118.621692167296999, 34.072264663164702 ] } },
{ "type": "Feature", "properties": { "DAMAGE": "No Damage", "STRUCTURETYPE": "Single Family Residence Multi Story", "index_right": 10076, "score": 0.311, "d_ndvi": -0.284, "ssim": 0.736, "damage_class": "severe" }, "geometry": { "type": "Point", "coordinates": [ -118.617376189954996, 34.064391479668899 ] } },
{ "type": "Feature", "properties": { "DAMAGE": "No Damage", "STRUCTURETYPE": "Single Family Residence Multi Story", "index_right": 10182, "score": 0.265, "d_ndvi": -0.142, "ssim": 0.661, "damage_class": "moderate" }, "geometry": { "type": "Point", "coordinates": [ -118.617872116586, 34.064047232393101 ] } },
{ "type": "Feature", "properties": { "DAMAGE": "No Damage", "STRUCTURETYPE": "Utility Misc Structure", "index_right": 10182, "score": 0.265, "d_ndvi": -0.142, "ssim": 0.661, "damage_class": "moderate" }, "geometry": { "type": "Point", "coordinates": [ -118.617987902240003, 34.064200540517902 ] } },
{ "type": "Feature", "properties": { "DAMAGE": "Destroyed (>50%)", "STRUCTURETYPE": "Single Family Residence Multi Story", "index_right": 11155, "score": 0.477, "d_ndvi": -0.183, "ssim": 0.404, "damage_class": "severe" }, "geometry": { "type": "Point", "coordinates": [ -118.612203641142003, 34.060217698024204 ] } },
{ "type": "Feature", "properties": { "DAMAGE": "No Damage", "STRUCTURETYPE": "Single Family Residence Multi Story", "index_right": 10830, "score": 0.487, "d_ndvi": -0.253, "ssim": 0.461, "damage_class": "severe" }, "geometry": { "type": "Point", "coordinates": [ -118.614370086552995, 34.061571305461797 ] } },
{ "type": "Feature", "properties": { "DAMAGE": "Destroyed (>50%)", "STRUCTURETYPE": "Single Family Residence Single Story", "index_right": 5301, "score": 0.387, "d_ndvi": -0.213, "ssim": 0.565, "damage_class": "severe" }, "geometry": { "type": "Point", "coordinates": [ -118.596242924044006, 34.0850655690708 ] } },
{ "type": "Feature", "properties": { "DAMAGE": "No Damage", "STRUCTURETYPE": "Single Family Residence Single Story", "index_right": 5194, "score": 0.296, "d_ndvi": -0.107, "ssim": 0.562, "damage_class": "moderate" }, "geometry": { "type": "Point", "coordinates": [ -118.596018743176998, 34.085356535072798 ] } },
{ "type": "Feature", "properties": { "DAMAGE": "No Damage", "STRUCTURETYPE": "Single Family Residence Single Story", "index_right": 4225, "score": 0.085, "d_ndvi": 0.009, "ssim": 0.719, "damage_class": "none" }, "geometry": { "type": "Point", "coordinates": [ -118.599713743909007, 34.089067371143997 ] } },
{ "type": "Feature", "properties": { "DAMAGE": "No Damage", "STRUCTURETYPE": "Single Family Residence Single Story", "index_right": 4548, "score": 0.11, "d_ndvi": -0.072, "ssim": 0.806, "damage_class": "none" }, "geometry": { "type": "Point", "coordinates": [ -118.598238892571004, 34.088018040929697 ] } },
{ "type": "Feature", "properties": { "DAMAGE": "No Damage", "STRUCTURETYPE": "Single Family Residence Single Story", "index_right": 4548, "score": 0.11, "d_ndvi": -0.072, "ssim": 0.806, "damage_class": "none" }, "geometry": { "type": "Point", "coordinates": [ -118.598599921889999, 34.088014256381904 ] } },
{ "type": "Feature", "properties": { "DAMAGE": "No Damage", "STRUCTURETYPE": "Single Family Residence Single Story", "index_right": 4549, "score": 0.246, "d_ndvi": -0.033, "ssim": 0.566, "damage_class": "moderate" }, "geometry": { "type": "Point", "coordinates": [ -118.598109460610004, 34.088158699960402 ] } },
{ "type": "Feature", "properties": { "DAMAGE": "No Damage", "STRUCTURETYPE": "Utility Misc Structure", "index_right": 3816, "score": 0.068, "d_ndvi": 0.073, "ssim": 0.748, "damage_class": "none" }, "geometry": { "type": "Point", "coordinates": [ -118.589326013138006, 34.090983480831298 ] } },
{ "type": "Feature", "properties": { "DAMAGE": "No Damage", "STRUCTURETYPE": "Single Family Residence Multi Story", "index_right": 3923, "score": 0.236, "d_ndvi": 0.082, "ssim": 0.504, "damage_class": "moderate" }, "geometry": { "type": "Point", "coordinates": [ -118.589442323406999, 34.090913536448497 ] } },
{ "type": "Feature", "properties": { "DAMAGE": "No Damage", "STRUCTURETYPE": "Single Family Residence Multi Story", "index_right": 4029, "score": 0.313, "d_ndvi": 0.115, "ssim": 0.422, "damage_class": "severe" }, "geometry": { "type": "Point", "coordinates": [ -118.589836582307996, 34.0901443028839 ] } },
{ "type": "Feature", "properties": { "DAMAGE": "No Damage", "STRUCTURETYPE": "Single Family Residence Single Story", "index_right": 4030, "score": 0.168, "d_ndvi": 0.063, "ssim": 0.585, "damage_class": "moderate" }, "geometry": { "type": "Point", "coordinates": [ -118.589541439922996, 34.090153992034502 ] } },
{ "type": "Feature", "properties": { "DAMAGE": "No Damage", "STRUCTURETYPE": "Single Family Residence Single Story", "index_right": 6371, "score": 0.43, "d_ndvi": -0.026, "ssim": 0.339, "damage_class": "severe" }, "geometry": { "type": "Point", "coordinates": [ -118.596358776173005, 34.080517192661802 ] } },
{ "type": "Feature", "properties": { "DAMAGE": "No Damage", "STRUCTURETYPE": "Single Family Residence Multi Story", "index_right": 4337, "score": 0.125, "d_ndvi": 0.06, "ssim": 0.701, "damage_class": "none" }, "geometry": { "type": "Point", "coordinates": [ -118.596806117422005, 34.088811557994397 ] } },
{ "type": "Feature", "properties": { "DAMAGE": "No Damage", "STRUCTURETYPE": "Single Family Residence Multi Story", "index_right": 4337, "score": 0.125, "d_ndvi": 0.06, "ssim": 0.701, "damage_class": "none" }, "geometry": { "type": "Point", "coordinates": [ -118.597132688265006, 34.0886552806315 ] } },
{ "type": "Feature", "properties": { "DAMAGE": "No Damage", "STRUCTURETYPE": "Single Family Residence Single Story", "index_right": 6478, "score": 0.196, "d_ndvi": 0.028, "ssim": 0.642, "damage_class": "moderate" }, "geometry": { "type": "Point", "coordinates": [ -118.596142050425001, 34.080116716572597 ] } },
{ "type": "Feature", "properties": { "DAMAGE": "No Damage", "STRUCTURETYPE": "Single Family Residence Single Story", "index_right": 6371, "score": 0.43, "d_ndvi": -0.026, "ssim": 0.339, "damage_class": "severe" }, "geometry": { "type": "Point", "coordinates": [ -118.596101553473005, 34.080247071226303 ] } },
{ "type": "Feature", "properties": { "DAMAGE": "No Damage", "STRUCTURETYPE": "Single Family Residence Multi Story", "index_right": 6477, "score": 0.113, "d_ndvi": 0.092, "ssim": 0.724, "damage_class": "none" }, "geometry": { "type": "Point", "coordinates": [ -118.596967867174001, 34.0801497591154 ] } },
{ "type": "Feature", "properties": { "DAMAGE": "No Damage", "STRUCTURETYPE": "Utility Misc Structure", "index_right": 6370, "score": 0.119, "d_ndvi": 0.051, "ssim": 0.679, "damage_class": "none" }, "geometry": { "type": "Point", "coordinates": [ -118.596764983564995, 34.080572320093097 ] } },
{ "type": "Feature", "properties": { "DAMAGE": "No Damage", "STRUCTURETYPE": "Single Family Residence Multi Story", "index_right": 4444, "score": 0.118, "d_ndvi": 0.136, "ssim": 0.684, "damage_class": "none" }, "geometry": { "type": "Point", "coordinates": [ -118.596810237095994, 34.088414206338797 ] } },
{ "type": "Feature", "properties": { "DAMAGE": "No Damage", "STRUCTURETYPE": "Single Family Residence Multi Story", "index_right": 4136, "score": 0.39, "d_ndvi": -0.018, "ssim": 0.324, "damage_class": "severe" }, "geometry": { "type": "Point", "coordinates": [ -118.589967438996993, 34.089740450902099 ] } },
{ "type": "Feature", "properties": { "DAMAGE": "No Damage", "STRUCTURETYPE": "Single Family Residence Single Story", "index_right": 4552, "score": 0.129, "d_ndvi": 0.21, "ssim": 0.63, "damage_class": "none" }, "geometry": { "type": "Point", "coordinates": [ -118.596581033747995, 34.088043498649199 ] } },
{ "type": "Feature", "properties": { "DAMAGE": "No Damage", "STRUCTURETYPE": "Single Family Residence Multi Story", "index_right": 4349, "score": 0.139, "d_ndvi": 0.063, "ssim": 0.663, "damage_class": "none" }, "geometry": { "type": "Point", "coordinates": [ -118.590309153638998, 34.089119165298897 ] } },
{ "type": "Feature", "properties": { "DAMAGE": "No Damage", "STRUCTURETYPE": "Utility Misc Structure", "index_right": 4552, "score": 0.129, "d_ndvi": 0.21, "ssim": 0.63, "damage_class": "none" }, "geometry": { "type": "Point", "coordinates": [ -118.596532394467005, 34.088192572603703 ] } },
{ "type": "Feature", "properties": { "DAMAGE": "No Damage", "STRUCTURETYPE": "Single Family Residence Single Story", "index_right": 6262, "score": 0.246, "d_ndvi": 0.056, "ssim": 0.529, "damage_class": "moderate" }, "geometry": { "type": "Point", "coordinates": [ -118.597290194376001, 34.081030551294504 ] } },
{ "type": "Feature", "properties": { "DAMAGE": "No Damage", "STRUCTURETYPE": "Single Family Residence Single Story", "index_right": 4555, "score": 0.348, "d_ndvi": 0.032, "ssim": 0.398, "damage_class": "severe" }, "geometry": { "type": "Point", "coordinates": [ -118.594636047308995, 34.087927143290997 ] } },
{ "type": "Feature", "properties": { "DAMAGE": "No Damage", "STRUCTURETYPE": "Single Family Residence Multi Story", "index_right": 4662, "score": 0.161, "d_ndvi": 0.025, "ssim": 0.646, "damage_class": "moderate" }, "geometry": { "type": "Point", "coordinates": [ -118.594609575754006, 34.087411277627503 ] } },
{ "type": "Feature", "properties": { "DAMAGE": "No Damage", "STRUCTURETYPE": "Single Family Residence Single Story", "index_right": 5304, "score": 0.201, "d_ndvi": 0.02, "ssim": 0.603, "damage_class": "moderate" }, "geometry": { "type": "Point", "coordinates": [ -118.594467493717005, 34.084982375267799 ] } },
{ "type": "Feature", "properties": { "DAMAGE": "No Damage", "STRUCTURETYPE": "Utility Misc Structure", "index_right": 5199, "score": 0.055, "d_ndvi": 0.04, "ssim": 0.771, "damage_class": "none" }, "geometry": { "type": "Point", "coordinates": [ -118.593543534226001, 34.085282745572101 ] } },
{ "type": "Feature", "properties": { "DAMAGE": "No Damage", "STRUCTURETYPE": "Single Family Residence Single Story", "index_right": 5199, "score": 0.055, "d_ndvi": 0.04, "ssim": 0.771, "damage_class": "none" }, "geometry": { "type": "Point", "coordinates": [ -118.593472861966006, 34.085263567775897 ] } },
{ "type": "Feature", "properties": { "DAMAGE": "No Damage", "STRUCTURETYPE": "Single Family Residence Multi Story", "index_right": 4661, "score": 0.092, "d_ndvi": 0.021, "ssim": 0.724, "damage_class": "none" }, "geometry": { "type": "Point", "coordinates": [ -118.595049793361994, 34.087664841530199 ] } },
{ "type": "Feature", "properties": { "DAMAGE": "No Damage", "STRUCTURETYPE": "Utility Misc Structure", "index_right": 4660, "score": 0.085, "d_ndvi": 0.036, "ssim": 0.819, "damage_class": "none" }, "geometry": { "type": "Point", "coordinates": [ -118.595647941983998, 34.087721288569902 ] } },
{ "type": "Feature", "properties": { "DAMAGE": "No Damage", "STRUCTURETYPE": "Single Family Residence Multi Story", "index_right": 9024, "score": 0.191, "d_ndvi": 0.045, "ssim": 0.652, "damage_class": "moderate" }, "geometry": { "type": "Point", "coordinates": [ -118.607939336691999, 34.069128541516697 ] } },
{ "type": "Feature", "properties": { "DAMAGE": "No Damage", "STRUCTURETYPE": "Utility Misc Structure", "index_right": 9131, "score": 0.084, "d_ndvi": -0.017, "ssim": 0.801, "damage_class": "none" }, "geometry": { "type": "Point", "coordinates": [ -118.607874994859003, 34.068738000090697 ] } },
{ "type": "Feature", "properties": { "DAMAGE": "Destroyed (>50%)", "STRUCTURETYPE": "Utility Misc Structure", "index_right": 9128, "score": 0.291, "d_ndvi": -0.103, "ssim": 0.574, "damage_class": "moderate" }, "geometry": { "type": "Point", "coordinates": [ -118.609157508810995, 34.068851230411397 ] } },
{ "type": "Feature", "properties": { "DAMAGE": "No Damage", "STRUCTURETYPE": "Utility Misc Structure", "index_right": 9128, "score": 0.291, "d_ndvi": -0.103, "ssim": 0.574, "damage_class": "moderate" }, "geometry": { "type": "Point", "coordinates": [ -118.609299779493995, 34.068648200191902 ] } },
{ "type": "Feature", "properties": { "DAMAGE": "No Damage", "STRUCTURETYPE": "Single Family Residence Multi Story", "index_right": 4348, "score": 0.246, "d_ndvi": 0.054, "ssim": 0.519, "damage_class": "moderate" }, "geometry": { "type": "Point", "coordinates": [ -118.590807158073005, 34.088795505619998 ] } },
{ "type": "Feature", "properties": { "DAMAGE": "No Damage", "STRUCTURETYPE": "Single Family Residence Multi Story", "index_right": 5304, "score": 0.201, "d_ndvi": 0.02, "ssim": 0.603, "damage_class": "moderate" }, "geometry": { "type": "Point", "coordinates": [ -118.594928349220993, 34.084922479488299 ] } },
{ "type": "Feature", "properties": { "DAMAGE": "No Damage", "STRUCTURETYPE": "Single Family Residence Single Story", "index_right": 5198, "score": 0.107, "d_ndvi": 0.0, "ssim": 0.733, "damage_class": "none" }, "geometry": { "type": "Point", "coordinates": [ -118.594382031593994, 34.085322295252602 ] } },
{ "type": "Feature", "properties": { "DAMAGE": "No Damage", "STRUCTURETYPE": "Single Family Residence Single Story", "index_right": 5305, "score": 0.021, "d_ndvi": 0.023, "ssim": 0.882, "damage_class": "none" }, "geometry": { "type": "Point", "coordinates": [ -118.594408210297999, 34.085110294792102 ] } },
{ "type": "Feature", "properties": { "DAMAGE": "No Damage", "STRUCTURETYPE": "Single Family Residence Multi Story", "index_right": 5199, "score": 0.055, "d_ndvi": 0.04, "ssim": 0.771, "damage_class": "none" }, "geometry": { "type": "Point", "coordinates": [ -118.593575651693001, 34.085521984438699 ] } },
{ "type": "Feature", "properties": { "DAMAGE": "No Damage", "STRUCTURETYPE": "Single Family Residence Single Story", "index_right": 5200, "score": 0.038, "d_ndvi": 0.064, "ssim": 0.867, "damage_class": "none" }, "geometry": { "type": "Point", "coordinates": [ -118.593125733177999, 34.085562995196199 ] } },
{ "type": "Feature", "properties": { "DAMAGE": "No Damage", "STRUCTURETYPE": "Single Family Residence Single Story", "index_right": 5412, "score": 0.034, "d_ndvi": 0.086, "ssim": 0.774, "damage_class": "none" }, "geometry": { "type": "Point", "coordinates": [ -118.593985635601996, 34.084356840751298 ] } },
{ "type": "Feature", "properties": { "DAMAGE": "No Damage", "STRUCTURETYPE": "Single Family Residence Multi Story", "index_right": 4876, "score": 0.066, "d_ndvi": -0.04, "ssim": 0.837, "damage_class": "none" }, "geometry": { "type": "Point", "coordinates": [ -118.594685645989998, 34.086682301542503 ] } },
{ "type": "Feature", "properties": { "DAMAGE": "No Damage", "STRUCTURETYPE": "Single Family Residence Single Story", "index_right": 4241, "score": 0.143, "d_ndvi": 0.076, "ssim": 0.649, "damage_class": "none" }, "geometry": { "type": "Point", "coordinates": [ -118.590936155250006, 34.089175095808599 ] } },
{ "type": "Feature", "properties": { "DAMAGE": "No Damage", "STRUCTURETYPE": "Utility Misc Structure", "index_right": 4241, "score": 0.143, "d_ndvi": 0.076, "ssim": 0.649, "damage_class": "none" }, "geometry": { "type": "Point", "coordinates": [ -118.590885064465994, 34.089286909104104 ] } },
{ "type": "Feature", "properties": { "DAMAGE": "No Damage", "STRUCTURETYPE": "Single Family Residence Single Story", "index_right": 5412, "score": 0.034, "d_ndvi": 0.086, "ssim": 0.774, "damage_class": "none" }, "geometry": { "type": "Point", "coordinates": [ -118.594352497681996, 34.084339370962198 ] } },
{ "type": "Feature", "properties": { "DAMAGE": "No Damage", "STRUCTURETYPE": "Single Family Residence Single Story", "index_right": 5832, "score": 0.327, "d_ndvi": 0.028, "ssim": 0.418, "damage_class": "severe" }, "geometry": { "type": "Point", "coordinates": [ -118.598218860139994, 34.082598991102003 ] } },
{ "type": "Feature", "properties": { "DAMAGE": "No Damage", "STRUCTURETYPE": "Utility Misc Structure", "index_right": 5832, "score": 0.327, "d_ndvi": 0.028, "ssim": 0.418, "damage_class": "severe" }, "geometry": { "type": "Point", "coordinates": [ -118.598525371603003, 34.082624903553999 ] } },
{ "type": "Feature", "properties": { "DAMAGE": "No Damage", "STRUCTURETYPE": "Single Family Residence Single Story", "index_right": 5832, "score": 0.327, "d_ndvi": 0.028, "ssim": 0.418, "damage_class": "severe" }, "geometry": { "type": "Point", "coordinates": [ -118.598354362017005, 34.082816836842703 ] } },
{ "type": "Feature", "properties": { "DAMAGE": "No Damage", "STRUCTURETYPE": "Utility Misc Structure", "index_right": 5940, "score": 0.281, "d_ndvi": -0.018, "ssim": 0.494, "damage_class": "moderate" }, "geometry": { "type": "Point", "coordinates": [ -118.597770051943002, 34.082226034089402 ] } },
{ "type": "Feature", "properties": { "DAMAGE": "No Damage", "STRUCTURETYPE": "Utility Misc Structure", "index_right": 5833, "score": 0.231, "d_ndvi": -0.026, "ssim": 0.591, "damage_class": "moderate" }, "geometry": { "type": "Point", "coordinates": [ -118.597669016626, 34.082747099988197 ] } },
{ "type": "Feature", "properties": { "DAMAGE": "No Damage", "STRUCTURETYPE": "Single Family Residence Multi Story", "index_right": 5832, "score": 0.327, "d_ndvi": 0.028, "ssim": 0.418, "damage_class": "severe" }, "geometry": { "type": "Point", "coordinates": [ -118.598214681176998, 34.082804414102498 ] } },
{ "type": "Feature", "properties": { "DAMAGE": "No Damage", "STRUCTURETYPE": "Single Family Residence Single Story", "index_right": 5833, "score": 0.231, "d_ndvi": -0.026, "ssim": 0.591, "damage_class": "moderate" }, "geometry": { "type": "Point", "coordinates": [ -118.597635664874005, 34.082448864936197 ] } },
{ "type": "Feature", "properties": { "DAMAGE": "No Damage", "STRUCTURETYPE": "Motor Home", "index_right": 5833, "score": 0.231, "d_ndvi": -0.026, "ssim": 0.591, "damage_class": "moderate" }, "geometry": { "type": "Point", "coordinates": [ -118.597826025014996, 34.0824706284534 ] } },
{ "type": "Feature", "properties": { "DAMAGE": "No Damage", "STRUCTURETYPE": "Commercial Building Single Story", "index_right": 5940, "score": 0.281, "d_ndvi": -0.018, "ssim": 0.494, "damage_class": "moderate" }, "geometry": { "type": "Point", "coordinates": [ -118.597873969055001, 34.082015578640899 ] } },
{ "type": "Feature", "properties": { "DAMAGE": "No Damage", "STRUCTURETYPE": "Utility Misc Structure", "index_right": 5414, "score": 0.194, "d_ndvi": -0.042, "ssim": 0.66, "damage_class": "moderate" }, "geometry": { "type": "Point", "coordinates": [ -118.593143273682003, 34.084607393183497 ] } },
{ "type": "Feature", "properties": { "DAMAGE": "No Damage", "STRUCTURETYPE": "Single Family Residence Multi Story", "index_right": 5520, "score": 0.201, "d_ndvi": 0.029, "ssim": 0.604, "damage_class": "moderate" }, "geometry": { "type": "Point", "coordinates": [ -118.59357861254, 34.084233160876401 ] } },
{ "type": "Feature", "properties": { "DAMAGE": "No Damage", "STRUCTURETYPE": "Utility Misc Structure", "index_right": 8917, "score": 0.096, "d_ndvi": 0.053, "ssim": 0.773, "damage_class": "none" }, "geometry": { "type": "Point", "coordinates": [ -118.607972513272003, 34.069772790145301 ] } },
{ "type": "Feature", "properties": { "DAMAGE": "No Damage", "STRUCTURETYPE": "Single Family Residence Single Story", "index_right": 8701, "score": 0.142, "d_ndvi": -0.0, "ssim": 0.729, "damage_class": "none" }, "geometry": { "type": "Point", "coordinates": [ -118.608920471255004, 34.070411633057802 ] } },
{ "type": "Feature", "properties": { "DAMAGE": "No Damage", "STRUCTURETYPE": "Single Family Residence Single Story", "index_right": 5307, "score": 0.122, "d_ndvi": 0.015, "ssim": 0.705, "damage_class": "none" }, "geometry": { "type": "Point", "coordinates": [ -118.593172275791005, 34.084836457629301 ] } },
{ "type": "Feature", "properties": { "DAMAGE": "No Damage", "STRUCTURETYPE": "Single Family Residence Single Story", "index_right": 5306, "score": 0.032, "d_ndvi": 0.033, "ssim": 0.852, "damage_class": "none" }, "geometry": { "type": "Point", "coordinates": [ -118.593423361201005, 34.084960822583 ] } },
{ "type": "Feature", "properties": { "DAMAGE": "No Damage", "STRUCTURETYPE": "Utility Misc Structure", "index_right": 8810, "score": 0.173, "d_ndvi": 0.014, "ssim": 0.632, "damage_class": "moderate" }, "geometry": { "type": "Point", "coordinates": [ -118.607819833809003, 34.069987247399403 ] } },
{ "type": "Feature", "properties": { "DAMAGE": "No Damage", "STRUCTURETYPE": "Single Family Residence Multi Story", "index_right": 8594, "score": 0.431, "d_ndvi": -0.09, "ssim": 0.437, "damage_class": "severe" }, "geometry": { "type": "Point", "coordinates": [ -118.608937770113002, 34.070786041033699 ] } },
{ "type": "Feature", "properties": { "DAMAGE": "No Damage", "STRUCTURETYPE": "Single Family Residence Multi Story", "index_right": 8702, "score": 0.117, "d_ndvi": -0.061, "ssim": 0.771, "damage_class": "none" }, "geometry": { "type": "Point", "coordinates": [ -118.608291023532004, 34.070553726227601 ] } },
{ "type": "Feature", "properties": { "DAMAGE": "No Damage", "STRUCTURETYPE": "Utility Misc Structure", "index_right": 3923, "score": 0.236, "d_ndvi": 0.082, "ssim": 0.504, "damage_class": "moderate" }, "geometry": { "type": "Point", "coordinates": [ -118.589627253287006, 34.0907167048085 ] } },
{ "type": "Feature", "properties": { "DAMAGE": "No Damage", "STRUCTURETYPE": "Utility Misc Structure", "index_right": 3923, "score": 0.236, "d_ndvi": 0.082, "ssim": 0.504, "damage_class": "moderate" }, "geometry": { "type": "Point", "coordinates": [ -118.589363295018998, 34.090530837679701 ] } },
{ "type": "Feature", "properties": { "DAMAGE": "No Damage", "STRUCTURETYPE": "Single Family Residence Single Story", "index_right": 3923, "score": 0.236, "d_ndvi": 0.082, "ssim": 0.504, "damage_class": "moderate" }, "geometry": { "type": "Point", "coordinates": [ -118.589615248201, 34.090527523415901 ] } },
{ "type": "Feature", "properties": { "DAMAGE": "No Damage", "STRUCTURETYPE": "Utility Misc Structure", "index_right": 4030, "score": 0.168, "d_ndvi": 0.063, "ssim": 0.585, "damage_class": "moderate" }, "geometry": { "type": "Point", "coordinates": [ -118.589560703396003, 34.090369015901103 ] } },
{ "type": "Feature", "properties": { "DAMAGE": "No Damage", "STRUCTURETYPE": "Utility Misc Structure", "index_right": 4029, "score": 0.313, "d_ndvi": 0.115, "ssim": 0.422, "damage_class": "severe" }, "geometry": { "type": "Point", "coordinates": [ -118.589803024841999, 34.090512123060698 ] } },
{ "type": "Feature", "properties": { "DAMAGE": "No Damage", "STRUCTURETYPE": "Single Family Residence Multi Story", "index_right": 4242, "score": 0.122, "d_ndvi": 0.033, "ssim": 0.688, "damage_class": "none" }, "geometry": { "type": "Point", "coordinates": [ -118.590436361371999, 34.089596068794499 ] } },
{ "type": "Feature", "properties": { "DAMAGE": "No Damage", "STRUCTURETYPE": "Single Family Residence Single Story", "index_right": 4243, "score": 0.202, "d_ndvi": -0.002, "ssim": 0.596, "damage_class": "moderate" }, "geometry": { "type": "Point", "coordinates": [ -118.590024793732994, 34.089470866263902 ] } },
{ "type": "Feature", "properties": { "DAMAGE": "No Damage", "STRUCTURETYPE": "Utility Misc Structure", "index_right": 4243, "score": 0.202, "d_ndvi": -0.002, "ssim": 0.596, "damage_class": "moderate" }, "geometry": { "type": "Point", "coordinates": [ -118.590074939488005, 34.089588138279701 ] } },
{ "type": "Feature", "properties": { "DAMAGE": "No Damage", "STRUCTURETYPE": "Single Family Residence Multi Story", "index_right": 4243, "score": 0.202, "d_ndvi": -0.002, "ssim": 0.596, "damage_class": "moderate" }, "geometry": { "type": "Point", "coordinates": [ -118.590083753757995, 34.089357548194897 ] } },
{ "type": "Feature", "properties": { "DAMAGE": "No Damage", "STRUCTURETYPE": "Single Family Residence Single Story", "index_right": 4241, "score": 0.143, "d_ndvi": 0.076, "ssim": 0.649, "damage_class": "none" }, "geometry": { "type": "Point", "coordinates": [ -118.591018686170003, 34.089588759478602 ] } },
{ "type": "Feature", "properties": { "DAMAGE": "No Damage", "STRUCTURETYPE": "Utility Misc Structure", "index_right": 4241, "score": 0.143, "d_ndvi": 0.076, "ssim": 0.649, "damage_class": "none" }, "geometry": { "type": "Point", "coordinates": [ -118.590815561813002, 34.089519464157 ] } },
{ "type": "Feature", "properties": { "DAMAGE": "No Damage", "STRUCTURETYPE": "Single Family Residence Single Story", "index_right": 4348, "score": 0.246, "d_ndvi": 0.054, "ssim": 0.519, "damage_class": "moderate" }, "geometry": { "type": "Point", "coordinates": [ -118.591233036773005, 34.0888495459482 ] } },
{ "type": "Feature", "properties": { "DAMAGE": "No Damage", "STRUCTURETYPE": "Utility Misc Structure", "index_right": 4347, "score": 0.094, "d_ndvi": 0.001, "ssim": 0.719, "damage_class": "none" }, "geometry": { "type": "Point", "coordinates": [ -118.591325751892995, 34.089041613174402 ] } },
{ "type": "Feature", "properties": { "DAMAGE": "No Damage", "STRUCTURETYPE": "Utility Misc Structure", "index_right": 5199, "score": 0.055, "d_ndvi": 0.04, "ssim": 0.771, "damage_class": "none" }, "geometry": { "type": "Point", "coordinates": [ -118.593776742263998, 34.085204257714899 ] } },
{ "type": "Feature", "properties": { "DAMAGE": "No Damage", "STRUCTURETYPE": "Mobile Home Single Wide", "index_right": 5199, "score": 0.055, "d_ndvi": 0.04, "ssim": 0.771, "damage_class": "none" }, "geometry": { "type": "Point", "coordinates": [ -118.593830373483001, 34.085153243098297 ] } },
{ "type": "Feature", "properties": { "DAMAGE": "No Damage", "STRUCTURETYPE": "Single Family Residence Multi Story", "index_right": 5941, "score": 0.373, "d_ndvi": 0.107, "ssim": 0.308, "damage_class": "severe" }, "geometry": { "type": "Point", "coordinates": [ -118.597432624958998, 34.082107094207601 ] } },
{ "type": "Feature", "properties": { "DAMAGE": "Destroyed (>50%)", "STRUCTURETYPE": "Single Family Residence Single Story", "index_right": 10824, "score": 0.34, "d_ndvi": -0.281, "ssim": 0.654, "damage_class": "severe" }, "geometry": { "type": "Point", "coordinates": [ -118.617848103719993, 34.061468937398701 ] } },
{ "type": "Feature", "properties": { "DAMAGE": "No Damage", "STRUCTURETYPE": "Single Family Residence Single Story", "index_right": 5410, "score": 0.201, "d_ndvi": -0.003, "ssim": 0.597, "damage_class": "moderate" }, "geometry": { "type": "Point", "coordinates": [ -118.595216957260007, 34.084397747913599 ] } },
{ "type": "Feature", "properties": { "DAMAGE": "No Damage", "STRUCTURETYPE": "Utility Misc Structure", "index_right": 5410, "score": 0.201, "d_ndvi": -0.003, "ssim": 0.597, "damage_class": "moderate" }, "geometry": { "type": "Point", "coordinates": [ -118.595117087956993, 34.084409792469998 ] } },
{ "type": "Feature", "properties": { "DAMAGE": "No Damage", "STRUCTURETYPE": "Single Family Residence Multi Story", "index_right": 5942, "score": 0.357, "d_ndvi": -0.034, "ssim": 0.379, "damage_class": "severe" }, "geometry": { "type": "Point", "coordinates": [ -118.596964184979001, 34.082374039465897 ] } },
{ "type": "Feature", "properties": { "DAMAGE": "No Damage", "STRUCTURETYPE": "Single Family Residence Multi Story", "index_right": 7928, "score": 0.078, "d_ndvi": -0.012, "ssim": 0.834, "damage_class": "none" }, "geometry": { "type": "Point", "coordinates": [ -118.621579180794001, 34.073210035493503 ] } },
{ "type": "Feature", "properties": { "DAMAGE": "No Damage", "STRUCTURETYPE": "Single Family Residence Single Story", "index_right": 5941, "score": 0.373, "d_ndvi": 0.107, "ssim": 0.308, "damage_class": "severe" }, "geometry": { "type": "Point", "coordinates": [ -118.597494329336996, 34.082271473332902 ] } },
{ "type": "Feature", "properties": { "DAMAGE": "No Damage", "STRUCTURETYPE": "Single Family Residence Single Story", "index_right": 5834, "score": 0.515, "d_ndvi": -0.003, "ssim": 0.093, "damage_class": "severe" }, "geometry": { "type": "Point", "coordinates": [ -118.597369702465002, 34.082463014583603 ] } },
{ "type": "Feature", "properties": { "DAMAGE": "No Damage", "STRUCTURETYPE": "Single Family Residence Single Story", "index_right": 5834, "score": 0.515, "d_ndvi": -0.003, "ssim": 0.093, "damage_class": "severe" }, "geometry": { "type": "Point", "coordinates": [ -118.597129500144007, 34.082692999964301 ] } },
{ "type": "Feature", "properties": { "DAMAGE": "No Damage", "STRUCTURETYPE": "Single Family Residence Multi Story", "index_right": 8036, "score": 0.161, "d_ndvi": -0.078, "ssim": 0.725, "damage_class": "moderate" }, "geometry": { "type": "Point", "coordinates": [ -118.621238411178993, 34.073142697876698 ] } },
{ "type": "Feature", "properties": { "DAMAGE": "No Damage", "STRUCTURETYPE": "Single Family Residence Single Story", "index_right": 7931, "score": 0.321, "d_ndvi": 0.032, "ssim": 0.45, "damage_class": "severe" }, "geometry": { "type": "Point", "coordinates": [ -118.620296513230997, 34.073472186332602 ] } },
{ "type": "Feature", "properties": { "DAMAGE": "No Damage", "STRUCTURETYPE": "Single Family Residence Multi Story", "index_right": 7820, "score": 0.158, "d_ndvi": -0.058, "ssim": 0.733, "damage_class": "moderate" }, "geometry": { "type": "Point", "coordinates": [ -118.622024202592996, 34.073973360070603 ] } },
{ "type": "Feature", "properties": { "DAMAGE": "No Damage", "STRUCTURETYPE": "Utility Misc Structure", "index_right": 7820, "score": 0.158, "d_ndvi": -0.058, "ssim": 0.733, "damage_class": "moderate" }, "geometry": { "type": "Point", "coordinates": [ -118.622038731046004, 34.073853651116302 ] } },
{ "type": "Feature", "properties": { "DAMAGE": "No Damage", "STRUCTURETYPE": "Single Family Residence Multi Story", "index_right": 7715, "score": 0.141, "d_ndvi": 0.067, "ssim": 0.722, "damage_class": "none" }, "geometry": { "type": "Point", "coordinates": [ -118.621282891261004, 34.074156343749998 ] } },
{ "type": "Feature", "properties": { "DAMAGE": "No Damage", "STRUCTURETYPE": "Single Family Residence Multi Story", "index_right": 8809, "score": 0.319, "d_ndvi": 0.014, "ssim": 0.458, "damage_class": "severe" }, "geometry": { "type": "Point", "coordinates": [ -118.608253447004003, 34.069984956244802 ] } },
{ "type": "Feature", "properties": { "DAMAGE": "No Damage", "STRUCTURETYPE": "Single Family Residence Multi Story", "index_right": 8808, "score": 0.109, "d_ndvi": -0.045, "ssim": 0.758, "damage_class": "none" }, "geometry": { "type": "Point", "coordinates": [ -118.608671431309006, 34.069869416934203 ] } },
{ "type": "Feature", "properties": { "DAMAGE": "No Damage", "STRUCTURETYPE": "Single Family Residence Multi Story", "index_right": 4669, "score": 0.252, "d_ndvi": -0.033, "ssim": 0.608, "damage_class": "moderate" }, "geometry": { "type": "Point", "coordinates": [ -118.591099408781005, 34.087775191205999 ] } },
{ "type": "Feature", "properties": { "DAMAGE": "No Damage", "STRUCTURETYPE": "Utility Misc Structure", "index_right": 4560, "score": 0.169, "d_ndvi": 0.04, "ssim": 0.641, "damage_class": "moderate" }, "geometry": { "type": "Point", "coordinates": [ -118.592157757135993, 34.088037457658501 ] } },
{ "type": "Feature", "properties": { "DAMAGE": "No Damage", "STRUCTURETYPE": "Single Family Residence Multi Story", "index_right": 4667, "score": 0.14, "d_ndvi": -0.007, "ssim": 0.649, "damage_class": "none" }, "geometry": { "type": "Point", "coordinates": [ -118.59194898058, 34.0876318160552 ] } },
{ "type": "Feature", "properties": { "DAMAGE": "No Damage", "STRUCTURETYPE": "Single Family Residence Multi Story", "index_right": 4775, "score": 0.326, "d_ndvi": -0.034, "ssim": 0.459, "damage_class": "severe" }, "geometry": { "type": "Point", "coordinates": [ -118.591547600734003, 34.087198992248503 ] } },
{ "type": "Feature", "properties": { "DAMAGE": "No Damage", "STRUCTURETYPE": "Single Family Residence Multi Story", "index_right": 4561, "score": 0.109, "d_ndvi": 0.065, "ssim": 0.661, "damage_class": "none" }, "geometry": { "type": "Point", "coordinates": [ -118.591662295833004, 34.087950973242101 ] } },
{ "type": "Feature", "properties": { "DAMAGE": "No Damage", "STRUCTURETYPE": "Single Family Residence Multi Story", "index_right": 4560, "score": 0.169, "d_ndvi": 0.04, "ssim": 0.641, "damage_class": "moderate" }, "geometry": { "type": "Point", "coordinates": [ -118.591846672350002, 34.088036750148397 ] } },
{ "type": "Feature", "properties": { "DAMAGE": "No Damage", "STRUCTURETYPE": "Single Family Residence Multi Story", "index_right": 4981, "score": 0.115, "d_ndvi": 0.003, "ssim": 0.704, "damage_class": "none" }, "geometry": { "type": "Point", "coordinates": [ -118.595683770391005, 34.086106211952398 ] } },
{ "type": "Feature", "properties": { "DAMAGE": "No Damage", "STRUCTURETYPE": "Single Family Residence Multi Story", "index_right": 4987, "score": 0.129, "d_ndvi": 0.019, "ssim": 0.698, "damage_class": "none" }, "geometry": { "type": "Point", "coordinates": [ -118.592319134087006, 34.086224340486297 ] } },
{ "type": "Feature", "properties": { "DAMAGE": "No Damage", "STRUCTURETYPE": "Utility Misc Structure", "index_right": 4988, "score": 0.133, "d_ndvi": -0.077, "ssim": 0.78, "damage_class": "none" }, "geometry": { "type": "Point", "coordinates": [ -118.592134068562004, 34.086140920907702 ] } },
{ "type": "Feature", "properties": { "DAMAGE": "No Damage", "STRUCTURETYPE": "Utility Misc Structure", "index_right": 5094, "score": 0.078, "d_ndvi": -0.031, "ssim": 0.833, "damage_class": "none" }, "geometry": { "type": "Point", "coordinates": [ -118.592431985843007, 34.085618565734201 ] } },
{ "type": "Feature", "properties": { "DAMAGE": "No Damage", "STRUCTURETYPE": "Utility Misc Structure", "index_right": 5093, "score": 0.063, "d_ndvi": 0.0, "ssim": 0.824, "damage_class": "none" }, "geometry": { "type": "Point", "coordinates": [ -118.592981187960007, 34.0859427025473 ] } },
{ "type": "Feature", "properties": { "DAMAGE": "No Damage", "STRUCTURETYPE": "Single Family Residence Single Story", "index_right": 4987, "score": 0.129, "d_ndvi": 0.019, "ssim": 0.698, "damage_class": "none" }, "geometry": { "type": "Point", "coordinates": [ -118.592818324296999, 34.086137692029901 ] } },
{ "type": "Feature", "properties": { "DAMAGE": "No Damage", "STRUCTURETYPE": "Single Family Residence Multi Story", "index_right": 4875, "score": 0.072, "d_ndvi": -0.009, "ssim": 0.768, "damage_class": "none" }, "geometry": { "type": "Point", "coordinates": [ -118.595019668359001, 34.086849124671303 ] } },
{ "type": "Feature", "properties": { "DAMAGE": "No Damage", "STRUCTURETYPE": "Single Family Residence Multi Story", "index_right": 4983, "score": 0.033, "d_ndvi": 0.05, "ssim": 0.856, "damage_class": "none" }, "geometry": { "type": "Point", "coordinates": [ -118.594519362441005, 34.086059969778397 ] } },
{ "type": "Feature", "properties": { "DAMAGE": "No Damage", "STRUCTURETYPE": "Single Family Residence Multi Story", "index_right": 5092, "score": 0.074, "d_ndvi": 0.059, "ssim": 0.74, "damage_class": "none" }, "geometry": { "type": "Point", "coordinates": [ -118.593595694005003, 34.0860083731393 ] } },
{ "type": "Feature", "properties": { "DAMAGE": "No Damage", "STRUCTURETYPE": "Single Family Residence Multi Story", "index_right": 4879, "score": 0.05, "d_ndvi": 0.07, "ssim": 0.773, "damage_class": "none" }, "geometry": { "type": "Point", "coordinates": [ -118.592875014279997, 34.086887946757102 ] } },
{ "type": "Feature", "properties": { "DAMAGE": "No Damage", "STRUCTURETYPE": "Single Family Residence Multi Story", "index_right": 4666, "score": 0.103, "d_ndvi": 0.012, "ssim": 0.7, "damage_class": "none" }, "geometry": { "type": "Point", "coordinates": [ -118.592597221058, 34.087415358302302 ] } },
{ "type": "Feature", "properties": { "DAMAGE": "Affected (1-9%)", "STRUCTURETYPE": "Motor Home", "index_right": 9236, "score": 0.131, "d_ndvi": -0.018, "ssim": 0.719, "damage_class": "none" }, "geometry": { "type": "Point", "coordinates": [ -118.608910706567997, 34.068423480880398 ] } },
{ "type": "Feature", "properties": { "DAMAGE": "No Damage", "STRUCTURETYPE": "Utility Misc Structure", "index_right": 8489, "score": 0.083, "d_ndvi": 0.152, "ssim": 0.731, "damage_class": "none" }, "geometry": { "type": "Point", "coordinates": [ -118.607990965566003, 34.071441832346103 ] } },
{ "type": "Feature", "properties": { "DAMAGE": "No Damage", "STRUCTURETYPE": "Utility Misc Structure", "index_right": 8489, "score": 0.083, "d_ndvi": 0.152, "ssim": 0.731, "damage_class": "none" }, "geometry": { "type": "Point", "coordinates": [ -118.607677004373997, 34.071571564137599 ] } },
{ "type": "Feature", "properties": { "DAMAGE": "No Damage", "STRUCTURETYPE": "Mobile Home Single Wide", "index_right": 8485, "score": 0.311, "d_ndvi": -0.029, "ssim": 0.567, "damage_class": "severe" }, "geometry": { "type": "Point", "coordinates": [ -118.610097213971997, 34.071470355573098 ] } },
{ "type": "Feature", "properties": { "DAMAGE": "No Damage", "STRUCTURETYPE": "Single Family Residence Multi Story", "index_right": 8704, "score": 0.17, "d_ndvi": 0.022, "ssim": 0.627, "damage_class": "moderate" }, "geometry": { "type": "Point", "coordinates": [ -118.607417133441004, 34.070501004707502 ] } },
{ "type": "Feature", "properties": { "DAMAGE": "No Damage", "STRUCTURETYPE": "Utility Misc Structure", "index_right": 5411, "score": 0.122, "d_ndvi": 0.017, "ssim": 0.686, "damage_class": "none" }, "geometry": { "type": "Point", "coordinates": [ -118.594595756969994, 34.0844971866902 ] } },
{ "type": "Feature", "properties": { "DAMAGE": "No Damage", "STRUCTURETYPE": "Utility Misc Structure", "index_right": 9131, "score": 0.084, "d_ndvi": -0.017, "ssim": 0.801, "damage_class": "none" }, "geometry": { "type": "Point", "coordinates": [ -118.607814195084003, 34.0687859818334 ] } },
{ "type": "Feature", "properties": { "DAMAGE": "Major (26-50%)", "STRUCTURETYPE": "Single Family Residence Single Story", "index_right": 9022, "score": 0.135, "d_ndvi": -0.006, "ssim": 0.73, "damage_class": "none" }, "geometry": { "type": "Point", "coordinates": [ -118.608906266196001, 34.069063031962102 ] } },
{ "type": "Feature", "properties": { "DAMAGE": "No Damage", "STRUCTURETYPE": "Single Family Residence Single Story", "index_right": 5518, "score": 0.132, "d_ndvi": -0.015, "ssim": 0.72, "damage_class": "none" }, "geometry": { "type": "Point", "coordinates": [ -118.594665060197002, 34.0837970832889 ] } },
{ "type": "Feature", "properties": { "DAMAGE": "No Damage", "STRUCTURETYPE": "Single Family Residence Multi Story", "index_right": 5625, "score": 0.457, "d_ndvi": -0.166, "ssim": 0.444, "damage_class": "severe" }, "geometry": { "type": "Point", "coordinates": [ -118.594509646263006, 34.083679991484402 ] } },
{ "type": "Feature", "properties": { "DAMAGE": "No Damage", "STRUCTURETYPE": "Single Family Residence Single Story", "index_right": 5626, "score": 0.286, "d_ndvi": -0.033, "ssim": 0.514, "damage_class": "moderate" }, "geometry": { "type": "Point", "coordinates": [ -118.593851544977994, 34.083672631809598 ] } },
{ "type": "Feature", "properties": { "DAMAGE": "No Damage", "STRUCTURETYPE": "Utility Misc Structure", "index_right": 5626, "score": 0.286, "d_ndvi": -0.033, "ssim": 0.514, "damage_class": "moderate" }, "geometry": { "type": "Point", "coordinates": [ -118.593979944775, 34.083682010707697 ] } },
{ "type": "Feature", "properties": { "DAMAGE": "No Damage", "STRUCTURETYPE": "Infrastructure", "index_right": 7600, "score": 0.042, "d_ndvi": 0.053, "ssim": 0.888, "damage_class": "none" }, "geometry": { "type": "Point", "coordinates": [ -118.62554982508, 34.074561230670298 ] } },
{ "type": "Feature", "properties": { "DAMAGE": "No Damage", "STRUCTURETYPE": "Infrastructure", "index_right": 7601, "score": 0.065, "d_ndvi": -0.042, "ssim": 0.902, "damage_class": "none" }, "geometry": { "type": "Point", "coordinates": [ -118.625078705426006, 34.0746156089671 ] } },
{ "type": "Feature", "properties": { "DAMAGE": "No Damage", "STRUCTURETYPE": "Infrastructure", "index_right": 7705, "score": 0.108, "d_ndvi": -0.079, "ssim": 0.804, "damage_class": "none" }, "geometry": { "type": "Point", "coordinates": [ -118.626663780947993, 34.0743644867676 ] } },
{ "type": "Feature", "properties": { "DAMAGE": "No Damage", "STRUCTURETYPE": "Infrastructure", "index_right": 7706, "score": 0.094, "d_ndvi": -0.03, "ssim": 0.728, "damage_class": "none" }, "geometry": { "type": "Point", "coordinates": [ -118.625834386208993, 34.074330049041002 ] } },
{ "type": "Feature", "properties": { "DAMAGE": "Destroyed (>50%)", "STRUCTURETYPE": "Single Family Residence Single Story", "index_right": 5732, "score": 0.505, "d_ndvi": -0.31, "ssim": 0.433, "damage_class": "severe" }, "geometry": { "type": "Point", "coordinates": [ -118.594576374021003, 34.083297696749597 ] } },
{ "type": "Feature", "properties": { "DAMAGE": "No Damage", "STRUCTURETYPE": "Utility Misc Structure", "index_right": 5626, "score": 0.286, "d_ndvi": -0.033, "ssim": 0.514, "damage_class": "moderate" }, "geometry": { "type": "Point", "coordinates": [ -118.594355126153005, 34.083582552373699 ] } },
{ "type": "Feature", "properties": { "DAMAGE": "Destroyed (>50%)", "STRUCTURETYPE": "Multi Family Residence Single Story", "index_right": 11145, "score": 0.458, "d_ndvi": -0.409, "ssim": 0.613, "damage_class": "severe" }, "geometry": { "type": "Point", "coordinates": [ -118.617578787900001, 34.060284301705501 ] } },
{ "type": "Feature", "properties": { "DAMAGE": "Destroyed (>50%)", "STRUCTURETYPE": "Single Family Residence Single Story", "index_right": 11144, "score": 0.647, "d_ndvi": -0.507, "ssim": 0.419, "damage_class": "severe" }, "geometry": { "type": "Point", "coordinates": [ -118.618043315715994, 34.0601908134784 ] } },
{ "type": "Feature", "properties": { "DAMAGE": "Destroyed (>50%)", "STRUCTURETYPE": "Single Family Residence Multi Story", "index_right": 11037, "score": 0.569, "d_ndvi": -0.526, "ssim": 0.532, "damage_class": "severe" }, "geometry": { "type": "Point", "coordinates": [ -118.618370174918994, 34.060803622720499 ] } },
{ "type": "Feature", "properties": { "DAMAGE": "Destroyed (>50%)", "STRUCTURETYPE": "Single Family Residence Single Story", "index_right": 10928, "score": 0.829, "d_ndvi": -0.666, "ssim": 0.272, "damage_class": "severe" }, "geometry": { "type": "Point", "coordinates": [ -118.619192022012996, 34.060969102186903 ] } },
{ "type": "Feature", "properties": { "DAMAGE": "No Damage", "STRUCTURETYPE": "Motor Home", "index_right": 5402, "score": 0.395, "d_ndvi": -0.025, "ssim": 0.338, "damage_class": "severe" }, "geometry": { "type": "Point", "coordinates": [ -118.599455733387003, 34.084195416370697 ] } },
{ "type": "Feature", "properties": { "DAMAGE": "No Damage", "STRUCTURETYPE": "Utility Misc Structure", "index_right": 4983, "score": 0.033, "d_ndvi": 0.05, "ssim": 0.856, "damage_class": "none" }, "geometry": { "type": "Point", "coordinates": [ -118.594840596393993, 34.086083980298604 ] } },
{ "type": "Feature", "properties": { "DAMAGE": "No Damage", "STRUCTURETYPE": "Utility Misc Structure", "index_right": 4878, "score": 0.072, "d_ndvi": 0.042, "ssim": 0.729, "damage_class": "none" }, "geometry": { "type": "Point", "coordinates": [ -118.593420618644004, 34.086584423220302 ] } },
{ "type": "Feature", "properties": { "DAMAGE": "No Damage", "STRUCTURETYPE": "Single Family Residence Single Story", "index_right": 4986, "score": 0.082, "d_ndvi": -0.001, "ssim": 0.776, "damage_class": "none" }, "geometry": { "type": "Point", "coordinates": [ -118.593365502509997, 34.0863702349017 ] } },
{ "type": "Feature", "properties": { "DAMAGE": "No Damage", "STRUCTURETYPE": "Single Family Residence Single Story", "index_right": 4986, "score": 0.082, "d_ndvi": -0.001, "ssim": 0.776, "damage_class": "none" }, "geometry": { "type": "Point", "coordinates": [ -118.593224832624998, 34.086244121432799 ] } },
{ "type": "Feature", "properties": { "DAMAGE": "No Damage", "STRUCTURETYPE": "Single Family Residence Multi Story", "index_right": 5295, "score": 0.315, "d_ndvi": -0.045, "ssim": 0.442, "damage_class": "severe" }, "geometry": { "type": "Point", "coordinates": [ -118.599456283156002, 34.084872933342503 ] } },
{ "type": "Feature", "properties": { "DAMAGE": "No Damage", "STRUCTURETYPE": "Commercial Building Multi Story", "index_right": 5618, "score": 0.534, "d_ndvi": -0.091, "ssim": 0.211, "damage_class": "severe" }, "geometry": { "type": "Point", "coordinates": [ -118.598636998057003, 34.083498505972798 ] } },
{ "type": "Feature", "properties": { "DAMAGE": "No Damage", "STRUCTURETYPE": "Single Family Residence Single Story", "index_right": 5510, "score": 0.401, "d_ndvi": -0.014, "ssim": 0.354, "damage_class": "severe" }, "geometry": { "type": "Point", "coordinates": [ -118.599081264372003, 34.083979908104702 ] } },
{ "type": "Feature", "properties": { "DAMAGE": "No Damage", "STRUCTURETYPE": "Single Family Residence Single Story", "index_right": 5510, "score": 0.401, "d_ndvi": -0.014, "ssim": 0.354, "damage_class": "severe" }, "geometry": { "type": "Point", "coordinates": [ -118.599154199489007, 34.084055848898998 ] } },
{ "type": "Feature", "properties": { "DAMAGE": "No Damage", "STRUCTURETYPE": "Single Family Residence Multi Story", "index_right": 5295, "score": 0.315, "d_ndvi": -0.045, "ssim": 0.442, "damage_class": "severe" }, "geometry": { "type": "Point", "coordinates": [ -118.599595804993996, 34.085050807553898 ] } },
{ "type": "Feature", "properties": { "DAMAGE": "No Damage", "STRUCTURETYPE": "Commercial Building Single Story", "index_right": 5617, "score": 0.366, "d_ndvi": 0.204, "ssim": 0.356, "damage_class": "severe" }, "geometry": { "type": "Point", "coordinates": [ -118.598718917224005, 34.083590366642397 ] } },
{ "type": "Feature", "properties": { "DAMAGE": "No Damage", "STRUCTURETYPE": "Single Family Residence Single Story", "index_right": 5510, "score": 0.401, "d_ndvi": -0.014, "ssim": 0.354, "damage_class": "severe" }, "geometry": { "type": "Point", "coordinates": [ -118.599044992198003, 34.083904659162997 ] } },
{ "type": "Feature", "properties": { "DAMAGE": "No Damage", "STRUCTURETYPE": "Single Family Residence Single Story", "index_right": 5510, "score": 0.401, "d_ndvi": -0.014, "ssim": 0.354, "damage_class": "severe" }, "geometry": { "type": "Point", "coordinates": [ -118.599121643643997, 34.083952608506699 ] } },
{ "type": "Feature", "properties": { "DAMAGE": "No Damage", "STRUCTURETYPE": "Single Family Residence Multi Story", "index_right": 5627, "score": 0.247, "d_ndvi": 0.007, "ssim": 0.539, "damage_class": "moderate" }, "geometry": { "type": "Point", "coordinates": [ -118.593641385913998, 34.083548476261001 ] } },
{ "type": "Feature", "properties": { "DAMAGE": "No Damage", "STRUCTURETYPE": "Single Family Residence Multi Story", "index_right": 7436, "score": 0.634, "d_ndvi": -0.11, "ssim": 0.066, "damage_class": "severe" }, "geometry": { "type": "Point", "coordinates": [ -118.599036521084997, 34.075938559126598 ] } },
{ "type": "Feature", "properties": { "DAMAGE": "No Damage", "STRUCTURETYPE": "Single Family Residence Multi Story", "index_right": 7543, "score": 0.572, "d_ndvi": -0.05, "ssim": 0.083, "damage_class": "severe" }, "geometry": { "type": "Point", "coordinates": [ -118.599028374263, 34.075708149139402 ] } },
{ "type": "Feature", "properties": { "DAMAGE": "No Damage", "STRUCTURETYPE": "Single Family Residence Multi Story", "index_right": 7648, "score": 0.285, "d_ndvi": 0.073, "ssim": 0.416, "damage_class": "moderate" }, "geometry": { "type": "Point", "coordinates": [ -118.599903574997001, 34.074975342237302 ] } },
{ "type": "Feature", "properties": { "DAMAGE": "No Damage", "STRUCTURETYPE": "Single Family Residence Single Story", "index_right": 5734, "score": 0.257, "d_ndvi": -0.057, "ssim": 0.562, "damage_class": "moderate" }, "geometry": { "type": "Point", "coordinates": [ -118.593827736928006, 34.083232943647502 ] } },
{ "type": "Feature", "properties": { "DAMAGE": "No Damage", "STRUCTURETYPE": "Utility Misc Structure", "index_right": 5734, "score": 0.257, "d_ndvi": -0.057, "ssim": 0.562, "damage_class": "moderate" }, "geometry": { "type": "Point", "coordinates": [ -118.593542833539999, 34.083308347195299 ] } },
{ "type": "Feature", "properties": { "DAMAGE": "No Damage", "STRUCTURETYPE": "Utility Misc Structure", "index_right": 5627, "score": 0.247, "d_ndvi": 0.007, "ssim": 0.539, "damage_class": "moderate" }, "geometry": { "type": "Point", "coordinates": [ -118.593397073801, 34.083541914890901 ] } },
{ "type": "Feature", "properties": { "DAMAGE": "No Damage", "STRUCTURETYPE": "Single Family Residence Multi Story", "index_right": 7543, "score": 0.572, "d_ndvi": -0.05, "ssim": 0.083, "damage_class": "severe" }, "geometry": { "type": "Point", "coordinates": [ -118.598905694039999, 34.075350326047896 ] } },
{ "type": "Feature", "properties": { "DAMAGE": "No Damage", "STRUCTURETYPE": "Single Family Residence Multi Story", "index_right": 7542, "score": 0.357, "d_ndvi": 0.03, "ssim": 0.479, "damage_class": "severe" }, "geometry": { "type": "Point", "coordinates": [ -118.599143837422005, 34.075295320966397 ] } },
{ "type": "Feature", "properties": { "DAMAGE": "No Damage", "STRUCTURETYPE": "Single Family Residence Multi Story", "index_right": 7649, "score": 0.16, "d_ndvi": 0.047, "ssim": 0.653, "damage_class": "moderate" }, "geometry": { "type": "Point", "coordinates": [ -118.599420674835997, 34.0752739756457 ] } },
{ "type": "Feature", "properties": { "DAMAGE": "No Damage", "STRUCTURETYPE": "Single Family Residence Multi Story", "index_right": 7648, "score": 0.285, "d_ndvi": 0.073, "ssim": 0.416, "damage_class": "moderate" }, "geometry": { "type": "Point", "coordinates": [ -118.599781653850002, 34.075160739027801 ] } },
{ "type": "Feature", "properties": { "DAMAGE": "No Damage", "STRUCTURETYPE": "Single Family Residence Multi Story", "index_right": 7647, "score": 0.399, "d_ndvi": 0.068, "ssim": 0.33, "damage_class": "severe" }, "geometry": { "type": "Point", "coordinates": [ -118.600108577731007, 34.075030180108797 ] } },
{ "type": "Feature", "properties": { "DAMAGE": "No Damage", "STRUCTURETYPE": "Single Family Residence Multi Story", "index_right": 7755, "score": 0.541, "d_ndvi": 0.062, "ssim": 0.07, "damage_class": "severe" }, "geometry": { "type": "Point", "coordinates": [ -118.599924971969003, 34.074640293894099 ] } },
{ "type": "Feature", "properties": { "DAMAGE": "No Damage", "STRUCTURETYPE": "Single Family Residence Multi Story", "index_right": 5520, "score": 0.201, "d_ndvi": 0.029, "ssim": 0.604, "damage_class": "moderate" }, "geometry": { "type": "Point", "coordinates": [ -118.593586087421002, 34.083877762045198 ] } },
{ "type": "Feature", "properties": { "DAMAGE": "No Damage", "STRUCTURETYPE": "Utility Misc Structure", "index_right": 5520, "score": 0.201, "d_ndvi": 0.029, "ssim": 0.604, "damage_class": "moderate" }, "geometry": { "type": "Point", "coordinates": [ -118.593499017314002, 34.0839541017153 ] } },
{ "type": "Feature", "properties": { "DAMAGE": "No Damage", "STRUCTURETYPE": "Utility Misc Structure", "index_right": 4225, "score": 0.085, "d_ndvi": 0.009, "ssim": 0.719, "damage_class": "none" }, "geometry": { "type": "Point", "coordinates": [ -118.599745328674999, 34.089311836003397 ] } },
{ "type": "Feature", "properties": { "DAMAGE": "No Damage", "STRUCTURETYPE": "Utility Misc Structure", "index_right": 4225, "score": 0.085, "d_ndvi": 0.009, "ssim": 0.719, "damage_class": "none" }, "geometry": { "type": "Point", "coordinates": [ -118.599671050577001, 34.089287263225998 ] } },
{ "type": "Feature", "properties": { "DAMAGE": "No Damage", "STRUCTURETYPE": "Single Family Residence Multi Story", "index_right": 5188, "score": 0.393, "d_ndvi": -0.016, "ssim": 0.352, "damage_class": "severe" }, "geometry": { "type": "Point", "coordinates": [ -118.599751275521996, 34.085458070766997 ] } },
{ "type": "Feature", "properties": { "DAMAGE": "No Damage", "STRUCTURETYPE": "Single Family Residence Multi Story", "index_right": 5080, "score": 0.496, "d_ndvi": -0.019, "ssim": 0.265, "damage_class": "severe" }, "geometry": { "type": "Point", "coordinates": [ -118.600025937216998, 34.085752128163698 ] } },
{ "type": "Feature", "properties": { "DAMAGE": "No Damage", "STRUCTURETYPE": "Single Family Residence Multi Story", "index_right": 4973, "score": 0.492, "d_ndvi": -0.009, "ssim": 0.228, "damage_class": "severe" }, "geometry": { "type": "Point", "coordinates": [ -118.600029500833003, 34.085999751872897 ] } },
{ "type": "Feature", "properties": { "DAMAGE": "No Damage", "STRUCTURETYPE": "Single Family Residence Single Story", "index_right": 4973, "score": 0.492, "d_ndvi": -0.009, "ssim": 0.228, "damage_class": "severe" }, "geometry": { "type": "Point", "coordinates": [ -118.600151578286997, 34.085961743296899 ] } },
{ "type": "Feature", "properties": { "DAMAGE": "No Damage", "STRUCTURETYPE": "Utility Misc Structure", "index_right": 5080, "score": 0.496, "d_ndvi": -0.019, "ssim": 0.265, "damage_class": "severe" }, "geometry": { "type": "Point", "coordinates": [ -118.600032575767003, 34.085693359322001 ] } },
{ "type": "Feature", "properties": { "DAMAGE": "No Damage", "STRUCTURETYPE": "Single Family Residence Multi Story", "index_right": 5520, "score": 0.201, "d_ndvi": 0.029, "ssim": 0.604, "damage_class": "moderate" }, "geometry": { "type": "Point", "coordinates": [ -118.593586087421002, 34.083877762045198 ] } },
{ "type": "Feature", "properties": { "DAMAGE": "No Damage", "STRUCTURETYPE": "Single Family Residence Multi Story", "index_right": 5410, "score": 0.201, "d_ndvi": -0.003, "ssim": 0.597, "damage_class": "moderate" }, "geometry": { "type": "Point", "coordinates": [ -118.594951339803998, 34.084229318127598 ] } },
{ "type": "Feature", "properties": { "DAMAGE": "No Damage", "STRUCTURETYPE": "Single Family Residence Multi Story", "index_right": 5520, "score": 0.201, "d_ndvi": 0.029, "ssim": 0.604, "damage_class": "moderate" }, "geometry": { "type": "Point", "coordinates": [ -118.593375811575996, 34.083978155240601 ] } },
{ "type": "Feature", "properties": { "DAMAGE": "No Damage", "STRUCTURETYPE": "Single Family Residence Single Story", "index_right": 4973, "score": 0.492, "d_ndvi": -0.009, "ssim": 0.228, "damage_class": "severe" }, "geometry": { "type": "Point", "coordinates": [ -118.600067589400993, 34.086237169682001 ] } },
{ "type": "Feature", "properties": { "DAMAGE": "No Damage", "STRUCTURETYPE": "Single Family Residence Multi Story", "index_right": 9351, "score": 0.227, "d_ndvi": -0.038, "ssim": 0.581, "damage_class": "moderate" }, "geometry": { "type": "Point", "coordinates": [ -118.604530336189995, 34.067920545669502 ] } },
{ "type": "Feature", "properties": { "DAMAGE": "Destroyed (>50%)", "STRUCTURETYPE": "Single Family Residence Single Story", "index_right": 9247, "score": 0.305, "d_ndvi": -0.023, "ssim": 0.468, "damage_class": "severe" }, "geometry": { "type": "Point", "coordinates": [ -118.602669981830005, 34.068430625336497 ] } },
{ "type": "Feature", "properties": { "DAMAGE": "No Damage", "STRUCTURETYPE": "Single Family Residence Multi Story", "index_right": 4973, "score": 0.492, "d_ndvi": -0.009, "ssim": 0.228, "damage_class": "severe" }, "geometry": { "type": "Point", "coordinates": [ -118.599914780581997, 34.0862772062235 ] } },
{ "type": "Feature", "properties": { "DAMAGE": "No Damage", "STRUCTURETYPE": "Single Family Residence Multi Story", "index_right": 4544, "score": 0.224, "d_ndvi": -0.004, "ssim": 0.554, "damage_class": "moderate" }, "geometry": { "type": "Point", "coordinates": [ -118.600846036188997, 34.087728589863303 ] } },
{ "type": "Feature", "properties": { "DAMAGE": "No Damage", "STRUCTURETYPE": "Utility Misc Structure", "index_right": 4651, "score": 0.339, "d_ndvi": 0.047, "ssim": 0.399, "damage_class": "severe" }, "geometry": { "type": "Point", "coordinates": [ -118.600811919970994, 34.0876289569863 ] } },
{ "type": "Feature", "properties": { "DAMAGE": "No Damage", "STRUCTURETYPE": "Single Family Residence Single Story", "index_right": 4543, "score": 0.281, "d_ndvi": 0.117, "ssim": 0.474, "damage_class": "moderate" }, "geometry": { "type": "Point", "coordinates": [ -118.600924267772001, 34.087930741851302 ] } },
{ "type": "Feature", "properties": { "DAMAGE": "No Damage", "STRUCTURETYPE": "Single Family Residence Multi Story", "index_right": 4651, "score": 0.339, "d_ndvi": 0.047, "ssim": 0.399, "damage_class": "severe" }, "geometry": { "type": "Point", "coordinates": [ -118.600599218675001, 34.087325753037398 ] } },
{ "type": "Feature", "properties": { "DAMAGE": "No Damage", "STRUCTURETYPE": "Utility Misc Structure", "index_right": 5518, "score": 0.132, "d_ndvi": -0.015, "ssim": 0.72, "damage_class": "none" }, "geometry": { "type": "Point", "coordinates": [ -118.594505708048999, 34.084168619041201 ] } },
{ "type": "Feature", "properties": { "DAMAGE": "No Damage", "STRUCTURETYPE": "Single Family Residence Multi Story", "index_right": 4866, "score": 0.321, "d_ndvi": 0.012, "ssim": 0.43, "damage_class": "severe" }, "geometry": { "type": "Point", "coordinates": [ -118.600306480181999, 34.086550627307197 ] } },
{ "type": "Feature", "properties": { "DAMAGE": "No Damage", "STRUCTURETYPE": "Single Family Residence Multi Story", "index_right": 4758, "score": 0.393, "d_ndvi": 0.119, "ssim": 0.31, "damage_class": "severe" }, "geometry": { "type": "Point", "coordinates": [ -118.600492841976006, 34.0869585305635 ] } },
{ "type": "Feature", "properties": { "DAMAGE": "No Damage", "STRUCTURETYPE": "Single Family Residence Multi Story", "index_right": 4973, "score": 0.492, "d_ndvi": -0.009, "ssim": 0.228, "damage_class": "severe" }, "geometry": { "type": "Point", "coordinates": [ -118.600168525005003, 34.086126143210699 ] } },
{ "type": "Feature", "properties": { "DAMAGE": "No Damage", "STRUCTURETYPE": "Single Family Residence Multi Story", "index_right": 4865, "score": 0.493, "d_ndvi": 0.101, "ssim": 0.133, "damage_class": "severe" }, "geometry": { "type": "Point", "coordinates": [ -118.600417069081004, 34.086667169063297 ] } },
{ "type": "Feature", "properties": { "DAMAGE": "No Damage", "STRUCTURETYPE": "Single Family Residence Multi Story", "index_right": 4865, "score": 0.493, "d_ndvi": 0.101, "ssim": 0.133, "damage_class": "severe" }, "geometry": { "type": "Point", "coordinates": [ -118.600419817925996, 34.0867280895514 ] } },
{ "type": "Feature", "properties": { "DAMAGE": "No Damage", "STRUCTURETYPE": "Single Family Residence Multi Story", "index_right": 4648, "score": 0.378, "d_ndvi": 0.023, "ssim": 0.353, "damage_class": "severe" }, "geometry": { "type": "Point", "coordinates": [ -118.602200110834005, 34.0874486427631 ] } },
{ "type": "Feature", "properties": { "DAMAGE": "No Damage", "STRUCTURETYPE": "Single Family Residence Multi Story", "index_right": 9248, "score": 0.375, "d_ndvi": -0.091, "ssim": 0.479, "damage_class": "severe" }, "geometry": { "type": "Point", "coordinates": [ -118.602274428458003, 34.068308239327799 ] } },
{ "type": "Feature", "properties": { "DAMAGE": "No Damage", "STRUCTURETYPE": "Utility Misc Structure", "index_right": 9248, "score": 0.375, "d_ndvi": -0.091, "ssim": 0.479, "damage_class": "severe" }, "geometry": { "type": "Point", "coordinates": [ -118.602143784668996, 34.068401885286399 ] } },
{ "type": "Feature", "properties": { "DAMAGE": "No Damage", "STRUCTURETYPE": "Utility Misc Structure", "index_right": 9248, "score": 0.375, "d_ndvi": -0.091, "ssim": 0.479, "damage_class": "severe" }, "geometry": { "type": "Point", "coordinates": [ -118.602220949054001, 34.068456851684097 ] } },
{ "type": "Feature", "properties": { "DAMAGE": "No Damage", "STRUCTURETYPE": "Utility Misc Structure", "index_right": 9248, "score": 0.375, "d_ndvi": -0.091, "ssim": 0.479, "damage_class": "severe" }, "geometry": { "type": "Point", "coordinates": [ -118.602353720951001, 34.068517210798902 ] } },
{ "type": "Feature", "properties": { "DAMAGE": "No Damage", "STRUCTURETYPE": "Single Family Residence Multi Story", "index_right": 9356, "score": 0.102, "d_ndvi": 0.012, "ssim": 0.762, "damage_class": "none" }, "geometry": { "type": "Point", "coordinates": [ -118.602097066884994, 34.068093953440702 ] } },
{ "type": "Feature", "properties": { "DAMAGE": "No Damage", "STRUCTURETYPE": "Single Family Residence Single Story", "index_right": 4970, "score": 0.491, "d_ndvi": 0.058, "ssim": 0.094, "damage_class": "severe" }, "geometry": { "type": "Point", "coordinates": [ -118.601473826520007, 34.086018692172097 ] } },
{ "type": "Feature", "properties": { "DAMAGE": "No Damage", "STRUCTURETYPE": "Utility Misc Structure", "index_right": 4755, "score": 0.391, "d_ndvi": 0.066, "ssim": 0.334, "damage_class": "severe" }, "geometry": { "type": "Point", "coordinates": [ -118.602300999725003, 34.087144500019598 ] } },
{ "type": "Feature", "properties": { "DAMAGE": "No Damage", "STRUCTURETYPE": "Utility Misc Structure", "index_right": 4755, "score": 0.391, "d_ndvi": 0.066, "ssim": 0.334, "damage_class": "severe" }, "geometry": { "type": "Point", "coordinates": [ -118.602401880532, 34.087190685059497 ] } },
{ "type": "Feature", "properties": { "DAMAGE": "No Damage", "STRUCTURETYPE": "Single Family Residence Multi Story", "index_right": 4648, "score": 0.378, "d_ndvi": 0.023, "ssim": 0.353, "damage_class": "severe" }, "geometry": { "type": "Point", "coordinates": [ -118.602126269318006, 34.0872803269218 ] } },
{ "type": "Feature", "properties": { "DAMAGE": "No Damage", "STRUCTURETYPE": "Mobile Home Double Wide", "index_right": 4753, "score": 0.28, "d_ndvi": 0.148, "ssim": 0.452, "damage_class": "moderate" }, "geometry": { "type": "Point", "coordinates": [ -118.603479281256, 34.087194666796599 ] } },
{ "type": "Feature", "properties": { "DAMAGE": "No Damage", "STRUCTURETYPE": "Mixed Commercial/Residential", "index_right": 5509, "score": 0.128, "d_ndvi": 0.179, "ssim": 0.649, "damage_class": "none" }, "geometry": { "type": "Point", "coordinates": [ -118.599530443573997, 34.083729736232797 ] } },
{ "type": "Feature", "properties": { "DAMAGE": "No Damage", "STRUCTURETYPE": "Single Family Residence Multi Story", "index_right": 5616, "score": 0.372, "d_ndvi": 0.009, "ssim": 0.415, "damage_class": "severe" }, "geometry": { "type": "Point", "coordinates": [ -118.599442500303994, 34.083565499811002 ] } },
{ "type": "Feature", "properties": { "DAMAGE": "No Damage", "STRUCTURETYPE": "Single Family Residence Multi Story", "index_right": 5617, "score": 0.366, "d_ndvi": 0.204, "ssim": 0.356, "damage_class": "severe" }, "geometry": { "type": "Point", "coordinates": [ -118.599090659851996, 34.0835289714542 ] } },
{ "type": "Feature", "properties": { "DAMAGE": "No Damage", "STRUCTURETYPE": "Single Family Residence Multi Story", "index_right": 5617, "score": 0.366, "d_ndvi": 0.204, "ssim": 0.356, "damage_class": "severe" }, "geometry": { "type": "Point", "coordinates": [ -118.599108795041005, 34.0833216009162 ] } },
{ "type": "Feature", "properties": { "DAMAGE": "No Damage", "STRUCTURETYPE": "Single Family Residence Multi Story", "index_right": 5616, "score": 0.372, "d_ndvi": 0.009, "ssim": 0.415, "damage_class": "severe" }, "geometry": { "type": "Point", "coordinates": [ -118.599222042953997, 34.083609338728699 ] } },
{ "type": "Feature", "properties": { "DAMAGE": "No Damage", "STRUCTURETYPE": "Utility Misc Structure", "index_right": 5616, "score": 0.372, "d_ndvi": 0.009, "ssim": 0.415, "damage_class": "severe" }, "geometry": { "type": "Point", "coordinates": [ -118.599297973950996, 34.083531678140801 ] } },
{ "type": "Feature", "properties": { "DAMAGE": "No Damage", "STRUCTURETYPE": "Mobile Home Double Wide", "index_right": 4434, "score": 0.269, "d_ndvi": 0.211, "ssim": 0.471, "damage_class": "moderate" }, "geometry": { "type": "Point", "coordinates": [ -118.602446877144004, 34.088276249803798 ] } },
{ "type": "Feature", "properties": { "DAMAGE": "No Damage", "STRUCTURETYPE": "Single Family Residence Multi Story", "index_right": 9357, "score": 0.201, "d_ndvi": 0.067, "ssim": 0.614, "damage_class": "moderate" }, "geometry": { "type": "Point", "coordinates": [ -118.601250090318999, 34.067826577709603 ] } },
{ "type": "Feature", "properties": { "DAMAGE": "No Damage", "STRUCTURETYPE": "Utility Misc Structure", "index_right": 9358, "score": 0.234, "d_ndvi": 0.085, "ssim": 0.567, "damage_class": "moderate" }, "geometry": { "type": "Point", "coordinates": [ -118.600969049686995, 34.0679483683572 ] } },
{ "type": "Feature", "properties": { "DAMAGE": "Affected (1-9%)", "STRUCTURETYPE": "Utility Misc Structure", "index_right": 9021, "score": 0.194, "d_ndvi": -0.113, "ssim": 0.754, "damage_class": "moderate" }, "geometry": { "type": "Point", "coordinates": [ -118.609503723114997, 34.069164943629097 ] } },
{ "type": "Feature", "properties": { "DAMAGE": "No Damage", "STRUCTURETYPE": "Single Family Residence Multi Story", "index_right": 8910, "score": 0.273, "d_ndvi": -0.081, "ssim": 0.601, "damage_class": "moderate" }, "geometry": { "type": "Point", "coordinates": [ -118.611403234139004, 34.0693442557465 ] } },
{ "type": "Feature", "properties": { "DAMAGE": "Destroyed (>50%)", "STRUCTURETYPE": "Utility Misc Structure", "index_right": 8910, "score": 0.273, "d_ndvi": -0.081, "ssim": 0.601, "damage_class": "moderate" }, "geometry": { "type": "Point", "coordinates": [ -118.611214896052005, 34.069674769498803 ] } },
{ "type": "Feature", "properties": { "DAMAGE": "Destroyed (>50%)", "STRUCTURETYPE": "Utility Misc Structure", "index_right": 8911, "score": 0.335, "d_ndvi": -0.198, "ssim": 0.591, "damage_class": "severe" }, "geometry": { "type": "Point", "coordinates": [ -118.611085394021998, 34.069771843618497 ] } },
{ "type": "Feature", "properties": { "DAMAGE": "No Damage", "STRUCTURETYPE": "Utility Misc Structure", "index_right": 9017, "score": 0.11, "d_ndvi": 0.021, "ssim": 0.745, "damage_class": "none" }, "geometry": { "type": "Point", "coordinates": [ -118.611564040659999, 34.069162007291297 ] } },
{ "type": "Feature", "properties": { "DAMAGE": "Destroyed (>50%)", "STRUCTURETYPE": "Single Family Residence Multi Story", "index_right": 8906, "score": 0.406, "d_ndvi": -0.188, "ssim": 0.528, "damage_class": "severe" }, "geometry": { "type": "Point", "coordinates": [ -118.613539617428998, 34.069436254549302 ] } },
{ "type": "Feature", "properties": { "DAMAGE": "Destroyed (>50%)", "STRUCTURETYPE": "Utility Misc Structure", "index_right": 8906, "score": 0.406, "d_ndvi": -0.188, "ssim": 0.528, "damage_class": "severe" }, "geometry": { "type": "Point", "coordinates": [ -118.613788385185998, 34.069622600317501 ] } },
{ "type": "Feature", "properties": { "DAMAGE": "Destroyed (>50%)", "STRUCTURETYPE": "Mobile Home Single Wide", "index_right": 9015, "score": 0.356, "d_ndvi": -0.288, "ssim": 0.62, "damage_class": "severe" }, "geometry": { "type": "Point", "coordinates": [ -118.612284033172998, 34.069319287995498 ] } },
{ "type": "Feature", "properties": { "DAMAGE": "No Damage", "STRUCTURETYPE": "Single Family Residence Multi Story", "index_right": 5293, "score": 0.506, "d_ndvi": 0.082, "ssim": 0.18, "damage_class": "severe" }, "geometry": { "type": "Point", "coordinates": [ -118.600420865361997, 34.084894820846102 ] } },
{ "type": "Feature", "properties": { "DAMAGE": "No Damage", "STRUCTURETYPE": "Single Family Residence Multi Story", "index_right": 5293, "score": 0.506, "d_ndvi": 0.082, "ssim": 0.18, "damage_class": "severe" }, "geometry": { "type": "Point", "coordinates": [ -118.600351223469005, 34.085019874649703 ] } },
{ "type": "Feature", "properties": { "DAMAGE": "No Damage", "STRUCTURETYPE": "Single Family Residence Multi Story", "index_right": 10397, "score": 0.162, "d_ndvi": 0.0, "ssim": 0.681, "damage_class": "moderate" }, "geometry": { "type": "Point", "coordinates": [ -118.617005379779002, 34.063076073069702 ] } },
{ "type": "Feature", "properties": { "DAMAGE": "Affected (1-9%)", "STRUCTURETYPE": "Utility Misc Structure", "index_right": 10505, "score": 0.568, "d_ndvi": -0.393, "ssim": 0.464, "damage_class": "severe" }, "geometry": { "type": "Point", "coordinates": [ -118.616813416989004, 34.062893854294899 ] } },
{ "type": "Feature", "properties": { "DAMAGE": "Destroyed (>50%)", "STRUCTURETYPE": "Utility Misc Structure", "index_right": 10292, "score": 0.311, "d_ndvi": -0.163, "ssim": 0.581, "damage_class": "severe" }, "geometry": { "type": "Point", "coordinates": [ -118.616384999651004, 34.0635169999982 ] } },
{ "type": "Feature", "properties": { "DAMAGE": "Affected (1-9%)", "STRUCTURETYPE": "Single Family Residence Single Story", "index_right": 10292, "score": 0.311, "d_ndvi": -0.163, "ssim": 0.581, "damage_class": "severe" }, "geometry": { "type": "Point", "coordinates": [ -118.616170685878004, 34.063947610353601 ] } },
{ "type": "Feature", "properties": { "DAMAGE": "No Damage", "STRUCTURETYPE": "Single Family Residence Multi Story", "index_right": 8039, "score": 0.099, "d_ndvi": -0.039, "ssim": 0.761, "damage_class": "none" }, "geometry": { "type": "Point", "coordinates": [ -118.619558843668997, 34.072897261423698 ] } },
{ "type": "Feature", "properties": { "DAMAGE": "No Damage", "STRUCTURETYPE": "Single Family Residence Multi Story", "index_right": 7827, "score": 0.113, "d_ndvi": -0.008, "ssim": 0.757, "damage_class": "none" }, "geometry": { "type": "Point", "coordinates": [ -118.618596432691007, 34.073758418831602 ] } },
{ "type": "Feature", "properties": { "DAMAGE": "No Damage", "STRUCTURETYPE": "Motor Home", "index_right": 7826, "score": 0.074, "d_ndvi": -0.015, "ssim": 0.779, "damage_class": "none" }, "geometry": { "type": "Point", "coordinates": [ -118.619008036262997, 34.074042564686501 ] } },
{ "type": "Feature", "properties": { "DAMAGE": "No Damage", "STRUCTURETYPE": "Single Family Residence Single Story", "index_right": 8047, "score": 0.379, "d_ndvi": -0.003, "ssim": 0.423, "damage_class": "severe" }, "geometry": { "type": "Point", "coordinates": [ -118.615540180837996, 34.073212605596503 ] } },
{ "type": "Feature", "properties": { "DAMAGE": "Destroyed (>50%)", "STRUCTURETYPE": "Single Family Residence Single Story", "index_right": 8254, "score": 0.483, "d_ndvi": -0.458, "ssim": 0.585, "damage_class": "severe" }, "geometry": { "type": "Point", "coordinates": [ -118.618836504756004, 34.0721099580649 ] } },
{ "type": "Feature", "properties": { "DAMAGE": "Destroyed (>50%)", "STRUCTURETYPE": "Single Family Residence Single Story", "index_right": 8254, "score": 0.483, "d_ndvi": -0.458, "ssim": 0.585, "damage_class": "severe" }, "geometry": { "type": "Point", "coordinates": [ -118.619005864136, 34.072064303532102 ] } },
{ "type": "Feature", "properties": { "DAMAGE": "Destroyed (>50%)", "STRUCTURETYPE": "Utility Misc Structure", "index_right": 8791, "score": 0.539, "d_ndvi": -0.364, "ssim": 0.49, "damage_class": "severe" }, "geometry": { "type": "Point", "coordinates": [ -118.617888415619007, 34.069949709364003 ] } },
{ "type": "Feature", "properties": { "DAMAGE": "No Damage", "STRUCTURETYPE": "Single Family Residence Multi Story", "index_right": 5187, "score": 0.495, "d_ndvi": 0.037, "ssim": 0.224, "damage_class": "severe" }, "geometry": { "type": "Point", "coordinates": [ -118.600235687546999, 34.085150064774098 ] } },
{ "type": "Feature", "properties": { "DAMAGE": "No Damage", "STRUCTURETYPE": "Single Family Residence Single Story", "index_right": 5186, "score": 0.355, "d_ndvi": -0.035, "ssim": 0.427, "damage_class": "severe" }, "geometry": { "type": "Point", "coordinates": [ -118.600311195439005, 34.085263096831 ] } },
{ "type": "Feature", "properties": { "DAMAGE": "No Damage", "STRUCTURETYPE": "Utility Misc Structure", "index_right": 8133, "score": 0.214, "d_ndvi": -0.133, "ssim": 0.686, "damage_class": "moderate" }, "geometry": { "type": "Point", "coordinates": [ -118.626386228474999, 34.072264270278303 ] } },
{ "type": "Feature", "properties": { "DAMAGE": "No Damage", "STRUCTURETYPE": "Single Family Residence Single Story", "index_right": 8241, "score": 0.211, "d_ndvi": -0.12, "ssim": 0.696, "damage_class": "moderate" }, "geometry": { "type": "Point", "coordinates": [ -118.626127362755994, 34.072234607352598 ] } },
{ "type": "Feature", "properties": { "DAMAGE": "No Damage", "STRUCTURETYPE": "Single Family Residence Multi Story", "index_right": 8027, "score": 0.167, "d_ndvi": -0.084, "ssim": 0.747, "damage_class": "moderate" }, "geometry": { "type": "Point", "coordinates": [ -118.625726096098006, 34.072882520108699 ] } },
{ "type": "Feature", "properties": { "DAMAGE": "No Damage", "STRUCTURETYPE": "Utility Misc Structure", "index_right": 8027, "score": 0.167, "d_ndvi": -0.084, "ssim": 0.747, "damage_class": "moderate" }, "geometry": { "type": "Point", "coordinates": [ -118.625749662500994, 34.072754527795198 ] } },
{ "type": "Feature", "properties": { "DAMAGE": "Destroyed (>50%)", "STRUCTURETYPE": "Utility Misc Structure", "index_right": 8349, "score": 0.551, "d_ndvi": -0.281, "ssim": 0.372, "damage_class": "severe" }, "geometry": { "type": "Point", "coordinates": [ -118.625414061792995, 34.071724349678703 ] } },
{ "type": "Feature", "properties": { "DAMAGE": "Destroyed (>50%)", "STRUCTURETYPE": "Single Family Residence Multi Story", "index_right": 8349, "score": 0.551, "d_ndvi": -0.281, "ssim": 0.372, "damage_class": "severe" }, "geometry": { "type": "Point", "coordinates": [ -118.625643413362994, 34.071726017224101 ] } },
{ "type": "Feature", "properties": { "DAMAGE": "Destroyed (>50%)", "STRUCTURETYPE": "Single Family Residence Multi Story", "index_right": 8137, "score": 0.598, "d_ndvi": -0.442, "ssim": 0.415, "damage_class": "severe" }, "geometry": { "type": "Point", "coordinates": [ -118.624258497756998, 34.072582720449297 ] } },
{ "type": "Feature", "properties": { "DAMAGE": "Destroyed (>50%)", "STRUCTURETYPE": "Single Family Residence Single Story", "index_right": 11039, "score": 0.473, "d_ndvi": -0.244, "ssim": 0.483, "damage_class": "severe" }, "geometry": { "type": "Point", "coordinates": [ -118.616922948571997, 34.060475307728403 ] } },
{ "type": "Feature", "properties": { "DAMAGE": "Destroyed (>50%)", "STRUCTURETYPE": "Single Family Residence Single Story", "index_right": 11040, "score": 0.335, "d_ndvi": -0.205, "ssim": 0.605, "damage_class": "severe" }, "geometry": { "type": "Point", "coordinates": [ -118.616765663446998, 34.060459527572299 ] } },
{ "type": "Feature", "properties": { "DAMAGE": "Destroyed (>50%)", "STRUCTURETYPE": "Utility Misc Structure", "index_right": 11040, "score": 0.335, "d_ndvi": -0.205, "ssim": 0.605, "damage_class": "severe" }, "geometry": { "type": "Point", "coordinates": [ -118.616390323965007, 34.060636260092203 ] } },
{ "type": "Feature", "properties": { "DAMAGE": "No Damage", "STRUCTURETYPE": "Infrastructure", "index_right": 4463, "score": 0.13, "d_ndvi": -0.073, "ssim": 0.806, "damage_class": "none" }, "geometry": { "type": "Point", "coordinates": [ -118.586496007378997, 34.088588757282999 ] } },
{ "type": "Feature", "properties": { "DAMAGE": "No Damage", "STRUCTURETYPE": "Utility Misc Structure", "index_right": 8915, "score": 0.114, "d_ndvi": -0.01, "ssim": 0.789, "damage_class": "none" }, "geometry": { "type": "Point", "coordinates": [ -118.608974484257999, 34.069779470897899 ] } },
{ "type": "Feature", "properties": { "DAMAGE": "Affected (1-9%)", "STRUCTURETYPE": "Single Family Residence Multi Story", "index_right": 8914, "score": 0.469, "d_ndvi": -0.244, "ssim": 0.51, "damage_class": "severe" }, "geometry": { "type": "Point", "coordinates": [ -118.609166710254001, 34.069808694161701 ] } },
{ "type": "Feature", "properties": { "DAMAGE": "No Damage", "STRUCTURETYPE": "Single Family Residence Multi Story", "index_right": 9234, "score": 0.315, "d_ndvi": -0.097, "ssim": 0.535, "damage_class": "severe" }, "geometry": { "type": "Point", "coordinates": [ -118.609664977894994, 34.068415845293302 ] } },
{ "type": "Feature", "properties": { "DAMAGE": "No Damage", "STRUCTURETYPE": "Single Family Residence Multi Story", "index_right": 9020, "score": 0.183, "d_ndvi": -0.148, "ssim": 0.799, "damage_class": "moderate" }, "geometry": { "type": "Point", "coordinates": [ -118.609739138313003, 34.0690453804269 ] } },
{ "type": "Feature", "properties": { "DAMAGE": "No Damage", "STRUCTURETYPE": "Single Family Residence Multi Story", "index_right": 9018, "score": 0.263, "d_ndvi": -0.085, "ssim": 0.639, "damage_class": "moderate" }, "geometry": { "type": "Point", "coordinates": [ -118.611028708530995, 34.069079274853799 ] } },
{ "type": "Feature", "properties": { "DAMAGE": "No Damage", "STRUCTURETYPE": "Utility Misc Structure", "index_right": 9018, "score": 0.263, "d_ndvi": -0.085, "ssim": 0.639, "damage_class": "moderate" }, "geometry": { "type": "Point", "coordinates": [ -118.610773673227996, 34.069024551446802 ] } },
{ "type": "Feature", "properties": { "DAMAGE": "No Damage", "STRUCTURETYPE": "Single Family Residence Multi Story", "index_right": 9014, "score": 0.299, "d_ndvi": -0.033, "ssim": 0.537, "damage_class": "moderate" }, "geometry": { "type": "Point", "coordinates": [ -118.612857979384998, 34.068911258850498 ] } },
{ "type": "Feature", "properties": { "DAMAGE": "No Damage", "STRUCTURETYPE": "Single Family Residence Single Story", "index_right": 9121, "score": 0.339, "d_ndvi": -0.128, "ssim": 0.559, "damage_class": "severe" }, "geometry": { "type": "Point", "coordinates": [ -118.613050451519001, 34.068856405111802 ] } },
{ "type": "Feature", "properties": { "DAMAGE": "No Damage", "STRUCTURETYPE": "Utility Misc Structure", "index_right": 9014, "score": 0.299, "d_ndvi": -0.033, "ssim": 0.537, "damage_class": "moderate" }, "geometry": { "type": "Point", "coordinates": [ -118.613068850812994, 34.0691070368864 ] } },
{ "type": "Feature", "properties": { "DAMAGE": "No Damage", "STRUCTURETYPE": "Utility Misc Structure", "index_right": 9013, "score": 0.357, "d_ndvi": -0.194, "ssim": 0.581, "damage_class": "severe" }, "geometry": { "type": "Point", "coordinates": [ -118.613738802674007, 34.069132053812503 ] } },
{ "type": "Feature", "properties": { "DAMAGE": "Destroyed (>50%)", "STRUCTURETYPE": "Single Family Residence Multi Story", "index_right": 9119, "score": 0.501, "d_ndvi": -0.201, "ssim": 0.387, "damage_class": "severe" }, "geometry": { "type": "Point", "coordinates": [ -118.614126799418003, 34.068465933124301 ] } },
{ "type": "Feature", "properties": { "DAMAGE": "No Damage", "STRUCTURETYPE": "Single Family Residence Multi Story", "index_right": 9118, "score": 0.362, "d_ndvi": -0.138, "ssim": 0.51, "damage_class": "severe" }, "geometry": { "type": "Point", "coordinates": [ -118.614730393626999, 34.068600582253303 ] } },
{ "type": "Feature", "properties": { "DAMAGE": "Destroyed (>50%)", "STRUCTURETYPE": "Utility Misc Structure", "index_right": 9441, "score": 0.572, "d_ndvi": -0.429, "ssim": 0.464, "damage_class": "severe" }, "geometry": { "type": "Point", "coordinates": [ -118.613481037390997, 34.067537613506097 ] } },
{ "type": "Feature", "properties": { "DAMAGE": "No Damage", "STRUCTURETYPE": "Single Family Residence Single Story", "index_right": 7331, "score": 0.429, "d_ndvi": -0.045, "ssim": 0.349, "damage_class": "severe" }, "geometry": { "type": "Point", "coordinates": [ -118.59784121109, 34.076481490143202 ] } },
{ "type": "Feature", "properties": { "DAMAGE": "No Damage", "STRUCTURETYPE": "Single Family Residence Multi Story", "index_right": 8181, "score": 0.243, "d_ndvi": -0.015, "ssim": 0.539, "damage_class": "moderate" }, "geometry": { "type": "Point", "coordinates": [ -118.601113138561004, 34.072778347133998 ] } },
{ "type": "Feature", "properties": { "DAMAGE": "No Damage", "STRUCTURETYPE": "Utility Misc Structure", "index_right": 7330, "score": 0.345, "d_ndvi": 0.01, "ssim": 0.441, "damage_class": "severe" }, "geometry": { "type": "Point", "coordinates": [ -118.598145645648003, 34.076330696865497 ] } },
{ "type": "Feature", "properties": { "DAMAGE": "No Damage", "STRUCTURETYPE": "Single Family Residence Multi Story", "index_right": 7330, "score": 0.345, "d_ndvi": 0.01, "ssim": 0.441, "damage_class": "severe" }, "geometry": { "type": "Point", "coordinates": [ -118.598012756071, 34.076380305302401 ] } },
{ "type": "Feature", "properties": { "DAMAGE": "Destroyed (>50%)", "STRUCTURETYPE": "Single Family Residence Single Story", "index_right": 9137, "score": 0.253, "d_ndvi": 0.038, "ssim": 0.543, "damage_class": "moderate" }, "geometry": { "type": "Point", "coordinates": [ -118.604311402381995, 34.0686615291321 ] } },
{ "type": "Feature", "properties": { "DAMAGE": "No Damage", "STRUCTURETYPE": "Single Family Residence Multi Story", "index_right": 8038, "score": 0.19, "d_ndvi": -0.025, "ssim": 0.625, "damage_class": "moderate" }, "geometry": { "type": "Point", "coordinates": [ -118.619953595743993, 34.072817450242503 ] } },
{ "type": "Feature", "properties": { "DAMAGE": "No Damage", "STRUCTURETYPE": "Single Family Residence Multi Story", "index_right": 7935, "score": 0.142, "d_ndvi": -0.087, "ssim": 0.745, "damage_class": "none" }, "geometry": { "type": "Point", "coordinates": [ -118.618173217495993, 34.073594807455301 ] } },
{ "type": "Feature", "properties": { "DAMAGE": "No Damage", "STRUCTURETYPE": "Single Family Residence Multi Story", "index_right": 8043, "score": 0.17, "d_ndvi": -0.118, "ssim": 0.747, "damage_class": "moderate" }, "geometry": { "type": "Point", "coordinates": [ -118.617212471995003, 34.073184068074198 ] } },
{ "type": "Feature", "properties": { "DAMAGE": "No Damage", "STRUCTURETYPE": "Single Family Residence Multi Story", "index_right": 8043, "score": 0.17, "d_ndvi": -0.118, "ssim": 0.747, "damage_class": "moderate" }, "geometry": { "type": "Point", "coordinates": [ -118.617477298034999, 34.073195562851303 ] } },
{ "type": "Feature", "properties": { "DAMAGE": "No Damage", "STRUCTURETYPE": "Single Family Residence Multi Story", "index_right": 8154, "score": 0.3, "d_ndvi": -0.024, "ssim": 0.533, "damage_class": "severe" }, "geometry": { "type": "Point", "coordinates": [ -118.615218378251996, 34.072821171477102 ] } },
{ "type": "Feature", "properties": { "DAMAGE": "No Damage", "STRUCTURETYPE": "Single Family Residence Multi Story", "index_right": 8154, "score": 0.3, "d_ndvi": -0.024, "ssim": 0.533, "damage_class": "severe" }, "geometry": { "type": "Point", "coordinates": [ -118.615395189157994, 34.072748690341001 ] } },
{ "type": "Feature", "properties": { "DAMAGE": "No Damage", "STRUCTURETYPE": "Single Family Residence Multi Story", "index_right": 8260, "score": 0.08, "d_ndvi": 0.034, "ssim": 0.807, "damage_class": "none" }, "geometry": { "type": "Point", "coordinates": [ -118.615558524435997, 34.072251082540497 ] } },
{ "type": "Feature", "properties": { "DAMAGE": "Destroyed (>50%)", "STRUCTURETYPE": "Single Family Residence Multi Story", "index_right": 8150, "score": 0.493, "d_ndvi": -0.155, "ssim": 0.313, "damage_class": "severe" }, "geometry": { "type": "Point", "coordinates": [ -118.617187382946994, 34.072540378906901 ] } },
{ "type": "Feature", "properties": { "DAMAGE": "No Damage", "STRUCTURETYPE": "Utility Misc Structure", "index_right": 8255, "score": 0.24, "d_ndvi": -0.118, "ssim": 0.674, "damage_class": "moderate" }, "geometry": { "type": "Point", "coordinates": [ -118.618297699739998, 34.072174986804797 ] } },
{ "type": "Feature", "properties": { "DAMAGE": "Affected (1-9%)", "STRUCTURETYPE": "Single Family Residence Multi Story", "index_right": 8255, "score": 0.24, "d_ndvi": -0.118, "ssim": 0.674, "damage_class": "moderate" }, "geometry": { "type": "Point", "coordinates": [ -118.618622593428995, 34.072084148802702 ] } },
{ "type": "Feature", "properties": { "DAMAGE": "Minor (10-25%)", "STRUCTURETYPE": "Single Family Residence Multi Story", "index_right": 8579, "score": 0.521, "d_ndvi": -0.25, "ssim": 0.418, "damage_class": "severe" }, "geometry": { "type": "Point", "coordinates": [ -118.616720468306994, 34.0709297014253 ] } },
{ "type": "Feature", "properties": { "DAMAGE": "Affected (1-9%)", "STRUCTURETYPE": "Single Family Residence Multi Story", "index_right": 8240, "score": 0.217, "d_ndvi": -0.139, "ssim": 0.736, "damage_class": "moderate" }, "geometry": { "type": "Point", "coordinates": [ -118.626435563051999, 34.0720828495961 ] } },
{ "type": "Feature", "properties": { "DAMAGE": "Destroyed (>50%)", "STRUCTURETYPE": "Single Family Residence Multi Story", "index_right": 8241, "score": 0.211, "d_ndvi": -0.12, "ssim": 0.696, "damage_class": "moderate" }, "geometry": { "type": "Point", "coordinates": [ -118.625836568216997, 34.072066596118702 ] } },
{ "type": "Feature", "properties": { "DAMAGE": "No Damage", "STRUCTURETYPE": "Utility Misc Structure", "index_right": 8241, "score": 0.211, "d_ndvi": -0.12, "ssim": 0.696, "damage_class": "moderate" }, "geometry": { "type": "Point", "coordinates": [ -118.625996973190993, 34.072100049571198 ] } },
{ "type": "Feature", "properties": { "DAMAGE": "No Damage", "STRUCTURETYPE": "Utility Misc Structure", "index_right": 8242, "score": 0.428, "d_ndvi": -0.161, "ssim": 0.437, "damage_class": "severe" }, "geometry": { "type": "Point", "coordinates": [ -118.625526873124002, 34.072034326523898 ] } },
{ "type": "Feature", "properties": { "DAMAGE": "Affected (1-9%)", "STRUCTURETYPE": "Utility Misc Structure", "index_right": 8241, "score": 0.211, "d_ndvi": -0.12, "ssim": 0.696, "damage_class": "moderate" }, "geometry": { "type": "Point", "coordinates": [ -118.625757280214998, 34.071852191006897 ] } },
{ "type": "Feature", "properties": { "DAMAGE": "No Damage", "STRUCTURETYPE": "Single Family Residence Multi Story", "index_right": 9463, "score": 0.204, "d_ndvi": -0.052, "ssim": 0.648, "damage_class": "moderate" }, "geometry": { "type": "Point", "coordinates": [ -118.602049998756996, 34.067503722183098 ] } },
{ "type": "Feature", "properties": { "DAMAGE": "No Damage", "STRUCTURETYPE": "Utility Misc Structure", "index_right": 9462, "score": 0.285, "d_ndvi": -0.144, "ssim": 0.655, "damage_class": "moderate" }, "geometry": { "type": "Point", "coordinates": [ -118.602349740516004, 34.067502115574499 ] } },
{ "type": "Feature", "properties": { "DAMAGE": "No Damage", "STRUCTURETYPE": "Single Family Residence Single Story", "index_right": 9355, "score": 0.06, "d_ndvi": 0.005, "ssim": 0.838, "damage_class": "none" }, "geometry": { "type": "Point", "coordinates": [ -118.602328336357999, 34.067693935048702 ] } },
{ "type": "Feature", "properties": { "DAMAGE": "No Damage", "STRUCTURETYPE": "Single Family Residence Multi Story", "index_right": 9360, "score": 0.151, "d_ndvi": 0.039, "ssim": 0.706, "damage_class": "moderate" }, "geometry": { "type": "Point", "coordinates": [ -118.599555661978997, 34.067850508566899 ] } },
{ "type": "Feature", "properties": { "DAMAGE": "No Damage", "STRUCTURETYPE": "Single Family Residence Multi Story", "index_right": 8367, "score": 0.399, "d_ndvi": -0.308, "ssim": 0.578, "damage_class": "severe" }, "geometry": { "type": "Point", "coordinates": [ -118.616035347494005, 34.071939873505102 ] } },
{ "type": "Feature", "properties": { "DAMAGE": "No Damage", "STRUCTURETYPE": "Utility Misc Structure", "index_right": 8367, "score": 0.399, "d_ndvi": -0.308, "ssim": 0.578, "damage_class": "severe" }, "geometry": { "type": "Point", "coordinates": [ -118.615947985435, 34.071897763058303 ] } },
{ "type": "Feature", "properties": { "DAMAGE": "No Damage", "STRUCTURETYPE": "Single Family Residence Single Story", "index_right": 8718, "score": 0.166, "d_ndvi": -0.002, "ssim": 0.697, "damage_class": "moderate" }, "geometry": { "type": "Point", "coordinates": [ -118.599630421574005, 34.070610276199503 ] } },
{ "type": "Feature", "properties": { "DAMAGE": "No Damage", "STRUCTURETYPE": "Single Family Residence Multi Story", "index_right": 7831, "score": 0.128, "d_ndvi": -0.026, "ssim": 0.705, "damage_class": "none" }, "geometry": { "type": "Point", "coordinates": [ -118.616125355991002, 34.073976836449503 ] } },
{ "type": "Feature", "properties": { "DAMAGE": "No Damage", "STRUCTURETYPE": "Single Family Residence Single Story", "index_right": 8718, "score": 0.166, "d_ndvi": -0.002, "ssim": 0.697, "damage_class": "moderate" }, "geometry": { "type": "Point", "coordinates": [ -118.599966096040006, 34.070462920132996 ] } },
{ "type": "Feature", "properties": { "DAMAGE": "No Damage", "STRUCTURETYPE": "Single Family Residence Multi Story", "index_right": 9254, "score": 0.111, "d_ndvi": 0.039, "ssim": 0.793, "damage_class": "none" }, "geometry": { "type": "Point", "coordinates": [ -118.598911803481997, 34.068549229471401 ] } },
{ "type": "Feature", "properties": { "DAMAGE": "No Damage", "STRUCTURETYPE": "Single Family Residence Multi Story", "index_right": 7720, "score": 0.145, "d_ndvi": -0.028, "ssim": 0.69, "damage_class": "none" }, "geometry": { "type": "Point", "coordinates": [ -118.618254556351999, 34.074277538215 ] } },
{ "type": "Feature", "properties": { "DAMAGE": "No Damage", "STRUCTURETYPE": "Utility Misc Structure", "index_right": 7829, "score": 0.133, "d_ndvi": -0.002, "ssim": 0.704, "damage_class": "none" }, "geometry": { "type": "Point", "coordinates": [ -118.617400507349998, 34.074060595409101 ] } },
{ "type": "Feature", "properties": { "DAMAGE": "No Damage", "STRUCTURETYPE": "Single Family Residence Single Story", "index_right": 7504, "score": 0.143, "d_ndvi": 0.079, "ssim": 0.67, "damage_class": "none" }, "geometry": { "type": "Point", "coordinates": [ -118.619370424733006, 34.075268809522299 ] } },
{ "type": "Feature", "properties": { "DAMAGE": "No Damage", "STRUCTURETYPE": "Single Family Residence Multi Story", "index_right": 7830, "score": 0.166, "d_ndvi": -0.069, "ssim": 0.696, "damage_class": "moderate" }, "geometry": { "type": "Point", "coordinates": [ -118.617156028151001, 34.0739019461993 ] } },
{ "type": "Feature", "properties": { "DAMAGE": "No Damage", "STRUCTURETYPE": "Utility Misc Structure", "index_right": 7611, "score": 0.202, "d_ndvi": -0.033, "ssim": 0.6, "damage_class": "moderate" }, "geometry": { "type": "Point", "coordinates": [ -118.619775729317993, 34.074828374572199 ] } },
{ "type": "Feature", "properties": { "DAMAGE": "No Damage", "STRUCTURETYPE": "Single Family Residence Multi Story", "index_right": 7819, "score": 0.147, "d_ndvi": -0.055, "ssim": 0.727, "damage_class": "none" }, "geometry": { "type": "Point", "coordinates": [ -118.622823364531001, 34.073756630783599 ] } },
{ "type": "Feature", "properties": { "DAMAGE": "Affected (1-9%)", "STRUCTURETYPE": "Single Family Residence Multi Story", "index_right": 8367, "score": 0.399, "d_ndvi": -0.308, "ssim": 0.578, "damage_class": "severe" }, "geometry": { "type": "Point", "coordinates": [ -118.616024202096995, 34.071673416979003 ] } },
{ "type": "Feature", "properties": { "DAMAGE": "No Damage", "STRUCTURETYPE": "Single Family Residence Multi Story", "index_right": 7818, "score": 0.209, "d_ndvi": -0.102, "ssim": 0.647, "damage_class": "moderate" }, "geometry": { "type": "Point", "coordinates": [ -118.623209968886002, 34.0739697207364 ] } },
{ "type": "Feature", "properties": { "DAMAGE": "No Damage", "STRUCTURETYPE": "Single Family Residence Multi Story", "index_right": 8367, "score": 0.399, "d_ndvi": -0.308, "ssim": 0.578, "damage_class": "severe" }, "geometry": { "type": "Point", "coordinates": [ -118.615599992441005, 34.071886467103603 ] } },
{ "type": "Feature", "properties": { "DAMAGE": "No Damage", "STRUCTURETYPE": "Single Family Residence Multi Story", "index_right": 8474, "score": 0.712, "d_ndvi": -0.441, "ssim": 0.326, "damage_class": "severe" }, "geometry": { "type": "Point", "coordinates": [ -118.615657102860993, 34.071501065728803 ] } },
{ "type": "Feature", "properties": { "DAMAGE": "No Damage", "STRUCTURETYPE": "Single Family Residence Multi Story", "index_right": 8476, "score": 0.407, "d_ndvi": -0.108, "ssim": 0.381, "damage_class": "severe" }, "geometry": { "type": "Point", "coordinates": [ -118.614877276260998, 34.071118971249199 ] } },
{ "type": "Feature", "properties": { "DAMAGE": "Destroyed (>50%)", "STRUCTURETYPE": "Motor Home", "index_right": 9015, "score": 0.356, "d_ndvi": -0.288, "ssim": 0.62, "damage_class": "severe" }, "geometry": { "type": "Point", "coordinates": [ -118.612437142928997, 34.069200444584702 ] } },
{ "type": "Feature", "properties": { "DAMAGE": "No Damage", "STRUCTURETYPE": "Single Family Residence Multi Story", "index_right": 8368, "score": 0.303, "d_ndvi": -0.083, "ssim": 0.52, "damage_class": "severe" }, "geometry": { "type": "Point", "coordinates": [ -118.615261076075996, 34.071921485904298 ] } },
{ "type": "Feature", "properties": { "DAMAGE": "No Damage", "STRUCTURETYPE": "Single Family Residence Multi Story", "index_right": 8476, "score": 0.407, "d_ndvi": -0.108, "ssim": 0.381, "damage_class": "severe" }, "geometry": { "type": "Point", "coordinates": [ -118.614815789274999, 34.071414958058298 ] } },
{ "type": "Feature", "properties": { "DAMAGE": "No Damage", "STRUCTURETYPE": "Single Family Residence Multi Story", "index_right": 8166, "score": 0.168, "d_ndvi": 0.061, "ssim": 0.615, "damage_class": "moderate" }, "geometry": { "type": "Point", "coordinates": [ -118.608919999639994, 34.0728290157586 ] } },
{ "type": "Feature", "properties": { "DAMAGE": "Destroyed (>50%)", "STRUCTURETYPE": "Utility Misc Structure", "index_right": 9350, "score": 0.311, "d_ndvi": -0.061, "ssim": 0.494, "damage_class": "severe" }, "geometry": { "type": "Point", "coordinates": [ -118.604926415853001, 34.067746524269701 ] } },
{ "type": "Feature", "properties": { "DAMAGE": "No Damage", "STRUCTURETYPE": "Single Family Residence Multi Story", "index_right": 9772, "score": 0.201, "d_ndvi": -0.125, "ssim": 0.714, "damage_class": "moderate" }, "geometry": { "type": "Point", "coordinates": [ -118.607986380564995, 34.066269461270402 ] } },
{ "type": "Feature", "properties": { "DAMAGE": "No Damage", "STRUCTURETYPE": "Single Family Residence Multi Story", "index_right": 9987, "score": 0.254, "d_ndvi": -0.122, "ssim": 0.632, "damage_class": "moderate" }, "geometry": { "type": "Point", "coordinates": [ -118.607714174864, 34.065221510292197 ] } },
{ "type": "Feature", "properties": { "DAMAGE": "Affected (1-9%)", "STRUCTURETYPE": "Single Family Residence Multi Story", "index_right": 9349, "score": 0.27, "d_ndvi": -0.158, "ssim": 0.647, "damage_class": "moderate" }, "geometry": { "type": "Point", "coordinates": [ -118.605323217106999, 34.067738474978498 ] } },
{ "type": "Feature", "properties": { "DAMAGE": "Destroyed (>50%)", "STRUCTURETYPE": "Utility Misc Structure", "index_right": 9458, "score": 0.627, "d_ndvi": -0.498, "ssim": 0.473, "damage_class": "severe" }, "geometry": { "type": "Point", "coordinates": [ -118.604571028075, 34.067503961797698 ] } },
{ "type": "Feature", "properties": { "DAMAGE": "No Damage", "STRUCTURETYPE": "Motor Home", "index_right": 9454, "score": 0.399, "d_ndvi": -0.289, "ssim": 0.613, "damage_class": "severe" }, "geometry": { "type": "Point", "coordinates": [ -118.606673935646, 34.067582209328897 ] } },
{ "type": "Feature", "properties": { "DAMAGE": "No Damage", "STRUCTURETYPE": "Mobile Home Single Wide", "index_right": 9347, "score": 0.182, "d_ndvi": -0.106, "ssim": 0.697, "damage_class": "moderate" }, "geometry": { "type": "Point", "coordinates": [ -118.606506035129996, 34.0677386922682 ] } },
{ "type": "Feature", "properties": { "DAMAGE": "No Damage", "STRUCTURETYPE": "Single Family Residence Multi Story", "index_right": 9989, "score": 0.255, "d_ndvi": -0.128, "ssim": 0.658, "damage_class": "moderate" }, "geometry": { "type": "Point", "coordinates": [ -118.606561927409004, 34.0652444551231 ] } },
{ "type": "Feature", "properties": { "DAMAGE": "No Damage", "STRUCTURETYPE": "Single Family Residence Multi Story", "index_right": 9243, "score": 0.25, "d_ndvi": -0.109, "ssim": 0.627, "damage_class": "moderate" }, "geometry": { "type": "Point", "coordinates": [ -118.605138775013003, 34.068469170117297 ] } },
{ "type": "Feature", "properties": { "DAMAGE": "Affected (1-9%)", "STRUCTURETYPE": "Single Family Residence Multi Story", "index_right": 9348, "score": 0.205, "d_ndvi": -0.083, "ssim": 0.668, "damage_class": "moderate" }, "geometry": { "type": "Point", "coordinates": [ -118.606152707966004, 34.067657991440697 ] } },
{ "type": "Feature", "properties": { "DAMAGE": "Affected (1-9%)", "STRUCTURETYPE": "Utility Misc Structure", "index_right": 9454, "score": 0.399, "d_ndvi": -0.289, "ssim": 0.613, "damage_class": "severe" }, "geometry": { "type": "Point", "coordinates": [ -118.606687349289999, 34.0674060017787 ] } },
{ "type": "Feature", "properties": { "DAMAGE": "No Damage", "STRUCTURETYPE": "Mobile Home Single Wide", "index_right": 9347, "score": 0.182, "d_ndvi": -0.106, "ssim": 0.697, "damage_class": "moderate" }, "geometry": { "type": "Point", "coordinates": [ -118.606407414904993, 34.067916035829597 ] } },
{ "type": "Feature", "properties": { "DAMAGE": "Destroyed (>50%)", "STRUCTURETYPE": "Utility Misc Structure", "index_right": 9773, "score": 0.372, "d_ndvi": -0.208, "ssim": 0.542, "damage_class": "severe" }, "geometry": { "type": "Point", "coordinates": [ -118.607634355957998, 34.0659514487471 ] } },
{ "type": "Feature", "properties": { "DAMAGE": "Destroyed (>50%)", "STRUCTURETYPE": "Utility Misc Structure", "index_right": 9247, "score": 0.305, "d_ndvi": -0.023, "ssim": 0.468, "damage_class": "severe" }, "geometry": { "type": "Point", "coordinates": [ -118.602654979964996, 34.068568492163202 ] } },
{ "type": "Feature", "properties": { "DAMAGE": "Minor (10-25%)", "STRUCTURETYPE": "Utility Misc Structure", "index_right": 10723, "score": 0.234, "d_ndvi": -0.18, "ssim": 0.745, "damage_class": "moderate" }, "geometry": { "type": "Point", "coordinates": [ -118.614647212327, 34.0618497053349 ] } },
{ "type": "Feature", "properties": { "DAMAGE": "No Damage", "STRUCTURETYPE": "Single Family Residence Multi Story", "index_right": 11044, "score": 0.287, "d_ndvi": -0.108, "ssim": 0.574, "damage_class": "moderate" }, "geometry": { "type": "Point", "coordinates": [ -118.614351928906004, 34.060433782483898 ] } },
{ "type": "Feature", "properties": { "DAMAGE": "No Damage", "STRUCTURETYPE": "Single Family Residence Single Story", "index_right": 11043, "score": 0.365, "d_ndvi": -0.128, "ssim": 0.501, "damage_class": "severe" }, "geometry": { "type": "Point", "coordinates": [ -118.614832652448996, 34.060719980890497 ] } },
{ "type": "Feature", "properties": { "DAMAGE": "No Damage", "STRUCTURETYPE": "Utility Misc Structure", "index_right": 11150, "score": 0.244, "d_ndvi": -0.046, "ssim": 0.592, "damage_class": "moderate" }, "geometry": { "type": "Point", "coordinates": [ -118.614893067745001, 34.060227965127702 ] } },
{ "type": "Feature", "properties": { "DAMAGE": "No Damage", "STRUCTURETYPE": "Single Family Residence Multi Story", "index_right": 11151, "score": 0.329, "d_ndvi": -0.072, "ssim": 0.529, "damage_class": "severe" }, "geometry": { "type": "Point", "coordinates": [ -118.614750657822995, 34.060333198401203 ] } },
{ "type": "Feature", "properties": { "DAMAGE": "Destroyed (>50%)", "STRUCTURETYPE": "Utility Misc Structure", "index_right": 10936, "score": 0.57, "d_ndvi": -0.323, "ssim": 0.41, "damage_class": "severe" }, "geometry": { "type": "Point", "coordinates": [ -118.614933908750999, 34.061177791100903 ] } },
{ "type": "Feature", "properties": { "DAMAGE": "No Damage", "STRUCTURETYPE": "Single Family Residence Multi Story", "index_right": 9026, "score": 0.084, "d_ndvi": 0.003, "ssim": 0.789, "damage_class": "none" }, "geometry": { "type": "Point", "coordinates": [ -118.606499427122998, 34.069152638691399 ] } },
{ "type": "Feature", "properties": { "DAMAGE": "No Damage", "STRUCTURETYPE": "Utility Misc Structure", "index_right": 9026, "score": 0.084, "d_ndvi": 0.003, "ssim": 0.789, "damage_class": "none" }, "geometry": { "type": "Point", "coordinates": [ -118.606793380138001, 34.069143899624699 ] } },
{ "type": "Feature", "properties": { "DAMAGE": "No Damage", "STRUCTURETYPE": "Infrastructure", "index_right": 9025, "score": 0.07, "d_ndvi": 0.023, "ssim": 0.771, "damage_class": "none" }, "geometry": { "type": "Point", "coordinates": [ -118.607093786651006, 34.069360561091102 ] } },
{ "type": "Feature", "properties": { "DAMAGE": "No Damage", "STRUCTURETYPE": "Single Family Residence Multi Story", "index_right": 8919, "score": 0.138, "d_ndvi": 0.052, "ssim": 0.702, "damage_class": "none" }, "geometry": { "type": "Point", "coordinates": [ -118.606717458123995, 34.069769071009297 ] } },
{ "type": "Feature", "properties": { "DAMAGE": "No Damage", "STRUCTURETYPE": "Utility Misc Structure", "index_right": 8919, "score": 0.138, "d_ndvi": 0.052, "ssim": 0.702, "damage_class": "none" }, "geometry": { "type": "Point", "coordinates": [ -118.606878018505995, 34.069845843082597 ] } },
{ "type": "Feature", "properties": { "DAMAGE": "Destroyed (>50%)", "STRUCTURETYPE": "Utility Misc Structure", "index_right": 10936, "score": 0.57, "d_ndvi": -0.323, "ssim": 0.41, "damage_class": "severe" }, "geometry": { "type": "Point", "coordinates": [ -118.614955278774005, 34.061221747281998 ] } },
{ "type": "Feature", "properties": { "DAMAGE": "No Damage", "STRUCTURETYPE": "Single Family Residence Multi Story", "index_right": 9032, "score": 0.364, "d_ndvi": -0.06, "ssim": 0.483, "damage_class": "severe" }, "geometry": { "type": "Point", "coordinates": [ -118.603702438941994, 34.069412288421702 ] } },
{ "type": "Feature", "properties": { "DAMAGE": "No Damage", "STRUCTURETYPE": "Single Family Residence Multi Story", "index_right": 8819, "score": 0.081, "d_ndvi": 0.025, "ssim": 0.792, "damage_class": "none" }, "geometry": { "type": "Point", "coordinates": [ -118.602703149427001, 34.070203227326502 ] } },
{ "type": "Feature", "properties": { "DAMAGE": "No Damage", "STRUCTURETYPE": "Single Family Residence Multi Story", "index_right": 8817, "score": 0.291, "d_ndvi": 0.149, "ssim": 0.464, "damage_class": "moderate" }, "geometry": { "type": "Point", "coordinates": [ -118.604161631663999, 34.070139489612401 ] } },
{ "type": "Feature", "properties": { "DAMAGE": "No Damage", "STRUCTURETYPE": "Single Family Residence Multi Story", "index_right": 8818, "score": 0.337, "d_ndvi": 0.048, "ssim": 0.407, "damage_class": "severe" }, "geometry": { "type": "Point", "coordinates": [ -118.603473373935003, 34.0701268856794 ] } },
{ "type": "Feature", "properties": { "DAMAGE": "No Damage", "STRUCTURETYPE": "Utility Misc Structure", "index_right": 8818, "score": 0.337, "d_ndvi": 0.048, "ssim": 0.407, "damage_class": "severe" }, "geometry": { "type": "Point", "coordinates": [ -118.603439198428006, 34.069969072194098 ] } },
{ "type": "Feature", "properties": { "DAMAGE": "No Damage", "STRUCTURETYPE": "Single Family Residence Single Story", "index_right": 8819, "score": 0.081, "d_ndvi": 0.025, "ssim": 0.792, "damage_class": "none" }, "geometry": { "type": "Point", "coordinates": [ -118.602679492294001, 34.070013639204497 ] } },
{ "type": "Feature", "properties": { "DAMAGE": "Destroyed (>50%)", "STRUCTURETYPE": "Utility Misc Structure", "index_right": 8804, "score": 0.361, "d_ndvi": -0.17, "ssim": 0.585, "damage_class": "severe" }, "geometry": { "type": "Point", "coordinates": [ -118.610795553494, 34.070044367003099 ] } },
{ "type": "Feature", "properties": { "DAMAGE": "Destroyed (>50%)", "STRUCTURETYPE": "Single Family Residence Multi Story", "index_right": 8795, "score": 0.301, "d_ndvi": -0.097, "ssim": 0.512, "damage_class": "severe" }, "geometry": { "type": "Point", "coordinates": [ -118.615627072180999, 34.069929455069598 ] } },
{ "type": "Feature", "properties": { "DAMAGE": "Destroyed (>50%)", "STRUCTURETYPE": "Utility Misc Structure", "index_right": 8795, "score": 0.301, "d_ndvi": -0.097, "ssim": 0.512, "damage_class": "severe" }, "geometry": { "type": "Point", "coordinates": [ -118.615836396931996, 34.069758937941899 ] } },
{ "type": "Feature", "properties": { "DAMAGE": "No Damage", "STRUCTURETYPE": "Single Family Residence Multi Story", "index_right": 8157, "score": 0.455, "d_ndvi": -0.218, "ssim": 0.472, "damage_class": "severe" }, "geometry": { "type": "Point", "coordinates": [ -118.613888365880001, 34.072637728036398 ] } },
{ "type": "Feature", "properties": { "DAMAGE": "Destroyed (>50%)", "STRUCTURETYPE": "Utility Misc Structure", "index_right": 8156, "score": 0.139, "d_ndvi": -0.097, "ssim": 0.808, "damage_class": "none" }, "geometry": { "type": "Point", "coordinates": [ -118.614211671348002, 34.072855024212203 ] } },
{ "type": "Feature", "properties": { "DAMAGE": "No Damage", "STRUCTURETYPE": "Utility Misc Structure", "index_right": 6048, "score": 0.338, "d_ndvi": 0.073, "ssim": 0.422, "damage_class": "severe" }, "geometry": { "type": "Point", "coordinates": [ -118.597026625976, 34.081955426308802 ] } },
{ "type": "Feature", "properties": { "DAMAGE": "No Damage", "STRUCTURETYPE": "Single Family Residence Single Story", "index_right": 5941, "score": 0.373, "d_ndvi": 0.107, "ssim": 0.308, "damage_class": "severe" }, "geometry": { "type": "Point", "coordinates": [ -118.597038702028996, 34.082010219484197 ] } },
{ "type": "Feature", "properties": { "DAMAGE": "Destroyed (>50%)", "STRUCTURETYPE": "Single Family Residence Multi Story", "index_right": 10610, "score": 0.301, "d_ndvi": -0.134, "ssim": 0.597, "damage_class": "severe" }, "geometry": { "type": "Point", "coordinates": [ -118.617896668441006, 34.062414939958003 ] } },
{ "type": "Feature", "properties": { "DAMAGE": "No Damage", "STRUCTURETYPE": "Single Family Residence Multi Story", "index_right": 8605, "score": 0.09, "d_ndvi": 0.089, "ssim": 0.753, "damage_class": "none" }, "geometry": { "type": "Point", "coordinates": [ -118.602934937228, 34.070878630586499 ] } },
{ "type": "Feature", "properties": { "DAMAGE": "No Damage", "STRUCTURETYPE": "Utility Misc Structure", "index_right": 8712, "score": 0.123, "d_ndvi": 0.074, "ssim": 0.721, "damage_class": "none" }, "geometry": { "type": "Point", "coordinates": [ -118.603163461871006, 34.070752393332803 ] } },
{ "type": "Feature", "properties": { "DAMAGE": "No Damage", "STRUCTURETYPE": "Single Family Residence Single Story", "index_right": 4758, "score": 0.393, "d_ndvi": 0.119, "ssim": 0.31, "damage_class": "severe" }, "geometry": { "type": "Point", "coordinates": [ -118.600706677844002, 34.087242351655298 ] } },
{ "type": "Feature", "properties": { "DAMAGE": "Minor (10-25%)", "STRUCTURETYPE": "Single Family Residence Multi Story", "index_right": 8583, "score": 0.359, "d_ndvi": -0.108, "ssim": 0.483, "damage_class": "severe" }, "geometry": { "type": "Point", "coordinates": [ -118.614636295999006, 34.070713349059503 ] } },
{ "type": "Feature", "properties": { "DAMAGE": "No Damage", "STRUCTURETYPE": "Single Family Residence Multi Story", "index_right": 10502, "score": 0.184, "d_ndvi": -0.077, "ssim": 0.689, "damage_class": "moderate" }, "geometry": { "type": "Point", "coordinates": [ -118.618096704389998, 34.062938712282197 ] } },
{ "type": "Feature", "properties": { "DAMAGE": "No Damage", "STRUCTURETYPE": "Utility Misc Structure", "index_right": 6628, "score": 0.146, "d_ndvi": 0.01, "ssim": 0.717, "damage_class": "none" }, "geometry": { "type": "Point", "coordinates": [ -118.573405827127004, 34.079823805511197 ] } },
{ "type": "Feature", "properties": { "DAMAGE": "No Damage", "STRUCTURETYPE": "Utility Misc Structure", "index_right": 6630, "score": 0.23, "d_ndvi": -0.063, "ssim": 0.609, "damage_class": "moderate" }, "geometry": { "type": "Point", "coordinates": [ -118.572256790470007, 34.0800181220798 ] } },
{ "type": "Feature", "properties": { "DAMAGE": "No Damage", "STRUCTURETYPE": "Single Family Residence Single Story", "index_right": 6523, "score": 0.482, "d_ndvi": -0.203, "ssim": 0.359, "damage_class": "severe" }, "geometry": { "type": "Point", "coordinates": [ -118.572270259885002, 34.080102503413897 ] } }
]
}
