{
"type": "FeatureCollection",
"name": "031311103122_dins_joined",
"crs": { "type": "name", "properties": { "name": "urn:ogc:def:crs:OGC:1.3:CRS84" } },
"features": [
{ "type": "Feature", "properties": { "DAMAGE": "No Damage", "STRUCTURETYPE": "Single Family Residence Single Story", "index_right": 8394, "score": 0.156, "d_ndvi": -0.106, "ssim": 0.899, "damage_class": "moderate" }, "geometry": { "type": "Point", "coordinates": [ -118.081505322465006, 34.163410358453099 ] } },
{ "type": "Feature", "properties": { "DAMAGE": "No Damage", "STRUCTURETYPE": "Single Family Residence Single Story", "index_right": 8205, "score": 0.062, "d_ndvi": 0.012, "ssim": 0.904, "damage_class": "none" }, "geometry": { "type": "Point", "coordinates": [ -118.08104544343, 34.164026063993902 ] } },
{ "type": "Feature", "properties": { "DAMAGE": "No Damage", "STRUCTURETYPE": "Single Family Residence Single Story", "index_right": 8300, "score": 0.073, "d_ndvi": 0.004, "ssim": 0.904, "damage_class": "none" }, "geometry": { "type": "Point", "coordinates": [ -118.081144592284005, 34.163623777117301 ] } },
{ "type": "Feature", "properties": { "DAMAGE": "Destroyed (>50%)", "STRUCTURETYPE": "Utility Misc Structure", "index_right": 6904, "score": 0.143, "d_ndvi": -0.059, "ssim": 0.869, "damage_class": "none" }, "geometry": { "type": "Point", "coordinates": [ -118.065541790945005, 34.1707488461753 ] } },
{ "type": "Feature", "properties": { "DAMAGE": "No Damage", "STRUCTURETYPE": "Single Family Residence Multi Story", "index_right": 6905, "score": 0.082, "d_ndvi": -0.039, "ssim": 0.914, "damage_class": "none" }, "geometry": { "type": "Point", "coordinates": [ -118.065092143721003, 34.170697603698301 ] } },
{ "type": "Feature", "properties": { "DAMAGE": "Affected (1-9%)", "STRUCTURETYPE": "Single Family Residence Multi Story", "index_right": 6808, "score": 0.055, "d_ndvi": -0.012, "ssim": 0.938, "damage_class": "none" }, "geometry": { "type": "Point", "coordinates": [ -118.065920923114007, 34.170978054148797 ] } },
{ "type": "Feature", "properties": { "DAMAGE": "Minor (10-25%)", "STRUCTURETYPE": "Single Family Residence Single Story", "index_right": 6713, "score": 0.05, "d_ndvi": -0.005, "ssim": 0.917, "damage_class": "none" }, "geometry": { "type": "Point", "coordinates": [ -118.065980953931998, 34.171375759632397 ] } },
{ "type": "Feature", "properties": { "DAMAGE": "No Damage", "STRUCTURETYPE": "Single Family Residence Single Story", "index_right": 8204, "score": 0.055, "d_ndvi": 0.0, "ssim": 0.926, "damage_class": "none" }, "geometry": { "type": "Point", "coordinates": [ -118.081426230296003, 34.164198813240702 ] } },
{ "type": "Feature", "properties": { "DAMAGE": "No Damage", "STRUCTURETYPE": "Single Family Residence Single Story", "index_right": 8108, "score": 0.065, "d_ndvi": -0.004, "ssim": 0.929, "damage_class": "none" }, "geometry": { "type": "Point", "coordinates": [ -118.081912562919001, 34.164591302288599 ] } },
{ "type": "Feature", "properties": { "DAMAGE": "No Damage", "STRUCTURETYPE": "Utility Misc Structure", "index_right": 8109, "score": 0.06, "d_ndvi": 0.009, "ssim": 0.912, "damage_class": "none" }, "geometry": { "type": "Point", "coordinates": [ -118.081780568064005, 34.164767262875898 ] } },
{ "type": "Feature", "properties": { "DAMAGE": "No Damage", "STRUCTURETYPE": "Single Family Residence Multi Story", "index_right": 8108, "score": 0.065, "d_ndvi": -0.004, "ssim": 0.929, "damage_class": "none" }, "geometry": { "type": "Point", "coordinates": [ -118.082259116786005, 34.164483265612503 ] } },
{ "type": "Feature", "properties": { "DAMAGE": "No Damage", "STRUCTURETYPE": "Single Family Residence Single Story", "index_right": 8298, "score": 0.133, "d_ndvi": -0.072, "ssim": 0.884, "damage_class": "none" }, "geometry": { "type": "Point", "coordinates": [ -118.081853080073998, 34.163986630645297 ] } },
{ "type": "Feature", "properties": { "DAMAGE": "No Damage", "STRUCTURETYPE": "Single Family Residence Single Story", "index_right": 8395, "score": 0.087, "d_ndvi": 0.02, "ssim": 0.865, "damage_class": "none" }, "geometry": { "type": "Point", "coordinates": [ -118.081236153968007, 34.163220838676899 ] } },
{ "type": "Feature", "properties": { "DAMAGE": "No Damage", "STRUCTURETYPE": "Single Family Residence Single Story", "index_right": 8395, "score": 0.087, "d_ndvi": 0.02, "ssim": 0.865, "damage_class": "none" }, "geometry": { "type": "Point", "coordinates": [ -118.081190839352004, 34.163309665579298 ] } },
{ "type": "Feature", "properties": { "DAMAGE": "No Damage", "STRUCTURETYPE": "Single Family Residence Single Story", "index_right": 8394, "score": 0.156, "d_ndvi": -0.106, "ssim": 0.899, "damage_class": "moderate" }, "geometry": { "type": "Point", "coordinates": [ -118.081354074019004, 34.163186115265901 ] } },
{ "type": "Feature", "properties": { "DAMAGE": "No Damage", "STRUCTURETYPE": "Single Family Residence Single Story", "index_right": 8203, "score": 0.081, "d_ndvi": -0.034, "ssim": 0.9, "damage_class": "none" }, "geometry": { "type": "Point", "coordinates": [ -118.082154213324003, 34.164036970375498 ] } },
{ "type": "Feature", "properties": { "DAMAGE": "No Damage", "STRUCTURETYPE": "Single Family Residence Single Story", "index_right": 8299, "score": 0.114, "d_ndvi": -0.082, "ssim": 0.927, "damage_class": "none" }, "geometry": { "type": "Point", "coordinates": [ -118.081496852249998, 34.163857943650598 ] } },
{ "type": "Feature", "properties": { "DAMAGE": "Affected (1-9%)", "STRUCTURETYPE": "Single Family Residence Multi Story", "index_right": 8393, "score": 0.21, "d_ndvi": -0.128, "ssim": 0.84, "damage_class": "moderate" }, "geometry": { "type": "Point", "coordinates": [ -118.082082797259005, 34.163545779687098 ] } },
{ "type": "Feature", "properties": { "DAMAGE": "No Damage", "STRUCTURETYPE": "Single Family Residence Multi Story", "index_right": 8202, "score": 0.129, "d_ndvi": -0.058, "ssim": 0.876, "damage_class": "none" }, "geometry": { "type": "Point", "coordinates": [ -118.082649075451002, 34.164154326311099 ] } },
{ "type": "Feature", "properties": { "DAMAGE": "No Damage", "STRUCTURETYPE": "Single Family Residence Multi Story", "index_right": 8106, "score": 0.061, "d_ndvi": -0.018, "ssim": 0.925, "damage_class": "none" }, "geometry": { "type": "Point", "coordinates": [ -118.083320404429003, 34.1648311456089 ] } },
{ "type": "Feature", "properties": { "DAMAGE": "No Damage", "STRUCTURETYPE": "Single Family Residence Multi Story", "index_right": 8202, "score": 0.129, "d_ndvi": -0.058, "ssim": 0.876, "damage_class": "none" }, "geometry": { "type": "Point", "coordinates": [ -118.082791350625001, 34.164363839319797 ] } },
{ "type": "Feature", "properties": { "DAMAGE": "No Damage", "STRUCTURETYPE": "Single Family Residence Single Story", "index_right": 8106, "score": 0.061, "d_ndvi": -0.018, "ssim": 0.925, "damage_class": "none" }, "geometry": { "type": "Point", "coordinates": [ -118.083015506340004, 34.164563864439302 ] } },
{ "type": "Feature", "properties": { "DAMAGE": "Affected (1-9%)", "STRUCTURETYPE": "Single Family Residence Single Story", "index_right": 6713, "score": 0.05, "d_ndvi": -0.005, "ssim": 0.917, "damage_class": "none" }, "geometry": { "type": "Point", "coordinates": [ -118.065982245708994, 34.171576154615799 ] } },
{ "type": "Feature", "properties": { "DAMAGE": "Affected (1-9%)", "STRUCTURETYPE": "Utility Misc Structure", "index_right": 6619, "score": 0.345, "d_ndvi": -0.067, "ssim": 0.532, "damage_class": "severe" }, "geometry": { "type": "Point", "coordinates": [ -118.065705181919, 34.171720168590397 ] } },
{ "type": "Feature", "properties": { "DAMAGE": "No Damage", "STRUCTURETYPE": "Single Family Residence Multi Story", "index_right": 6618, "score": 0.066, "d_ndvi": -0.016, "ssim": 0.912, "damage_class": "none" }, "geometry": { "type": "Point", "coordinates": [ -118.065930526105006, 34.1717913073958 ] } },
{ "type": "Feature", "properties": { "DAMAGE": "No Damage", "STRUCTURETYPE": "Single Family Residence Single Story", "index_right": 6523, "score": 0.069, "d_ndvi": -0.025, "ssim": 0.925, "damage_class": "none" }, "geometry": { "type": "Point", "coordinates": [ -118.066203187251006, 34.172207762819298 ] } },
{ "type": "Feature", "properties": { "DAMAGE": "No Damage", "STRUCTURETYPE": "Utility Misc Structure", "index_right": 6523, "score": 0.069, "d_ndvi": -0.025, "ssim": 0.925, "damage_class": "none" }, "geometry": { "type": "Point", "coordinates": [ -118.066021364644996, 34.172285106384898 ] } },
{ "type": "Feature", "properties": { "DAMAGE": "No Damage", "STRUCTURETYPE": "Single Family Residence Single Story", "index_right": 6522, "score": 0.069, "d_ndvi": -0.031, "ssim": 0.93, "damage_class": "none" }, "geometry": { "type": "Point", "coordinates": [ -118.06666718596, 34.172185371708103 ] } },
{ "type": "Feature", "properties": { "DAMAGE": "No Damage", "STRUCTURETYPE": "Single Family Residence Single Story", "index_right": 6521, "score": 0.106, "d_ndvi": -0.057, "ssim": 0.9, "damage_class": "none" }, "geometry": { "type": "Point", "coordinates": [ -118.067188942748999, 34.172186215267502 ] } },
{ "type": "Feature", "properties": { "DAMAGE": "No Damage", "STRUCTURETYPE": "Utility Misc Structure", "index_right": 6521, "score": 0.106, "d_ndvi": -0.057, "ssim": 0.9, "damage_class": "none" }, "geometry": { "type": "Point", "coordinates": [ -118.067252738405003, 34.172310839000502 ] } },
{ "type": "Feature", "properties": { "DAMAGE": "No Damage", "STRUCTURETYPE": "Single Family Residence Single Story", "index_right": 6618, "score": 0.066, "d_ndvi": -0.016, "ssim": 0.912, "damage_class": "none" }, "geometry": { "type": "Point", "coordinates": [ -118.065871458282004, 34.172064661614002 ] } },
{ "type": "Feature", "properties": { "DAMAGE": "No Damage", "STRUCTURETYPE": "Utility Misc Structure", "index_right": 6523, "score": 0.069, "d_ndvi": -0.025, "ssim": 0.925, "damage_class": "none" }, "geometry": { "type": "Point", "coordinates": [ -118.065903357457003, 34.172347949605602 ] } },
{ "type": "Feature", "properties": { "DAMAGE": "No Damage", "STRUCTURETYPE": "Single Family Residence Single Story", "index_right": 6522, "score": 0.069, "d_ndvi": -0.031, "ssim": 0.93, "damage_class": "none" }, "geometry": { "type": "Point", "coordinates": [ -118.066421566798994, 34.1721878815761 ] } },
{ "type": "Feature", "properties": { "DAMAGE": "Minor (10-25%)", "STRUCTURETYPE": "Utility Misc Structure", "index_right": 6522, "score": 0.069, "d_ndvi": -0.031, "ssim": 0.93, "damage_class": "none" }, "geometry": { "type": "Point", "coordinates": [ -118.066869593462002, 34.172329058368298 ] } },
{ "type": "Feature", "properties": { "DAMAGE": "No Damage", "STRUCTURETYPE": "Single Family Residence Single Story", "index_right": 6521, "score": 0.106, "d_ndvi": -0.057, "ssim": 0.9, "damage_class": "none" }, "geometry": { "type": "Point", "coordinates": [ -118.066967725422998, 34.172170132638698 ] } },
{ "type": "Feature", "properties": { "DAMAGE": "No Damage", "STRUCTURETYPE": "Single Family Residence Single Story", "index_right": 6521, "score": 0.106, "d_ndvi": -0.057, "ssim": 0.9, "damage_class": "none" }, "geometry": { "type": "Point", "coordinates": [ -118.067439431677002, 34.172178642556297 ] } },
{ "type": "Feature", "properties": { "DAMAGE": "No Damage", "STRUCTURETYPE": "Single Family Residence Multi Story", "index_right": 8107, "score": 0.159, "d_ndvi": -0.041, "ssim": 0.819, "damage_class": "moderate" }, "geometry": { "type": "Point", "coordinates": [ -118.082407871509005, 34.164863501712396 ] } },
{ "type": "Feature", "properties": { "DAMAGE": "No Damage", "STRUCTURETYPE": "Single Family Residence Multi Story", "index_right": 8012, "score": 0.058, "d_ndvi": -0.026, "ssim": 0.943, "damage_class": "none" }, "geometry": { "type": "Point", "coordinates": [ -118.082699459259999, 34.165188058067599 ] } },
{ "type": "Feature", "properties": { "DAMAGE": "No Damage", "STRUCTURETYPE": "Single Family Residence Multi Story", "index_right": 7727, "score": 0.047, "d_ndvi": -0.024, "ssim": 0.95, "damage_class": "none" }, "geometry": { "type": "Point", "coordinates": [ -118.082564764967998, 34.166216131236098 ] } },
{ "type": "Feature", "properties": { "DAMAGE": "No Damage", "STRUCTURETYPE": "Single Family Residence Multi Story", "index_right": 7822, "score": 0.067, "d_ndvi": -0.023, "ssim": 0.939, "damage_class": "none" }, "geometry": { "type": "Point", "coordinates": [ -118.082581281393004, 34.165963572862402 ] } },
{ "type": "Feature", "properties": { "DAMAGE": "No Damage", "STRUCTURETYPE": "Utility Misc Structure", "index_right": 8012, "score": 0.058, "d_ndvi": -0.026, "ssim": 0.943, "damage_class": "none" }, "geometry": { "type": "Point", "coordinates": [ -118.082631391215997, 34.165304898793302 ] } },
{ "type": "Feature", "properties": { "DAMAGE": "No Damage", "STRUCTURETYPE": "Single Family Residence Multi Story", "index_right": 7914, "score": 0.149, "d_ndvi": -0.088, "ssim": 0.886, "damage_class": "none" }, "geometry": { "type": "Point", "coordinates": [ -118.084284363204006, 34.165570348398703 ] } },
{ "type": "Feature", "properties": { "DAMAGE": "No Damage", "STRUCTURETYPE": "Single Family Residence Single Story", "index_right": 7821, "score": 0.049, "d_ndvi": -0.03, "ssim": 0.946, "damage_class": "none" }, "geometry": { "type": "Point", "coordinates": [ -118.083352017940001, 34.165840437466798 ] } },
{ "type": "Feature", "properties": { "DAMAGE": "No Damage", "STRUCTURETYPE": "Single Family Residence Single Story", "index_right": 7725, "score": 0.166, "d_ndvi": -0.124, "ssim": 0.916, "damage_class": "moderate" }, "geometry": { "type": "Point", "coordinates": [ -118.083542083487998, 34.166254753372101 ] } },
{ "type": "Feature", "properties": { "DAMAGE": "No Damage", "STRUCTURETYPE": "Single Family Residence Single Story", "index_right": 7630, "score": 0.06, "d_ndvi": -0.01, "ssim": 0.912, "damage_class": "none" }, "geometry": { "type": "Point", "coordinates": [ -118.083748080657998, 34.166770510531499 ] } },
{ "type": "Feature", "properties": { "DAMAGE": "No Damage", "STRUCTURETYPE": "Single Family Residence Single Story", "index_right": 7725, "score": 0.166, "d_ndvi": -0.124, "ssim": 0.916, "damage_class": "moderate" }, "geometry": { "type": "Point", "coordinates": [ -118.083689355093, 34.166568060135802 ] } },
{ "type": "Feature", "properties": { "DAMAGE": "No Damage", "STRUCTURETYPE": "Single Family Residence Multi Story", "index_right": 7440, "score": 0.023, "d_ndvi": -0.006, "ssim": 0.947, "damage_class": "none" }, "geometry": { "type": "Point", "coordinates": [ -118.083604398720993, 34.167749326970302 ] } },
{ "type": "Feature", "properties": { "DAMAGE": "No Damage", "STRUCTURETYPE": "Single Family Residence Single Story", "index_right": 7439, "score": 0.048, "d_ndvi": -0.018, "ssim": 0.946, "damage_class": "none" }, "geometry": { "type": "Point", "coordinates": [ -118.084407970488996, 34.167726586085799 ] } },
{ "type": "Feature", "properties": { "DAMAGE": "No Damage", "STRUCTURETYPE": "Single Family Residence Multi Story", "index_right": 7534, "score": 0.03, "d_ndvi": -0.001, "ssim": 0.958, "damage_class": "none" }, "geometry": { "type": "Point", "coordinates": [ -118.084358670048005, 34.167305432657898 ] } },
{ "type": "Feature", "properties": { "DAMAGE": "No Damage", "STRUCTURETYPE": "Utility Misc Structure", "index_right": 6522, "score": 0.069, "d_ndvi": -0.031, "ssim": 0.93, "damage_class": "none" }, "geometry": { "type": "Point", "coordinates": [ -118.066778191677997, 34.172318252650101 ] } },
{ "type": "Feature", "properties": { "DAMAGE": "No Damage", "STRUCTURETYPE": "Single Family Residence Single Story", "index_right": 6808, "score": 0.055, "d_ndvi": -0.012, "ssim": 0.938, "damage_class": "none" }, "geometry": { "type": "Point", "coordinates": [ -118.065924479545004, 34.171134831205698 ] } },
{ "type": "Feature", "properties": { "DAMAGE": "No Damage", "STRUCTURETYPE": "Single Family Residence Single Story", "index_right": 6520, "score": 0.092, "d_ndvi": -0.016, "ssim": 0.882, "damage_class": "none" }, "geometry": { "type": "Point", "coordinates": [ -118.067658236127997, 34.172190692449703 ] } },
{ "type": "Feature", "properties": { "DAMAGE": "No Damage", "STRUCTURETYPE": "Single Family Residence Single Story", "index_right": 6770, "score": 0.096, "d_ndvi": -0.039, "ssim": 0.898, "damage_class": "none" }, "geometry": { "type": "Point", "coordinates": [ -118.086354803863998, 34.170999701602398 ] } },
{ "type": "Feature", "properties": { "DAMAGE": "No Damage", "STRUCTURETYPE": "Single Family Residence Single Story", "index_right": 6770, "score": 0.096, "d_ndvi": -0.039, "ssim": 0.898, "damage_class": "none" }, "geometry": { "type": "Point", "coordinates": [ -118.086487346691001, 34.170700837523498 ] } },
{ "type": "Feature", "properties": { "DAMAGE": "No Damage", "STRUCTURETYPE": "Single Family Residence Single Story", "index_right": 6865, "score": 0.082, "d_ndvi": -0.009, "ssim": 0.891, "damage_class": "none" }, "geometry": { "type": "Point", "coordinates": [ -118.086683252187001, 34.170520747978301 ] } },
{ "type": "Feature", "properties": { "DAMAGE": "No Damage", "STRUCTURETYPE": "Single Family Residence Single Story", "index_right": 6866, "score": 0.086, "d_ndvi": -0.003, "ssim": 0.874, "damage_class": "none" }, "geometry": { "type": "Point", "coordinates": [ -118.086132438492001, 34.170469411714599 ] } },
{ "type": "Feature", "properties": { "DAMAGE": "No Damage", "STRUCTURETYPE": "Single Family Residence Single Story", "index_right": 6960, "score": 0.104, "d_ndvi": -0.036, "ssim": 0.876, "damage_class": "none" }, "geometry": { "type": "Point", "coordinates": [ -118.086227579961999, 34.170097917615003 ] } },
{ "type": "Feature", "properties": { "DAMAGE": "No Damage", "STRUCTURETYPE": "Single Family Residence Multi Story", "index_right": 7055, "score": 0.104, "d_ndvi": -0.047, "ssim": 0.9, "damage_class": "none" }, "geometry": { "type": "Point", "coordinates": [ -118.086540301479005, 34.169464235568398 ] } },
{ "type": "Feature", "properties": { "DAMAGE": "No Damage", "STRUCTURETYPE": "Single Family Residence Single Story", "index_right": 6960, "score": 0.104, "d_ndvi": -0.036, "ssim": 0.876, "damage_class": "none" }, "geometry": { "type": "Point", "coordinates": [ -118.086573413379995, 34.169969937842403 ] } },
{ "type": "Feature", "properties": { "DAMAGE": "No Damage", "STRUCTURETYPE": "Single Family Residence Multi Story", "index_right": 7151, "score": 0.048, "d_ndvi": -0.023, "ssim": 0.938, "damage_class": "none" }, "geometry": { "type": "Point", "coordinates": [ -118.086107127560993, 34.1689463676786 ] } },
{ "type": "Feature", "properties": { "DAMAGE": "No Damage", "STRUCTURETYPE": "Single Family Residence Single Story", "index_right": 7055, "score": 0.104, "d_ndvi": -0.047, "ssim": 0.9, "damage_class": "none" }, "geometry": { "type": "Point", "coordinates": [ -118.086295635430005, 34.169360090091502 ] } },
{ "type": "Feature", "properties": { "DAMAGE": "No Damage", "STRUCTURETYPE": "Utility Misc Structure", "index_right": 7150, "score": 0.044, "d_ndvi": -0.016, "ssim": 0.942, "damage_class": "none" }, "geometry": { "type": "Point", "coordinates": [ -118.086377070405007, 34.169270772321397 ] } },
{ "type": "Feature", "properties": { "DAMAGE": "No Damage", "STRUCTURETYPE": "Single Family Residence Single Story", "index_right": 7057, "score": 0.064, "d_ndvi": -0.032, "ssim": 0.929, "damage_class": "none" }, "geometry": { "type": "Point", "coordinates": [ -118.085563380912006, 34.169598039447798 ] } },
{ "type": "Feature", "properties": { "DAMAGE": "No Damage", "STRUCTURETYPE": "Single Family Residence Single Story", "index_right": 7057, "score": 0.064, "d_ndvi": -0.032, "ssim": 0.929, "damage_class": "none" }, "geometry": { "type": "Point", "coordinates": [ -118.085498378818002, 34.169321340794298 ] } },
{ "type": "Feature", "properties": { "DAMAGE": "No Damage", "STRUCTURETYPE": "Utility Misc Structure", "index_right": 7057, "score": 0.064, "d_ndvi": -0.032, "ssim": 0.929, "damage_class": "none" }, "geometry": { "type": "Point", "coordinates": [ -118.085422092087995, 34.169480635336498 ] } },
{ "type": "Feature", "properties": { "DAMAGE": "No Damage", "STRUCTURETYPE": "Single Family Residence Single Story", "index_right": 6961, "score": 0.094, "d_ndvi": -0.042, "ssim": 0.892, "damage_class": "none" }, "geometry": { "type": "Point", "coordinates": [ -118.085902056554005, 34.169765516600798 ] } },
{ "type": "Feature", "properties": { "DAMAGE": "No Damage", "STRUCTURETYPE": "Single Family Residence Single Story", "index_right": 6520, "score": 0.092, "d_ndvi": -0.016, "ssim": 0.882, "damage_class": "none" }, "geometry": { "type": "Point", "coordinates": [ -118.067982916017996, 34.172199324997202 ] } },
{ "type": "Feature", "properties": { "DAMAGE": "No Damage", "STRUCTURETYPE": "Utility Misc Structure", "index_right": 6521, "score": 0.106, "d_ndvi": -0.057, "ssim": 0.9, "damage_class": "none" }, "geometry": { "type": "Point", "coordinates": [ -118.067113963964999, 34.172447404638902 ] } },
{ "type": "Feature", "properties": { "DAMAGE": "No Damage", "STRUCTURETYPE": "Single Family Residence Multi Story", "index_right": 6425, "score": 0.072, "d_ndvi": -0.057, "ssim": 0.954, "damage_class": "none" }, "geometry": { "type": "Point", "coordinates": [ -118.067661884185995, 34.172946947089898 ] } },
{ "type": "Feature", "properties": { "DAMAGE": "No Damage", "STRUCTURETYPE": "Single Family Residence Single Story", "index_right": 6426, "score": 0.045, "d_ndvi": -0.02, "ssim": 0.954, "damage_class": "none" }, "geometry": { "type": "Point", "coordinates": [ -118.067061397250001, 34.172708162134498 ] } },
{ "type": "Feature", "properties": { "DAMAGE": "No Damage", "STRUCTURETYPE": "Single Family Residence Multi Story", "index_right": 6427, "score": 0.061, "d_ndvi": -0.026, "ssim": 0.934, "damage_class": "none" }, "geometry": { "type": "Point", "coordinates": [ -118.066441119529003, 34.172627651351903 ] } },
{ "type": "Feature", "properties": { "DAMAGE": "Destroyed (>50%)", "STRUCTURETYPE": "Single Family Residence Single Story", "index_right": 6429, "score": 0.234, "d_ndvi": -0.099, "ssim": 0.774, "damage_class": "moderate" }, "geometry": { "type": "Point", "coordinates": [ -118.065877210284995, 34.172682475890298 ] } },
{ "type": "Feature", "properties": { "DAMAGE": "No Damage", "STRUCTURETYPE": "Single Family Residence Single Story", "index_right": 6239, "score": 0.061, "d_ndvi": -0.022, "ssim": 0.916, "damage_class": "none" }, "geometry": { "type": "Point", "coordinates": [ -118.065871033378002, 34.173485999496698 ] } },
{ "type": "Feature", "properties": { "DAMAGE": "No Damage", "STRUCTURETYPE": "Single Family Residence Single Story", "index_right": 6144, "score": 0.1, "d_ndvi": -0.043, "ssim": 0.895, "damage_class": "none" }, "geometry": { "type": "Point", "coordinates": [ -118.065874337381999, 34.173991571394502 ] } },
{ "type": "Feature", "properties": { "DAMAGE": "Destroyed (>50%)", "STRUCTURETYPE": "Single Family Residence Multi Story", "index_right": 6048, "score": 0.204, "d_ndvi": -0.022, "ssim": 0.746, "damage_class": "moderate" }, "geometry": { "type": "Point", "coordinates": [ -118.066423517041002, 34.174770627668998 ] } },
{ "type": "Feature", "properties": { "DAMAGE": "No Damage", "STRUCTURETYPE": "Utility Misc Structure", "index_right": 5857, "score": 0.547, "d_ndvi": -0.227, "ssim": 0.538, "damage_class": "severe" }, "geometry": { "type": "Point", "coordinates": [ -118.066949701626001, 34.175385215817897 ] } },
{ "type": "Feature", "properties": { "DAMAGE": "No Damage", "STRUCTURETYPE": "Single Family Residence Multi Story", "index_right": 5951, "score": 0.13, "d_ndvi": -0.038, "ssim": 0.846, "damage_class": "none" }, "geometry": { "type": "Point", "coordinates": [ -118.067008827839004, 34.175023152258397 ] } },
{ "type": "Feature", "properties": { "DAMAGE": "No Damage", "STRUCTURETYPE": "Single Family Residence Multi Story", "index_right": 5951, "score": 0.13, "d_ndvi": -0.038, "ssim": 0.846, "damage_class": "none" }, "geometry": { "type": "Point", "coordinates": [ -118.067506695728994, 34.1747947690763 ] } },
{ "type": "Feature", "properties": { "DAMAGE": "No Damage", "STRUCTURETYPE": "Single Family Residence Single Story", "index_right": 6047, "score": 0.242, "d_ndvi": -0.029, "ssim": 0.706, "damage_class": "moderate" }, "geometry": { "type": "Point", "coordinates": [ -118.066941444310999, 34.174564797050699 ] } },
{ "type": "Feature", "properties": { "DAMAGE": "No Damage", "STRUCTURETYPE": "Single Family Residence Single Story", "index_right": 6520, "score": 0.092, "d_ndvi": -0.016, "ssim": 0.882, "damage_class": "none" }, "geometry": { "type": "Point", "coordinates": [ -118.067885833288003, 34.1724815252038 ] } },
{ "type": "Feature", "properties": { "DAMAGE": "No Damage", "STRUCTURETYPE": "Single Family Residence Single Story", "index_right": 6425, "score": 0.072, "d_ndvi": -0.057, "ssim": 0.954, "damage_class": "none" }, "geometry": { "type": "Point", "coordinates": [ -118.067914012540001, 34.172680802732003 ] } },
{ "type": "Feature", "properties": { "DAMAGE": "No Damage", "STRUCTURETYPE": "Single Family Residence Multi Story", "index_right": 6330, "score": 0.1, "d_ndvi": -0.032, "ssim": 0.886, "damage_class": "none" }, "geometry": { "type": "Point", "coordinates": [ -118.067834431687999, 34.173020979690698 ] } },
{ "type": "Feature", "properties": { "DAMAGE": "No Damage", "STRUCTURETYPE": "Single Family Residence Single Story", "index_right": 6426, "score": 0.045, "d_ndvi": -0.02, "ssim": 0.954, "damage_class": "none" }, "geometry": { "type": "Point", "coordinates": [ -118.067324558712002, 34.172835279337797 ] } },
{ "type": "Feature", "properties": { "DAMAGE": "No Damage", "STRUCTURETYPE": "Single Family Residence Single Story", "index_right": 6427, "score": 0.061, "d_ndvi": -0.026, "ssim": 0.934, "damage_class": "none" }, "geometry": { "type": "Point", "coordinates": [ -118.066768988438, 34.172613147407297 ] } },
{ "type": "Feature", "properties": { "DAMAGE": "No Damage", "STRUCTURETYPE": "Single Family Residence Single Story", "index_right": 6428, "score": 0.15, "d_ndvi": -0.087, "ssim": 0.877, "damage_class": "moderate" }, "geometry": { "type": "Point", "coordinates": [ -118.066184285800006, 34.172586313430898 ] } },
{ "type": "Feature", "properties": { "DAMAGE": "Destroyed (>50%)", "STRUCTURETYPE": "Single Family Residence Single Story", "index_right": 6429, "score": 0.234, "d_ndvi": -0.099, "ssim": 0.774, "damage_class": "moderate" }, "geometry": { "type": "Point", "coordinates": [ -118.065787408310001, 34.1729127561076 ] } },
{ "type": "Feature", "properties": { "DAMAGE": "Destroyed (>50%)", "STRUCTURETYPE": "Single Family Residence Single Story", "index_right": 6333, "score": 0.196, "d_ndvi": -0.046, "ssim": 0.775, "damage_class": "moderate" }, "geometry": { "type": "Point", "coordinates": [ -118.065894440779999, 34.173159800582397 ] } },
{ "type": "Feature", "properties": { "DAMAGE": "No Damage", "STRUCTURETYPE": "Single Family Residence Single Story", "index_right": 6239, "score": 0.061, "d_ndvi": -0.022, "ssim": 0.916, "damage_class": "none" }, "geometry": { "type": "Point", "coordinates": [ -118.065860686582994, 34.173741195312502 ] } },
{ "type": "Feature", "properties": { "DAMAGE": "Destroyed (>50%)", "STRUCTURETYPE": "Single Family Residence Single Story", "index_right": 6049, "score": 0.264, "d_ndvi": -0.166, "ssim": 0.834, "damage_class": "moderate" }, "geometry": { "type": "Point", "coordinates": [ -118.065861230064002, 34.1745919878786 ] } },
{ "type": "Feature", "properties": { "DAMAGE": "No Damage", "STRUCTURETYPE": "Single Family Residence Single Story", "index_right": 5952, "score": 0.201, "d_ndvi": -0.037, "ssim": 0.763, "damage_class": "moderate" }, "geometry": { "type": "Point", "coordinates": [ -118.066709316946998, 34.174907260674203 ] } },
{ "type": "Feature", "properties": { "DAMAGE": "No Damage", "STRUCTURETYPE": "Single Family Residence Multi Story", "index_right": 5951, "score": 0.13, "d_ndvi": -0.038, "ssim": 0.846, "damage_class": "none" }, "geometry": { "type": "Point", "coordinates": [ -118.067435771042994, 34.175133481588503 ] } },
{ "type": "Feature", "properties": { "DAMAGE": "Destroyed (>50%)", "STRUCTURETYPE": "Utility Misc Structure", "index_right": 5950, "score": 0.134, "d_ndvi": -0.085, "ssim": 0.891, "damage_class": "none" }, "geometry": { "type": "Point", "coordinates": [ -118.067675196319996, 34.175212816471699 ] } },
{ "type": "Feature", "properties": { "DAMAGE": "No Damage", "STRUCTURETYPE": "Single Family Residence Multi Story", "index_right": 6046, "score": 0.103, "d_ndvi": -0.057, "ssim": 0.901, "damage_class": "none" }, "geometry": { "type": "Point", "coordinates": [ -118.067216795912003, 34.174679647135797 ] } },
{ "type": "Feature", "properties": { "DAMAGE": "Destroyed (>50%)", "STRUCTURETYPE": "Single Family Residence Multi Story", "index_right": 6047, "score": 0.242, "d_ndvi": -0.029, "ssim": 0.706, "damage_class": "moderate" }, "geometry": { "type": "Point", "coordinates": [ -118.066598847522997, 34.174437488476201 ] } },
{ "type": "Feature", "properties": { "DAMAGE": "No Damage", "STRUCTURETYPE": "Single Family Residence Single Story", "index_right": 6238, "score": 0.057, "d_ndvi": -0.015, "ssim": 0.915, "damage_class": "none" }, "geometry": { "type": "Point", "coordinates": [ -118.066382639203994, 34.173863845758 ] } },
{ "type": "Feature", "properties": { "DAMAGE": "Inaccessible", "STRUCTURETYPE": "Single Family Residence Multi Story", "index_right": 6237, "score": 0.078, "d_ndvi": -0.023, "ssim": 0.902, "damage_class": "none" }, "geometry": { "type": "Point", "coordinates": [ -118.066605977451999, 34.173906576569998 ] } },
{ "type": "Feature", "properties": { "DAMAGE": "No Damage", "STRUCTURETYPE": "Single Family Residence Single Story", "index_right": 6142, "score": 0.079, "d_ndvi": -0.025, "ssim": 0.905, "damage_class": "none" }, "geometry": { "type": "Point", "coordinates": [ -118.066912227505, 34.1740174053093 ] } },
{ "type": "Feature", "properties": { "DAMAGE": "No Damage", "STRUCTURETYPE": "Single Family Residence Single Story", "index_right": 6141, "score": 0.098, "d_ndvi": -0.029, "ssim": 0.881, "damage_class": "none" }, "geometry": { "type": "Point", "coordinates": [ -118.067434437943007, 34.174258888856897 ] } },
{ "type": "Feature", "properties": { "DAMAGE": "Minor (10-25%)", "STRUCTURETYPE": "Single Family Residence Multi Story", "index_right": 6143, "score": 0.089, "d_ndvi": -0.003, "ssim": 0.886, "damage_class": "none" }, "geometry": { "type": "Point", "coordinates": [ -118.066380335025002, 34.174316089679103 ] } },
{ "type": "Feature", "properties": { "DAMAGE": "Affected (1-9%)", "STRUCTURETYPE": "Single Family Residence Single Story", "index_right": 6141, "score": 0.098, "d_ndvi": -0.029, "ssim": 0.881, "damage_class": "none" }, "geometry": { "type": "Point", "coordinates": [ -118.067181782277999, 34.174150104996897 ] } },
{ "type": "Feature", "properties": { "DAMAGE": "No Damage", "STRUCTURETYPE": "Single Family Residence Single Story", "index_right": 6140, "score": 0.047, "d_ndvi": -0.019, "ssim": 0.936, "damage_class": "none" }, "geometry": { "type": "Point", "coordinates": [ -118.067719484161998, 34.174312405609903 ] } },
{ "type": "Feature", "properties": { "DAMAGE": "No Damage", "STRUCTURETYPE": "Single Family Residence Single Story", "index_right": 6045, "score": 0.165, "d_ndvi": -0.039, "ssim": 0.808, "damage_class": "moderate" }, "geometry": { "type": "Point", "coordinates": [ -118.068037993524001, 34.174460273631297 ] } },
{ "type": "Feature", "properties": { "DAMAGE": "Affected (1-9%)", "STRUCTURETYPE": "Single Family Residence Single Story", "index_right": 6045, "score": 0.165, "d_ndvi": -0.039, "ssim": 0.808, "damage_class": "moderate" }, "geometry": { "type": "Point", "coordinates": [ -118.067969578730995, 34.174772662554403 ] } },
{ "type": "Feature", "properties": { "DAMAGE": "No Damage", "STRUCTURETYPE": "Single Family Residence Single Story", "index_right": 5950, "score": 0.134, "d_ndvi": -0.085, "ssim": 0.891, "damage_class": "none" }, "geometry": { "type": "Point", "coordinates": [ -118.067966942175005, 34.175006885856803 ] } },
{ "type": "Feature", "properties": { "DAMAGE": "Major (26-50%)", "STRUCTURETYPE": "Single Family Residence Multi Story", "index_right": 5949, "score": 0.145, "d_ndvi": -0.058, "ssim": 0.86, "damage_class": "none" }, "geometry": { "type": "Point", "coordinates": [ -118.068487965938004, 34.175067053764799 ] } },
{ "type": "Feature", "properties": { "DAMAGE": "Affected (1-9%)", "STRUCTURETYPE": "Single Family Residence Single Story", "index_right": 6044, "score": 0.084, "d_ndvi": -0.017, "ssim": 0.88, "damage_class": "none" }, "geometry": { "type": "Point", "coordinates": [ -118.068485491977995, 34.174608993103803 ] } },
{ "type": "Feature", "properties": { "DAMAGE": "No Damage", "STRUCTURETYPE": "Single Family Residence Single Story", "index_right": 6139, "score": 0.077, "d_ndvi": -0.055, "ssim": 0.942, "damage_class": "none" }, "geometry": { "type": "Point", "coordinates": [ -118.068311768582006, 34.174088299149297 ] } },
{ "type": "Feature", "properties": { "DAMAGE": "Affected (1-9%)", "STRUCTURETYPE": "Single Family Residence Single Story", "index_right": 6235, "score": 0.089, "d_ndvi": -0.033, "ssim": 0.895, "damage_class": "none" }, "geometry": { "type": "Point", "coordinates": [ -118.067709813798004, 34.1738805360092 ] } },
{ "type": "Feature", "properties": { "DAMAGE": "No Damage", "STRUCTURETYPE": "Single Family Residence Multi Story", "index_right": 6237, "score": 0.078, "d_ndvi": -0.023, "ssim": 0.902, "damage_class": "none" }, "geometry": { "type": "Point", "coordinates": [ -118.066674110175001, 34.173471779606899 ] } },
{ "type": "Feature", "properties": { "DAMAGE": "No Damage", "STRUCTURETYPE": "Single Family Residence Single Story", "index_right": 6332, "score": 0.152, "d_ndvi": -0.063, "ssim": 0.853, "damage_class": "moderate" }, "geometry": { "type": "Point", "coordinates": [ -118.066435346955004, 34.173396552314301 ] } },
{ "type": "Feature", "properties": { "DAMAGE": "Destroyed (>50%)", "STRUCTURETYPE": "Single Family Residence Single Story", "index_right": 6331, "score": 0.343, "d_ndvi": -0.108, "ssim": 0.658, "damage_class": "severe" }, "geometry": { "type": "Point", "coordinates": [ -118.066986499314993, 34.173137052980302 ] } },
{ "type": "Feature", "properties": { "DAMAGE": "Destroyed (>50%)", "STRUCTURETYPE": "Single Family Residence Single Story", "index_right": 6330, "score": 0.1, "d_ndvi": -0.032, "ssim": 0.886, "damage_class": "none" }, "geometry": { "type": "Point", "coordinates": [ -118.067550652093004, 34.173377039241899 ] } },
{ "type": "Feature", "properties": { "DAMAGE": "Affected (1-9%)", "STRUCTURETYPE": "Single Family Residence Single Story", "index_right": 5948, "score": 0.119, "d_ndvi": -0.051, "ssim": 0.886, "damage_class": "none" }, "geometry": { "type": "Point", "coordinates": [ -118.068807930570998, 34.175085487322001 ] } },
{ "type": "Feature", "properties": { "DAMAGE": "No Damage", "STRUCTURETYPE": "Single Family Residence Single Story", "index_right": 6044, "score": 0.084, "d_ndvi": -0.017, "ssim": 0.88, "damage_class": "none" }, "geometry": { "type": "Point", "coordinates": [ -118.068431443940995, 34.174347001815299 ] } },
{ "type": "Feature", "properties": { "DAMAGE": "No Damage", "STRUCTURETYPE": "Single Family Residence Single Story", "index_right": 6139, "score": 0.077, "d_ndvi": -0.055, "ssim": 0.942, "damage_class": "none" }, "geometry": { "type": "Point", "coordinates": [ -118.068040565401006, 34.173954289830903 ] } },
{ "type": "Feature", "properties": { "DAMAGE": "No Damage", "STRUCTURETYPE": "Single Family Residence Single Story", "index_right": 6236, "score": 0.085, "d_ndvi": -0.031, "ssim": 0.904, "damage_class": "none" }, "geometry": { "type": "Point", "coordinates": [ -118.067339283896004, 34.173768189454997 ] } },
{ "type": "Feature", "properties": { "DAMAGE": "Minor (10-25%)", "STRUCTURETYPE": "Single Family Residence Single Story", "index_right": 6236, "score": 0.085, "d_ndvi": -0.031, "ssim": 0.904, "damage_class": "none" }, "geometry": { "type": "Point", "coordinates": [ -118.067055139584994, 34.1736239723624 ] } },
{ "type": "Feature", "properties": { "DAMAGE": "No Damage", "STRUCTURETYPE": "Single Family Residence Single Story", "index_right": 6332, "score": 0.152, "d_ndvi": -0.063, "ssim": 0.853, "damage_class": "moderate" }, "geometry": { "type": "Point", "coordinates": [ -118.066661797864995, 34.173046857009098 ] } },
{ "type": "Feature", "properties": { "DAMAGE": "Destroyed (>50%)", "STRUCTURETYPE": "Single Family Residence Single Story", "index_right": 6331, "score": 0.343, "d_ndvi": -0.108, "ssim": 0.658, "damage_class": "severe" }, "geometry": { "type": "Point", "coordinates": [ -118.067242809326004, 34.173241756410299 ] } },
{ "type": "Feature", "properties": { "DAMAGE": "No Damage", "STRUCTURETYPE": "Single Family Residence Single Story", "index_right": 6235, "score": 0.089, "d_ndvi": -0.033, "ssim": 0.895, "damage_class": "none" }, "geometry": { "type": "Point", "coordinates": [ -118.067802778650005, 34.173512317397403 ] } },
{ "type": "Feature", "properties": { "DAMAGE": "No Damage", "STRUCTURETYPE": "Single Family Residence Single Story", "index_right": 6234, "score": 0.143, "d_ndvi": -0.093, "ssim": 0.894, "damage_class": "none" }, "geometry": { "type": "Point", "coordinates": [ -118.068189984876994, 34.173557213364298 ] } },
{ "type": "Feature", "properties": { "DAMAGE": "Affected (1-9%)", "STRUCTURETYPE": "Single Family Residence Single Story", "index_right": 6138, "score": 0.162, "d_ndvi": -0.117, "ssim": 0.9, "damage_class": "moderate" }, "geometry": { "type": "Point", "coordinates": [ -118.068835207915001, 34.173888003775197 ] } },
{ "type": "Feature", "properties": { "DAMAGE": "No Damage", "STRUCTURETYPE": "Single Family Residence Single Story", "index_right": 6137, "score": 0.12, "d_ndvi": -0.024, "ssim": 0.853, "damage_class": "none" }, "geometry": { "type": "Point", "coordinates": [ -118.069128993844004, 34.174262928180902 ] } },
{ "type": "Feature", "properties": { "DAMAGE": "No Damage", "STRUCTURETYPE": "Single Family Residence Single Story", "index_right": 6042, "score": 0.13, "d_ndvi": -0.036, "ssim": 0.858, "damage_class": "none" }, "geometry": { "type": "Point", "coordinates": [ -118.069174498902996, 34.174713270339403 ] } },
{ "type": "Feature", "properties": { "DAMAGE": "Destroyed (>50%)", "STRUCTURETYPE": "Single Family Residence Single Story", "index_right": 5947, "score": 0.542, "d_ndvi": -0.224, "ssim": 0.509, "damage_class": "severe" }, "geometry": { "type": "Point", "coordinates": [ -118.069619288935996, 34.175043665296002 ] } },
{ "type": "Feature", "properties": { "DAMAGE": "Destroyed (>50%)", "STRUCTURETYPE": "Single Family Residence Single Story", "index_right": 5852, "score": 0.328, "d_ndvi": -0.16, "ssim": 0.724, "damage_class": "severe" }, "geometry": { "type": "Point", "coordinates": [ -118.069411046875999, 34.175349283028098 ] } },
{ "type": "Feature", "properties": { "DAMAGE": "Destroyed (>50%)", "STRUCTURETYPE": "Single Family Residence Single Story", "index_right": 6233, "score": 0.228, "d_ndvi": -0.078, "ssim": 0.778, "damage_class": "moderate" }, "geometry": { "type": "Point", "coordinates": [ -118.068582926847, 34.173708838895998 ] } },
{ "type": "Feature", "properties": { "DAMAGE": "No Damage", "STRUCTURETYPE": "Single Family Residence Single Story", "index_right": 6138, "score": 0.162, "d_ndvi": -0.117, "ssim": 0.9, "damage_class": "moderate" }, "geometry": { "type": "Point", "coordinates": [ -118.069043965606994, 34.174059174332903 ] } },
{ "type": "Feature", "properties": { "DAMAGE": "No Damage", "STRUCTURETYPE": "Single Family Residence Multi Story", "index_right": 6042, "score": 0.13, "d_ndvi": -0.036, "ssim": 0.858, "damage_class": "none" }, "geometry": { "type": "Point", "coordinates": [ -118.069239322231994, 34.174475779840598 ] } },
{ "type": "Feature", "properties": { "DAMAGE": "Destroyed (>50%)", "STRUCTURETYPE": "Single Family Residence Single Story", "index_right": 5947, "score": 0.542, "d_ndvi": -0.224, "ssim": 0.509, "damage_class": "severe" }, "geometry": { "type": "Point", "coordinates": [ -118.069414659901, 34.174901519452597 ] } },
{ "type": "Feature", "properties": { "DAMAGE": "Destroyed (>50%)", "STRUCTURETYPE": "Single Family Residence Single Story", "index_right": 5850, "score": 0.275, "d_ndvi": -0.116, "ssim": 0.747, "damage_class": "moderate" }, "geometry": { "type": "Point", "coordinates": [ -118.070217301911995, 34.175377479890699 ] } },
{ "type": "Feature", "properties": { "DAMAGE": "Destroyed (>50%)", "STRUCTURETYPE": "Single Family Residence Single Story", "index_right": 5851, "score": 0.413, "d_ndvi": -0.192, "ssim": 0.686, "damage_class": "severe" }, "geometry": { "type": "Point", "coordinates": [ -118.069801266053005, 34.175256925231302 ] } },
{ "type": "Feature", "properties": { "DAMAGE": "No Damage", "STRUCTURETYPE": "Single Family Residence Multi Story", "index_right": 5756, "score": 0.203, "d_ndvi": -0.107, "ssim": 0.83, "damage_class": "moderate" }, "geometry": { "type": "Point", "coordinates": [ -118.070022610939006, 34.175817004885403 ] } },
{ "type": "Feature", "properties": { "DAMAGE": "No Damage", "STRUCTURETYPE": "Single Family Residence Single Story", "index_right": 5850, "score": 0.275, "d_ndvi": -0.116, "ssim": 0.747, "damage_class": "moderate" }, "geometry": { "type": "Point", "coordinates": [ -118.070660421078998, 34.175632916726997 ] } },
{ "type": "Feature", "properties": { "DAMAGE": "No Damage", "STRUCTURETYPE": "Single Family Residence Multi Story", "index_right": 5754, "score": 0.185, "d_ndvi": -0.085, "ssim": 0.838, "damage_class": "moderate" }, "geometry": { "type": "Point", "coordinates": [ -118.071154316619001, 34.175935662120899 ] } },
{ "type": "Feature", "properties": { "DAMAGE": "No Damage", "STRUCTURETYPE": "Utility Misc Structure", "index_right": 5753, "score": 0.196, "d_ndvi": -0.137, "ssim": 0.875, "damage_class": "moderate" }, "geometry": { "type": "Point", "coordinates": [ -118.071354185480999, 34.175864832260899 ] } },
{ "type": "Feature", "properties": { "DAMAGE": "No Damage", "STRUCTURETYPE": "Single Family Residence Single Story", "index_right": 5754, "score": 0.185, "d_ndvi": -0.085, "ssim": 0.838, "damage_class": "moderate" }, "geometry": { "type": "Point", "coordinates": [ -118.07095773559, 34.175689460378202 ] } },
{ "type": "Feature", "properties": { "DAMAGE": "No Damage", "STRUCTURETYPE": "Single Family Residence Single Story", "index_right": 5848, "score": 0.151, "d_ndvi": -0.126, "ssim": 0.898, "damage_class": "moderate" }, "geometry": { "type": "Point", "coordinates": [ -118.071678885134006, 34.175360676969703 ] } },
{ "type": "Feature", "properties": { "DAMAGE": "No Damage", "STRUCTURETYPE": "Commercial Building Single Story", "index_right": 7354, "score": 0.111, "d_ndvi": -0.048, "ssim": 0.878, "damage_class": "none" }, "geometry": { "type": "Point", "coordinates": [ -118.079126810866001, 34.168399354233401 ] } },
{ "type": "Feature", "properties": { "DAMAGE": "No Damage", "STRUCTURETYPE": "Commercial Building Single Story", "index_right": 7258, "score": 0.182, "d_ndvi": -0.052, "ssim": 0.799, "damage_class": "moderate" }, "geometry": { "type": "Point", "coordinates": [ -118.079385634364002, 34.1686689370122 ] } },
{ "type": "Feature", "properties": { "DAMAGE": "Destroyed (>50%)", "STRUCTURETYPE": "Single Family Residence Single Story", "index_right": 5753, "score": 0.196, "d_ndvi": -0.137, "ssim": 0.875, "damage_class": "moderate" }, "geometry": { "type": "Point", "coordinates": [ -118.071535752966, 34.1756492506386 ] } },
{ "type": "Feature", "properties": { "DAMAGE": "No Damage", "STRUCTURETYPE": "Single Family Residence Single Story", "index_right": 7730, "score": 0.114, "d_ndvi": -0.015, "ssim": 0.861, "damage_class": "none" }, "geometry": { "type": "Point", "coordinates": [ -118.080844466944995, 34.166229461903001 ] } },
{ "type": "Feature", "properties": { "DAMAGE": "Affected (1-9%)", "STRUCTURETYPE": "Single Family Residence Single Story", "index_right": 7825, "score": 0.072, "d_ndvi": -0.004, "ssim": 0.903, "damage_class": "none" }, "geometry": { "type": "Point", "coordinates": [ -118.080922424541995, 34.165863937004801 ] } },
{ "type": "Feature", "properties": { "DAMAGE": "No Damage", "STRUCTURETYPE": "Single Family Residence Multi Story", "index_right": 5943, "score": 0.068, "d_ndvi": -0.03, "ssim": 0.925, "damage_class": "none" }, "geometry": { "type": "Point", "coordinates": [ -118.071676594430002, 34.175060416256201 ] } },
{ "type": "Feature", "properties": { "DAMAGE": "No Damage", "STRUCTURETYPE": "Utility Misc Structure", "index_right": 5848, "score": 0.151, "d_ndvi": -0.126, "ssim": 0.898, "damage_class": "moderate" }, "geometry": { "type": "Point", "coordinates": [ -118.071783923343006, 34.175222456485798 ] } },
{ "type": "Feature", "properties": { "DAMAGE": "No Damage", "STRUCTURETYPE": "Single Family Residence Single Story", "index_right": 5942, "score": 0.414, "d_ndvi": -0.211, "ssim": 0.666, "damage_class": "severe" }, "geometry": { "type": "Point", "coordinates": [ -118.071956933476997, 34.174780250639998 ] } },
{ "type": "Feature", "properties": { "DAMAGE": "No Damage", "STRUCTURETYPE": "Single Family Residence Single Story", "index_right": 7729, "score": 0.096, "d_ndvi": -0.028, "ssim": 0.889, "damage_class": "none" }, "geometry": { "type": "Point", "coordinates": [ -118.081510600067006, 34.166484470056702 ] } },
{ "type": "Feature", "properties": { "DAMAGE": "No Damage", "STRUCTURETYPE": "Single Family Residence Single Story", "index_right": 7730, "score": 0.114, "d_ndvi": -0.015, "ssim": 0.861, "damage_class": "none" }, "geometry": { "type": "Point", "coordinates": [ -118.081138037277995, 34.166508954996999 ] } },
{ "type": "Feature", "properties": { "DAMAGE": "No Damage", "STRUCTURETYPE": "School", "index_right": 6797, "score": 0.036, "d_ndvi": -0.017, "ssim": 0.975, "damage_class": "none" }, "geometry": { "type": "Point", "coordinates": [ -118.072259665727998, 34.170907088575099 ] } },
{ "type": "Feature", "properties": { "DAMAGE": "No Damage", "STRUCTURETYPE": "School", "index_right": 6797, "score": 0.036, "d_ndvi": -0.017, "ssim": 0.975, "damage_class": "none" }, "geometry": { "type": "Point", "coordinates": [ -118.071770232120002, 34.170871778939798 ] } },
{ "type": "Feature", "properties": { "DAMAGE": "No Damage", "STRUCTURETYPE": "School", "index_right": 6796, "score": 0.03, "d_ndvi": -0.01, "ssim": 0.967, "damage_class": "none" }, "geometry": { "type": "Point", "coordinates": [ -118.072563968233993, 34.171100133346997 ] } },
{ "type": "Feature", "properties": { "DAMAGE": "Destroyed (>50%)", "STRUCTURETYPE": "Single Family Residence Single Story", "index_right": 5847, "score": 0.25, "d_ndvi": -0.179, "ssim": 0.858, "damage_class": "moderate" }, "geometry": { "type": "Point", "coordinates": [ -118.072070007117006, 34.1752234716934 ] } },
{ "type": "Feature", "properties": { "DAMAGE": "Destroyed (>50%)", "STRUCTURETYPE": "Single Family Residence Single Story", "index_right": 5941, "score": 0.354, "d_ndvi": -0.193, "ssim": 0.742, "damage_class": "severe" }, "geometry": { "type": "Point", "coordinates": [ -118.072478224039997, 34.175045153180399 ] } },
{ "type": "Feature", "properties": { "DAMAGE": "No Damage", "STRUCTURETYPE": "School", "index_right": 6892, "score": 0.019, "d_ndvi": -0.001, "ssim": 0.959, "damage_class": "none" }, "geometry": { "type": "Point", "coordinates": [ -118.072047556420998, 34.170529180765399 ] } },
{ "type": "Feature", "properties": { "DAMAGE": "No Damage", "STRUCTURETYPE": "School", "index_right": 6796, "score": 0.03, "d_ndvi": -0.01, "ssim": 0.967, "damage_class": "none" }, "geometry": { "type": "Point", "coordinates": [ -118.072581452143993, 34.170922119766701 ] } },
{ "type": "Feature", "properties": { "DAMAGE": "No Damage", "STRUCTURETYPE": "School", "index_right": 6893, "score": 0.047, "d_ndvi": -0.018, "ssim": 0.925, "damage_class": "none" }, "geometry": { "type": "Point", "coordinates": [ -118.071596241026, 34.170540809477899 ] } },
{ "type": "Feature", "properties": { "DAMAGE": "No Damage", "STRUCTURETYPE": "School", "index_right": 6985, "score": 0.069, "d_ndvi": -0.027, "ssim": 0.914, "damage_class": "none" }, "geometry": { "type": "Point", "coordinates": [ -118.072867248457001, 34.1700736678373 ] } },
{ "type": "Feature", "properties": { "DAMAGE": "No Damage", "STRUCTURETYPE": "School", "index_right": 6985, "score": 0.069, "d_ndvi": -0.027, "ssim": 0.914, "damage_class": "none" }, "geometry": { "type": "Point", "coordinates": [ -118.072873877125005, 34.170142204453199 ] } },
{ "type": "Feature", "properties": { "DAMAGE": "No Damage", "STRUCTURETYPE": "School", "index_right": 6985, "score": 0.069, "d_ndvi": -0.027, "ssim": 0.914, "damage_class": "none" }, "geometry": { "type": "Point", "coordinates": [ -118.072895452861999, 34.170217968293898 ] } },
{ "type": "Feature", "properties": { "DAMAGE": "No Damage", "STRUCTURETYPE": "School", "index_right": 6891, "score": 0.04, "d_ndvi": -0.021, "ssim": 0.946, "damage_class": "none" }, "geometry": { "type": "Point", "coordinates": [ -118.072525461051001, 34.170442930095398 ] } },
{ "type": "Feature", "properties": { "DAMAGE": "No Damage", "STRUCTURETYPE": "School", "index_right": 6891, "score": 0.04, "d_ndvi": -0.021, "ssim": 0.946, "damage_class": "none" }, "geometry": { "type": "Point", "coordinates": [ -118.072532112177001, 34.170660280544801 ] } },
{ "type": "Feature", "properties": { "DAMAGE": "No Damage", "STRUCTURETYPE": "School", "index_right": 6890, "score": 0.062, "d_ndvi": -0.009, "ssim": 0.908, "damage_class": "none" }, "geometry": { "type": "Point", "coordinates": [ -118.072883857408002, 34.170607304039599 ] } },
{ "type": "Feature", "properties": { "DAMAGE": "No Damage", "STRUCTURETYPE": "School", "index_right": 6891, "score": 0.04, "d_ndvi": -0.021, "ssim": 0.946, "damage_class": "none" }, "geometry": { "type": "Point", "coordinates": [ -118.072797719752003, 34.170609138351097 ] } },
{ "type": "Feature", "properties": { "DAMAGE": "Destroyed (>50%)", "STRUCTURETYPE": "Single Family Residence Single Story", "index_right": 5942, "score": 0.414, "d_ndvi": -0.211, "ssim": 0.666, "damage_class": "severe" }, "geometry": { "type": "Point", "coordinates": [ -118.072188884772004, 34.174876556096201 ] } },
{ "type": "Feature", "properties": { "DAMAGE": "Destroyed (>50%)", "STRUCTURETYPE": "Single Family Residence Multi Story", "index_right": 6036, "score": 0.241, "d_ndvi": -0.117, "ssim": 0.802, "damage_class": "moderate" }, "geometry": { "type": "Point", "coordinates": [ -118.072723885421993, 34.174673707463697 ] } },
{ "type": "Feature", "properties": { "DAMAGE": "No Damage", "STRUCTURETYPE": "Single Family Residence Single Story", "index_right": 6036, "score": 0.241, "d_ndvi": -0.117, "ssim": 0.802, "damage_class": "moderate" }, "geometry": { "type": "Point", "coordinates": [ -118.072454764536005, 34.174451970554401 ] } },
{ "type": "Feature", "properties": { "DAMAGE": "No Damage", "STRUCTURETYPE": "Single Family Residence Single Story", "index_right": 6131, "score": 0.063, "d_ndvi": -0.007, "ssim": 0.91, "damage_class": "none" }, "geometry": { "type": "Point", "coordinates": [ -118.072676943058994, 34.1742619166777 ] } },
{ "type": "Feature", "properties": { "DAMAGE": "No Damage", "STRUCTURETYPE": "Single Family Residence Single Story", "index_right": 6129, "score": 0.126, "d_ndvi": -0.04, "ssim": 0.883, "damage_class": "none" }, "geometry": { "type": "Point", "coordinates": [ -118.073796408294996, 34.174199233928398 ] } },
{ "type": "Feature", "properties": { "DAMAGE": "Destroyed (>50%)", "STRUCTURETYPE": "Single Family Residence Single Story", "index_right": 6129, "score": 0.126, "d_ndvi": -0.04, "ssim": 0.883, "damage_class": "none" }, "geometry": { "type": "Point", "coordinates": [ -118.073427887026, 34.1741249191994 ] } },
{ "type": "Feature", "properties": { "DAMAGE": "Destroyed (>50%)", "STRUCTURETYPE": "Single Family Residence Single Story", "index_right": 6225, "score": 0.318, "d_ndvi": -0.1, "ssim": 0.693, "damage_class": "severe" }, "geometry": { "type": "Point", "coordinates": [ -118.072949983293995, 34.173685363838402 ] } },
{ "type": "Feature", "properties": { "DAMAGE": "Affected (1-9%)", "STRUCTURETYPE": "Single Family Residence Single Story", "index_right": 7824, "score": 0.118, "d_ndvi": -0.078, "ssim": 0.921, "damage_class": "none" }, "geometry": { "type": "Point", "coordinates": [ -118.081790279751004, 34.166096590700199 ] } },
{ "type": "Feature", "properties": { "DAMAGE": "Minor (10-25%)", "STRUCTURETYPE": "Single Family Residence Multi Story", "index_right": 5940, "score": 0.161, "d_ndvi": -0.075, "ssim": 0.847, "damage_class": "moderate" }, "geometry": { "type": "Point", "coordinates": [ -118.072995751560001, 34.174863553060099 ] } },
{ "type": "Feature", "properties": { "DAMAGE": "Destroyed (>50%)", "STRUCTURETYPE": "Single Family Residence Single Story", "index_right": 6035, "score": 0.398, "d_ndvi": -0.092, "ssim": 0.565, "damage_class": "severe" }, "geometry": { "type": "Point", "coordinates": [ -118.073006903245997, 34.174437900954601 ] } },
{ "type": "Feature", "properties": { "DAMAGE": "Destroyed (>50%)", "STRUCTURETYPE": "Single Family Residence Single Story", "index_right": 6035, "score": 0.398, "d_ndvi": -0.092, "ssim": 0.565, "damage_class": "severe" }, "geometry": { "type": "Point", "coordinates": [ -118.073351893145997, 34.174619207682703 ] } },
{ "type": "Feature", "properties": { "DAMAGE": "Affected (1-9%)", "STRUCTURETYPE": "Single Family Residence Multi Story", "index_right": 6034, "score": 0.199, "d_ndvi": -0.085, "ssim": 0.825, "damage_class": "moderate" }, "geometry": { "type": "Point", "coordinates": [ -118.073599012494, 34.174462809443597 ] } },
{ "type": "Feature", "properties": { "DAMAGE": "Destroyed (>50%)", "STRUCTURETYPE": "Single Family Residence Single Story", "index_right": 6130, "score": 0.377, "d_ndvi": -0.106, "ssim": 0.612, "damage_class": "severe" }, "geometry": { "type": "Point", "coordinates": [ -118.073149759630994, 34.174066851667597 ] } },
{ "type": "Feature", "properties": { "DAMAGE": "Affected (1-9%)", "STRUCTURETYPE": "Single Family Residence Multi Story", "index_right": 6131, "score": 0.063, "d_ndvi": -0.007, "ssim": 0.91, "damage_class": "none" }, "geometry": { "type": "Point", "coordinates": [ -118.072827340800004, 34.173940113869399 ] } },
{ "type": "Feature", "properties": { "DAMAGE": "No Damage", "STRUCTURETYPE": "Single Family Residence Single Story", "index_right": 7825, "score": 0.072, "d_ndvi": -0.004, "ssim": 0.903, "damage_class": "none" }, "geometry": { "type": "Point", "coordinates": [ -118.081219299777004, 34.166124934849996 ] } },
{ "type": "Feature", "properties": { "DAMAGE": "Affected (1-9%)", "STRUCTURETYPE": "Single Family Residence Single Story", "index_right": 7919, "score": 0.057, "d_ndvi": 0.0, "ssim": 0.936, "damage_class": "none" }, "geometry": { "type": "Point", "coordinates": [ -118.081496667197001, 34.165615580093998 ] } },
{ "type": "Feature", "properties": { "DAMAGE": "No Damage", "STRUCTURETYPE": "Single Family Residence Single Story", "index_right": 7919, "score": 0.057, "d_ndvi": 0.0, "ssim": 0.936, "damage_class": "none" }, "geometry": { "type": "Point", "coordinates": [ -118.081538437958997, 34.165335971062902 ] } },
{ "type": "Feature", "properties": { "DAMAGE": "No Damage", "STRUCTURETYPE": "Single Family Residence Single Story", "index_right": 8109, "score": 0.06, "d_ndvi": 0.009, "ssim": 0.912, "damage_class": "none" }, "geometry": { "type": "Point", "coordinates": [ -118.081435748844001, 34.164717036561299 ] } },
{ "type": "Feature", "properties": { "DAMAGE": "Destroyed (>50%)", "STRUCTURETYPE": "Single Family Residence Single Story", "index_right": 7176, "score": 0.166, "d_ndvi": -0.015, "ssim": 0.785, "damage_class": "moderate" }, "geometry": { "type": "Point", "coordinates": [ -118.072472159512998, 34.169139883696701 ] } },
{ "type": "Feature", "properties": { "DAMAGE": "Minor (10-25%)", "STRUCTURETYPE": "Utility Misc Structure", "index_right": 7176, "score": 0.166, "d_ndvi": -0.015, "ssim": 0.785, "damage_class": "moderate" }, "geometry": { "type": "Point", "coordinates": [ -118.072376617394994, 34.169185939230701 ] } },
{ "type": "Feature", "properties": { "DAMAGE": "No Damage", "STRUCTURETYPE": "Single Family Residence Single Story", "index_right": 8014, "score": 0.057, "d_ndvi": -0.012, "ssim": 0.934, "damage_class": "none" }, "geometry": { "type": "Point", "coordinates": [ -118.081616174570996, 34.165037512090301 ] } },
{ "type": "Feature", "properties": { "DAMAGE": "No Damage", "STRUCTURETYPE": "School", "index_right": 6985, "score": 0.069, "d_ndvi": -0.027, "ssim": 0.914, "damage_class": "none" }, "geometry": { "type": "Point", "coordinates": [ -118.072925674882995, 34.170285977091602 ] } },
{ "type": "Feature", "properties": { "DAMAGE": "No Damage", "STRUCTURETYPE": "School", "index_right": 6890, "score": 0.062, "d_ndvi": -0.009, "ssim": 0.908, "damage_class": "none" }, "geometry": { "type": "Point", "coordinates": [ -118.072929326535004, 34.170380072077897 ] } },
{ "type": "Feature", "properties": { "DAMAGE": "No Damage", "STRUCTURETYPE": "School", "index_right": 6986, "score": 0.048, "d_ndvi": -0.018, "ssim": 0.926, "damage_class": "none" }, "geometry": { "type": "Point", "coordinates": [ -118.072696873081995, 34.170253313134999 ] } },
{ "type": "Feature", "properties": { "DAMAGE": "No Damage", "STRUCTURETYPE": "School", "index_right": 6891, "score": 0.04, "d_ndvi": -0.021, "ssim": 0.946, "damage_class": "none" }, "geometry": { "type": "Point", "coordinates": [ -118.072702338431995, 34.170319336708701 ] } },
{ "type": "Feature", "properties": { "DAMAGE": "No Damage", "STRUCTURETYPE": "School", "index_right": 6891, "score": 0.04, "d_ndvi": -0.021, "ssim": 0.946, "damage_class": "none" }, "geometry": { "type": "Point", "coordinates": [ -118.072739484666997, 34.170394905661503 ] } },
{ "type": "Feature", "properties": { "DAMAGE": "No Damage", "STRUCTURETYPE": "Single Family Residence Single Story", "index_right": 7540, "score": 0.094, "d_ndvi": 0.005, "ssim": 0.865, "damage_class": "none" }, "geometry": { "type": "Point", "coordinates": [ -118.080972482687997, 34.167384394105099 ] } },
{ "type": "Feature", "properties": { "DAMAGE": "No Damage", "STRUCTURETYPE": "Single Family Residence Single Story", "index_right": 7635, "score": 0.113, "d_ndvi": 0.02, "ssim": 0.83, "damage_class": "none" }, "geometry": { "type": "Point", "coordinates": [ -118.081075340260995, 34.166718387834699 ] } },
{ "type": "Feature", "properties": { "DAMAGE": "Destroyed (>50%)", "STRUCTURETYPE": "Single Family Residence Multi Story", "index_right": 6511, "score": 0.17, "d_ndvi": -0.073, "ssim": 0.837, "damage_class": "moderate" }, "geometry": { "type": "Point", "coordinates": [ -118.072730672193998, 34.172505981648399 ] } },
{ "type": "Feature", "properties": { "DAMAGE": "No Damage", "STRUCTURETYPE": "Single Family Residence Single Story", "index_right": 7445, "score": 0.051, "d_ndvi": 0.003, "ssim": 0.921, "damage_class": "none" }, "geometry": { "type": "Point", "coordinates": [ -118.081022020757004, 34.167852042168199 ] } },
{ "type": "Feature", "properties": { "DAMAGE": "Minor (10-25%)", "STRUCTURETYPE": "Single Family Residence Multi Story", "index_right": 6511, "score": 0.17, "d_ndvi": -0.073, "ssim": 0.837, "damage_class": "moderate" }, "geometry": { "type": "Point", "coordinates": [ -118.072559757830007, 34.172505425718803 ] } },
{ "type": "Feature", "properties": { "DAMAGE": "No Damage", "STRUCTURETYPE": "Single Family Residence Single Story", "index_right": 7350, "score": 0.066, "d_ndvi": -0.024, "ssim": 0.933, "damage_class": "none" }, "geometry": { "type": "Point", "coordinates": [ -118.081068687338004, 34.168257677344101 ] } },
{ "type": "Feature", "properties": { "DAMAGE": "No Damage", "STRUCTURETYPE": "Single Family Residence Single Story", "index_right": 7351, "score": 0.055, "d_ndvi": -0.005, "ssim": 0.939, "damage_class": "none" }, "geometry": { "type": "Point", "coordinates": [ -118.080354859962, 34.168187900927897 ] } },
{ "type": "Feature", "properties": { "DAMAGE": "Destroyed (>50%)", "STRUCTURETYPE": "Single Family Residence Single Story", "index_right": 6225, "score": 0.318, "d_ndvi": -0.1, "ssim": 0.693, "damage_class": "severe" }, "geometry": { "type": "Point", "coordinates": [ -118.073039164443003, 34.173474623882299 ] } },
{ "type": "Feature", "properties": { "DAMAGE": "Affected (1-9%)", "STRUCTURETYPE": "Single Family Residence Single Story", "index_right": 6319, "score": 0.082, "d_ndvi": -0.017, "ssim": 0.887, "damage_class": "none" }, "geometry": { "type": "Point", "coordinates": [ -118.073469686533997, 34.173275622474598 ] } },
{ "type": "Feature", "properties": { "DAMAGE": "No Damage", "STRUCTURETYPE": "Single Family Residence Single Story", "index_right": 6319, "score": 0.082, "d_ndvi": -0.017, "ssim": 0.887, "damage_class": "none" }, "geometry": { "type": "Point", "coordinates": [ -118.073739286221993, 34.173275994081898 ] } },
{ "type": "Feature", "properties": { "DAMAGE": "No Damage", "STRUCTURETYPE": "Single Family Residence Single Story", "index_right": 6129, "score": 0.126, "d_ndvi": -0.04, "ssim": 0.883, "damage_class": "none" }, "geometry": { "type": "Point", "coordinates": [ -118.073783187787996, 34.1738500384131 ] } },
{ "type": "Feature", "properties": { "DAMAGE": "Affected (1-9%)", "STRUCTURETYPE": "Single Family Residence Single Story", "index_right": 6223, "score": 0.179, "d_ndvi": -0.026, "ssim": 0.77, "damage_class": "moderate" }, "geometry": { "type": "Point", "coordinates": [ -118.074192945321997, 34.1735288137398 ] } },
{ "type": "Feature", "properties": { "DAMAGE": "Affected (1-9%)", "STRUCTURETYPE": "Single Family Residence Single Story", "index_right": 6318, "score": 0.181, "d_ndvi": -0.074, "ssim": 0.822, "damage_class": "moderate" }, "geometry": { "type": "Point", "coordinates": [ -118.074430685359999, 34.173114410908703 ] } },
{ "type": "Feature", "properties": { "DAMAGE": "No Damage", "STRUCTURETYPE": "Single Family Residence Single Story", "index_right": 6412, "score": 0.102, "d_ndvi": -0.034, "ssim": 0.887, "damage_class": "none" }, "geometry": { "type": "Point", "coordinates": [ -118.074701657673998, 34.172724160676999 ] } },
{ "type": "Feature", "properties": { "DAMAGE": "Destroyed (>50%)", "STRUCTURETYPE": "Utility Misc Structure", "index_right": 6506, "score": 0.499, "d_ndvi": -0.249, "ssim": 0.645, "damage_class": "severe" }, "geometry": { "type": "Point", "coordinates": [ -118.075057492935002, 34.1724290091529 ] } },
{ "type": "Feature", "properties": { "DAMAGE": "Affected (1-9%)", "STRUCTURETYPE": "Single Family Residence Single Story", "index_right": 6507, "score": 0.077, "d_ndvi": -0.022, "ssim": 0.904, "damage_class": "none" }, "geometry": { "type": "Point", "coordinates": [ -118.074830144608001, 34.172315664004401 ] } },
{ "type": "Feature", "properties": { "DAMAGE": "No Damage", "STRUCTURETYPE": "Utility Misc Structure", "index_right": 7351, "score": 0.055, "d_ndvi": -0.005, "ssim": 0.939, "damage_class": "none" }, "geometry": { "type": "Point", "coordinates": [ -118.080369747741003, 34.168326059350399 ] } },
{ "type": "Feature", "properties": { "DAMAGE": "No Damage", "STRUCTURETYPE": "Single Family Residence Single Story", "index_right": 6320, "score": 0.089, "d_ndvi": -0.032, "ssim": 0.905, "damage_class": "none" }, "geometry": { "type": "Point", "coordinates": [ -118.073155658866995, 34.173263084444201 ] } },
{ "type": "Feature", "properties": { "DAMAGE": "No Damage", "STRUCTURETYPE": "Single Family Residence Multi Story", "index_right": 6224, "score": 0.097, "d_ndvi": -0.008, "ssim": 0.886, "damage_class": "none" }, "geometry": { "type": "Point", "coordinates": [ -118.073547088972006, 34.173658118463997 ] } },
{ "type": "Feature", "properties": { "DAMAGE": "No Damage", "STRUCTURETYPE": "Single Family Residence Single Story", "index_right": 6223, "score": 0.179, "d_ndvi": -0.026, "ssim": 0.77, "damage_class": "moderate" }, "geometry": { "type": "Point", "coordinates": [ -118.074053981337997, 34.173825328923499 ] } },
{ "type": "Feature", "properties": { "DAMAGE": "Destroyed (>50%)", "STRUCTURETYPE": "Single Family Residence Single Story", "index_right": 6318, "score": 0.181, "d_ndvi": -0.074, "ssim": 0.822, "damage_class": "moderate" }, "geometry": { "type": "Point", "coordinates": [ -118.074312229015007, 34.173335954380804 ] } },
{ "type": "Feature", "properties": { "DAMAGE": "Affected (1-9%)", "STRUCTURETYPE": "Single Family Residence Single Story", "index_right": 6412, "score": 0.102, "d_ndvi": -0.034, "ssim": 0.887, "damage_class": "none" }, "geometry": { "type": "Point", "coordinates": [ -118.074572647921002, 34.172920044100501 ] } },
{ "type": "Feature", "properties": { "DAMAGE": "Destroyed (>50%)", "STRUCTURETYPE": "Utility Misc Structure", "index_right": 6317, "score": 0.279, "d_ndvi": -0.145, "ssim": 0.798, "damage_class": "moderate" }, "geometry": { "type": "Point", "coordinates": [ -118.074691521982999, 34.173066267593903 ] } },
{ "type": "Feature", "properties": { "DAMAGE": "No Damage", "STRUCTURETYPE": "Single Family Residence Multi Story", "index_right": 6507, "score": 0.077, "d_ndvi": -0.022, "ssim": 0.904, "damage_class": "none" }, "geometry": { "type": "Point", "coordinates": [ -118.074778548970997, 34.172497288187998 ] } },
{ "type": "Feature", "properties": { "DAMAGE": "Destroyed (>50%)", "STRUCTURETYPE": "Single Family Residence Single Story", "index_right": 6507, "score": 0.077, "d_ndvi": -0.022, "ssim": 0.904, "damage_class": "none" }, "geometry": { "type": "Point", "coordinates": [ -118.074961715458002, 34.1721289825295 ] } },
{ "type": "Feature", "properties": { "DAMAGE": "Affected (1-9%)", "STRUCTURETYPE": "Single Family Residence Multi Story", "index_right": 6511, "score": 0.17, "d_ndvi": -0.073, "ssim": 0.837, "damage_class": "moderate" }, "geometry": { "type": "Point", "coordinates": [ -118.072349442459, 34.1724498245691 ] } },
{ "type": "Feature", "properties": { "DAMAGE": "No Damage", "STRUCTURETYPE": "Single Family Residence Single Story", "index_right": 7446, "score": 0.026, "d_ndvi": 0.047, "ssim": 0.939, "damage_class": "none" }, "geometry": { "type": "Point", "coordinates": [ -118.080396092632995, 34.167742699291999 ] } },
{ "type": "Feature", "properties": { "DAMAGE": "No Damage", "STRUCTURETYPE": "Single Family Residence Multi Story", "index_right": 7447, "score": 0.096, "d_ndvi": -0.025, "ssim": 0.89, "damage_class": "none" }, "geometry": { "type": "Point", "coordinates": [ -118.08024088082, 34.167879345904801 ] } },
{ "type": "Feature", "properties": { "DAMAGE": "No Damage", "STRUCTURETYPE": "Single Family Residence Multi Story", "index_right": 7162, "score": 0.157, "d_ndvi": -0.035, "ssim": 0.805, "damage_class": "moderate" }, "geometry": { "type": "Point", "coordinates": [ -118.080078052191993, 34.168995664641301 ] } },
{ "type": "Feature", "properties": { "DAMAGE": "No Damage", "STRUCTURETYPE": "Single Family Residence Single Story", "index_right": 7256, "score": 0.043, "d_ndvi": 0.04, "ssim": 0.921, "damage_class": "none" }, "geometry": { "type": "Point", "coordinates": [ -118.080420336366004, 34.168550179625598 ] } },
{ "type": "Feature", "properties": { "DAMAGE": "No Damage", "STRUCTURETYPE": "Single Family Residence Single Story", "index_right": 7254, "score": 0.044, "d_ndvi": -0.008, "ssim": 0.943, "damage_class": "none" }, "geometry": { "type": "Point", "coordinates": [ -118.081387452719994, 34.168523939705899 ] } },
{ "type": "Feature", "properties": { "DAMAGE": "No Damage", "STRUCTURETYPE": "Single Family Residence Single Story", "index_right": 7161, "score": 0.134, "d_ndvi": -0.022, "ssim": 0.838, "damage_class": "none" }, "geometry": { "type": "Point", "coordinates": [ -118.080601696341006, 34.168993340491497 ] } },
{ "type": "Feature", "properties": { "DAMAGE": "No Damage", "STRUCTURETYPE": "Single Family Residence Multi Story", "index_right": 6512, "score": 0.071, "d_ndvi": -0.03, "ssim": 0.914, "damage_class": "none" }, "geometry": { "type": "Point", "coordinates": [ -118.072168063619998, 34.172387483099399 ] } },
{ "type": "Feature", "properties": { "DAMAGE": "No Damage", "STRUCTURETYPE": "Single Family Residence Single Story", "index_right": 7254, "score": 0.044, "d_ndvi": -0.008, "ssim": 0.943, "damage_class": "none" }, "geometry": { "type": "Point", "coordinates": [ -118.081385343475006, 34.1688570777143 ] } },
{ "type": "Feature", "properties": { "DAMAGE": "No Damage", "STRUCTURETYPE": "Single Family Residence Multi Story", "index_right": 7161, "score": 0.134, "d_ndvi": -0.022, "ssim": 0.838, "damage_class": "none" }, "geometry": { "type": "Point", "coordinates": [ -118.080457372108995, 34.1692211752463 ] } },
{ "type": "Feature", "properties": { "DAMAGE": "No Damage", "STRUCTURETYPE": "Single Family Residence Single Story", "index_right": 7065, "score": 0.118, "d_ndvi": -0.043, "ssim": 0.874, "damage_class": "none" }, "geometry": { "type": "Point", "coordinates": [ -118.081042772738002, 34.169530118542298 ] } },
{ "type": "Feature", "properties": { "DAMAGE": "Affected (1-9%)", "STRUCTURETYPE": "Single Family Residence Multi Story", "index_right": 6512, "score": 0.071, "d_ndvi": -0.03, "ssim": 0.914, "damage_class": "none" }, "geometry": { "type": "Point", "coordinates": [ -118.071976012795005, 34.172334856993103 ] } },
{ "type": "Feature", "properties": { "DAMAGE": "No Damage", "STRUCTURETYPE": "Utility Misc Structure", "index_right": 7065, "score": 0.118, "d_ndvi": -0.043, "ssim": 0.874, "damage_class": "none" }, "geometry": { "type": "Point", "coordinates": [ -118.081093789860006, 34.169746773434603 ] } },
{ "type": "Feature", "properties": { "DAMAGE": "No Damage", "STRUCTURETYPE": "Single Family Residence Single Story", "index_right": 7065, "score": 0.118, "d_ndvi": -0.043, "ssim": 0.874, "damage_class": "none" }, "geometry": { "type": "Point", "coordinates": [ -118.081319456540996, 34.169629566490599 ] } },
{ "type": "Feature", "properties": { "DAMAGE": "Affected (1-9%)", "STRUCTURETYPE": "Single Family Residence Multi Story", "index_right": 6512, "score": 0.071, "d_ndvi": -0.03, "ssim": 0.914, "damage_class": "none" }, "geometry": { "type": "Point", "coordinates": [ -118.071819364576001, 34.172344255045303 ] } },
{ "type": "Feature", "properties": { "DAMAGE": "No Damage", "STRUCTURETYPE": "Single Family Residence Multi Story", "index_right": 6513, "score": 0.114, "d_ndvi": -0.016, "ssim": 0.845, "damage_class": "none" }, "geometry": { "type": "Point", "coordinates": [ -118.071618136563004, 34.1722068620318 ] } },
{ "type": "Feature", "properties": { "DAMAGE": "No Damage", "STRUCTURETYPE": "Single Family Residence Multi Story", "index_right": 6513, "score": 0.114, "d_ndvi": -0.016, "ssim": 0.845, "damage_class": "none" }, "geometry": { "type": "Point", "coordinates": [ -118.071443573241993, 34.172205079037496 ] } },
{ "type": "Feature", "properties": { "DAMAGE": "Destroyed (>50%)", "STRUCTURETYPE": "Single Family Residence Single Story", "index_right": 6601, "score": 0.19, "d_ndvi": -0.073, "ssim": 0.81, "damage_class": "moderate" }, "geometry": { "type": "Point", "coordinates": [ -118.075136606664003, 34.171955177779402 ] } },
{ "type": "Feature", "properties": { "DAMAGE": "Destroyed (>50%)", "STRUCTURETYPE": "Single Family Residence Single Story", "index_right": 6695, "score": 0.277, "d_ndvi": -0.057, "ssim": 0.717, "damage_class": "moderate" }, "geometry": { "type": "Point", "coordinates": [ -118.075510064175006, 34.171537346877599 ] } },
{ "type": "Feature", "properties": { "DAMAGE": "Affected (1-9%)", "STRUCTURETYPE": "Single Family Residence Single Story", "index_right": 6695, "score": 0.277, "d_ndvi": -0.057, "ssim": 0.717, "damage_class": "moderate" }, "geometry": { "type": "Point", "coordinates": [ -118.075702148236999, 34.1713953073561 ] } },
{ "type": "Feature", "properties": { "DAMAGE": "No Damage", "STRUCTURETYPE": "Single Family Residence Single Story", "index_right": 6601, "score": 0.19, "d_ndvi": -0.073, "ssim": 0.81, "damage_class": "moderate" }, "geometry": { "type": "Point", "coordinates": [ -118.075317152764001, 34.1717352152451 ] } },
{ "type": "Feature", "properties": { "DAMAGE": "No Damage", "STRUCTURETYPE": "Utility Misc Structure", "index_right": 6790, "score": 0.052, "d_ndvi": -0.017, "ssim": 0.934, "damage_class": "none" }, "geometry": { "type": "Point", "coordinates": [ -118.076003459353004, 34.171156552942399 ] } },
{ "type": "Feature", "properties": { "DAMAGE": "No Damage", "STRUCTURETYPE": "Single Family Residence Single Story", "index_right": 6790, "score": 0.052, "d_ndvi": -0.017, "ssim": 0.934, "damage_class": "none" }, "geometry": { "type": "Point", "coordinates": [ -118.075915242096997, 34.171008760145099 ] } },
{ "type": "Feature", "properties": { "DAMAGE": "Affected (1-9%)", "STRUCTURETYPE": "Single Family Residence Single Story", "index_right": 6695, "score": 0.277, "d_ndvi": -0.057, "ssim": 0.717, "damage_class": "moderate" }, "geometry": { "type": "Point", "coordinates": [ -118.075819933540998, 34.171228973555799 ] } },
{ "type": "Feature", "properties": { "DAMAGE": "Affected (1-9%)", "STRUCTURETYPE": "Single Family Residence Single Story", "index_right": 6608, "score": 0.071, "d_ndvi": -0.006, "ssim": 0.884, "damage_class": "none" }, "geometry": { "type": "Point", "coordinates": [ -118.071424594535003, 34.171844907468497 ] } },
{ "type": "Feature", "properties": { "DAMAGE": "No Damage", "STRUCTURETYPE": "Single Family Residence Single Story", "index_right": 6608, "score": 0.071, "d_ndvi": -0.006, "ssim": 0.884, "damage_class": "none" }, "geometry": { "type": "Point", "coordinates": [ -118.071666228769999, 34.171838808546298 ] } },
{ "type": "Feature", "properties": { "DAMAGE": "No Damage", "STRUCTURETYPE": "Single Family Residence Single Story", "index_right": 6607, "score": 0.112, "d_ndvi": -0.017, "ssim": 0.848, "damage_class": "none" }, "geometry": { "type": "Point", "coordinates": [ -118.072098479220003, 34.1719179428828 ] } },
{ "type": "Feature", "properties": { "DAMAGE": "Destroyed (>50%)", "STRUCTURETYPE": "Single Family Residence Single Story", "index_right": 6884, "score": 0.132, "d_ndvi": -0.033, "ssim": 0.855, "damage_class": "none" }, "geometry": { "type": "Point", "coordinates": [ -118.076224050552995, 34.170702367105797 ] } },
{ "type": "Feature", "properties": { "DAMAGE": "Affected (1-9%)", "STRUCTURETYPE": "Utility Misc Structure", "index_right": 6884, "score": 0.132, "d_ndvi": -0.033, "ssim": 0.855, "damage_class": "none" }, "geometry": { "type": "Point", "coordinates": [ -118.076463168607006, 34.170646818281298 ] } },
{ "type": "Feature", "properties": { "DAMAGE": "Affected (1-9%)", "STRUCTURETYPE": "Single Family Residence Single Story", "index_right": 6884, "score": 0.132, "d_ndvi": -0.033, "ssim": 0.855, "damage_class": "none" }, "geometry": { "type": "Point", "coordinates": [ -118.076350908839999, 34.1705327497978 ] } },
{ "type": "Feature", "properties": { "DAMAGE": "No Damage", "STRUCTURETYPE": "Single Family Residence Single Story", "index_right": 6607, "score": 0.112, "d_ndvi": -0.017, "ssim": 0.848, "damage_class": "none" }, "geometry": { "type": "Point", "coordinates": [ -118.071835201875004, 34.1719151461214 ] } },
{ "type": "Feature", "properties": { "DAMAGE": "No Damage", "STRUCTURETYPE": "Utility Misc Structure", "index_right": 6607, "score": 0.112, "d_ndvi": -0.017, "ssim": 0.848, "damage_class": "none" }, "geometry": { "type": "Point", "coordinates": [ -118.072183499372002, 34.171754061278399 ] } },
{ "type": "Feature", "properties": { "DAMAGE": "Affected (1-9%)", "STRUCTURETYPE": "Single Family Residence Single Story", "index_right": 6789, "score": 0.225, "d_ndvi": -0.102, "ssim": 0.803, "damage_class": "moderate" }, "geometry": { "type": "Point", "coordinates": [ -118.076077442802998, 34.170878387048297 ] } },
{ "type": "Feature", "properties": { "DAMAGE": "No Damage", "STRUCTURETYPE": "Single Family Residence Single Story", "index_right": 6884, "score": 0.132, "d_ndvi": -0.033, "ssim": 0.855, "damage_class": "none" }, "geometry": { "type": "Point", "coordinates": [ -118.076517567885006, 34.170349321258399 ] } },
{ "type": "Feature", "properties": { "DAMAGE": "No Damage", "STRUCTURETYPE": "Single Family Residence Single Story", "index_right": 6978, "score": 0.103, "d_ndvi": -0.011, "ssim": 0.872, "damage_class": "none" }, "geometry": { "type": "Point", "coordinates": [ -118.076631085293002, 34.170233718322599 ] } },
{ "type": "Feature", "properties": { "DAMAGE": "No Damage", "STRUCTURETYPE": "Single Family Residence Single Story", "index_right": 7317, "score": 0.05, "d_ndvi": 0.002, "ssim": 0.924, "damage_class": "none" }, "geometry": { "type": "Point", "coordinates": [ -118.047858691732998, 34.169096780332097 ] } },
{ "type": "Feature", "properties": { "DAMAGE": "No Damage", "STRUCTURETYPE": "Utility Misc Structure", "index_right": 7317, "score": 0.05, "d_ndvi": 0.002, "ssim": 0.924, "damage_class": "none" }, "geometry": { "type": "Point", "coordinates": [ -118.047926150718993, 34.169169329065397 ] } },
{ "type": "Feature", "properties": { "DAMAGE": "No Damage", "STRUCTURETYPE": "Single Family Residence Single Story", "index_right": 7318, "score": 0.035, "d_ndvi": 0.015, "ssim": 0.93, "damage_class": "none" }, "geometry": { "type": "Point", "coordinates": [ -118.047235058805001, 34.169049244191903 ] } },
{ "type": "Feature", "properties": { "DAMAGE": "No Damage", "STRUCTURETYPE": "Single Family Residence Multi Story", "index_right": 7223, "score": 0.028, "d_ndvi": 0.035, "ssim": 0.927, "damage_class": "none" }, "geometry": { "type": "Point", "coordinates": [ -118.047200661413996, 34.169235670854803 ] } },
{ "type": "Feature", "properties": { "DAMAGE": "No Damage", "STRUCTURETYPE": "Single Family Residence Multi Story", "index_right": 7223, "score": 0.028, "d_ndvi": 0.035, "ssim": 0.927, "damage_class": "none" }, "geometry": { "type": "Point", "coordinates": [ -118.047238300824006, 34.1694604970303 ] } },
{ "type": "Feature", "properties": { "DAMAGE": "No Damage", "STRUCTURETYPE": "Utility Misc Structure", "index_right": 7224, "score": 0.033, "d_ndvi": 0.054, "ssim": 0.926, "damage_class": "none" }, "geometry": { "type": "Point", "coordinates": [ -118.047081313939998, 34.169452955291 ] } },
{ "type": "Feature", "properties": { "DAMAGE": "No Damage", "STRUCTURETYPE": "Single Family Residence Single Story", "index_right": 6702, "score": 0.048, "d_ndvi": -0.009, "ssim": 0.927, "damage_class": "none" }, "geometry": { "type": "Point", "coordinates": [ -118.071818535431007, 34.171435025617299 ] } },
{ "type": "Feature", "properties": { "DAMAGE": "No Damage", "STRUCTURETYPE": "Single Family Residence Single Story", "index_right": 6970, "score": 0.139, "d_ndvi": -0.077, "ssim": 0.888, "damage_class": "none" }, "geometry": { "type": "Point", "coordinates": [ -118.080840655393004, 34.170201161372702 ] } },
{ "type": "Feature", "properties": { "DAMAGE": "No Damage", "STRUCTURETYPE": "Single Family Residence Single Story", "index_right": 6702, "score": 0.048, "d_ndvi": -0.009, "ssim": 0.927, "damage_class": "none" }, "geometry": { "type": "Point", "coordinates": [ -118.071985347189994, 34.1714930518527 ] } },
{ "type": "Feature", "properties": { "DAMAGE": "No Damage", "STRUCTURETYPE": "Single Family Residence Single Story", "index_right": 6703, "score": 0.054, "d_ndvi": -0.026, "ssim": 0.931, "damage_class": "none" }, "geometry": { "type": "Point", "coordinates": [ -118.071425074234995, 34.171409935629498 ] } },
{ "type": "Feature", "properties": { "DAMAGE": "No Damage", "STRUCTURETYPE": "Single Family Residence Single Story", "index_right": 6703, "score": 0.054, "d_ndvi": -0.026, "ssim": 0.931, "damage_class": "none" }, "geometry": { "type": "Point", "coordinates": [ -118.071614720270006, 34.171438912714102 ] } },
{ "type": "Feature", "properties": { "DAMAGE": "No Damage", "STRUCTURETYPE": "Single Family Residence Single Story", "index_right": 8205, "score": 0.062, "d_ndvi": 0.012, "ssim": 0.904, "damage_class": "none" }, "geometry": { "type": "Point", "coordinates": [ -118.081037627187996, 34.164420166789803 ] } },
{ "type": "Feature", "properties": { "DAMAGE": "No Damage", "STRUCTURETYPE": "Single Family Residence Single Story", "index_right": 7444, "score": 0.04, "d_ndvi": -0.003, "ssim": 0.938, "damage_class": "none" }, "geometry": { "type": "Point", "coordinates": [ -118.081448286631002, 34.167840272608601 ] } },
{ "type": "Feature", "properties": { "DAMAGE": "No Damage", "STRUCTURETYPE": "Single Family Residence Single Story", "index_right": 7318, "score": 0.035, "d_ndvi": 0.015, "ssim": 0.93, "damage_class": "none" }, "geometry": { "type": "Point", "coordinates": [ -118.047451499787002, 34.168988000223798 ] } },
{ "type": "Feature", "properties": { "DAMAGE": "No Damage", "STRUCTURETYPE": "Single Family Residence Single Story", "index_right": 7317, "score": 0.05, "d_ndvi": 0.002, "ssim": 0.924, "damage_class": "none" }, "geometry": { "type": "Point", "coordinates": [ -118.047672779096004, 34.1690352093676 ] } },
{ "type": "Feature", "properties": { "DAMAGE": "No Damage", "STRUCTURETYPE": "Utility Misc Structure", "index_right": 7318, "score": 0.035, "d_ndvi": 0.015, "ssim": 0.93, "damage_class": "none" }, "geometry": { "type": "Point", "coordinates": [ -118.047611999983005, 34.169132500241297 ] } },
{ "type": "Feature", "properties": { "DAMAGE": "No Damage", "STRUCTURETYPE": "Single Family Residence Single Story", "index_right": 7317, "score": 0.05, "d_ndvi": 0.002, "ssim": 0.924, "damage_class": "none" }, "geometry": { "type": "Point", "coordinates": [ -118.048052499662006, 34.168975999671098 ] } },
{ "type": "Feature", "properties": { "DAMAGE": "No Damage", "STRUCTURETYPE": "Utility Misc Structure", "index_right": 7223, "score": 0.028, "d_ndvi": 0.035, "ssim": 0.927, "damage_class": "none" }, "geometry": { "type": "Point", "coordinates": [ -118.047144366690006, 34.169323192971703 ] } },
{ "type": "Feature", "properties": { "DAMAGE": "No Damage", "STRUCTURETYPE": "Single Family Residence Single Story", "index_right": 7223, "score": 0.028, "d_ndvi": 0.035, "ssim": 0.927, "damage_class": "none" }, "geometry": { "type": "Point", "coordinates": [ -118.047305556791002, 34.169347957293503 ] } },
{ "type": "Feature", "properties": { "DAMAGE": "No Damage", "STRUCTURETYPE": "Single Family Residence Multi Story", "index_right": 7129, "score": 0.05, "d_ndvi": 0.039, "ssim": 0.893, "damage_class": "none" }, "geometry": { "type": "Point", "coordinates": [ -118.047059660049996, 34.169659377365598 ] } },
{ "type": "Feature", "properties": { "DAMAGE": "No Damage", "STRUCTURETYPE": "Single Family Residence Single Story", "index_right": 7129, "score": 0.05, "d_ndvi": 0.039, "ssim": 0.893, "damage_class": "none" }, "geometry": { "type": "Point", "coordinates": [ -118.046984832183995, 34.169787663826298 ] } },
{ "type": "Feature", "properties": { "DAMAGE": "No Damage", "STRUCTURETYPE": "Single Family Residence Multi Story", "index_right": 6186, "score": 0.107, "d_ndvi": 0.02, "ssim": 0.859, "damage_class": "none" }, "geometry": { "type": "Point", "coordinates": [ -118.043049842930003, 34.174353883151099 ] } },
{ "type": "Feature", "properties": { "DAMAGE": "Affected (1-9%)", "STRUCTURETYPE": "Single Family Residence Single Story", "index_right": 6186, "score": 0.107, "d_ndvi": 0.02, "ssim": 0.859, "damage_class": "none" }, "geometry": { "type": "Point", "coordinates": [ -118.042976950034998, 34.174280080627099 ] } },
{ "type": "Feature", "properties": { "DAMAGE": "Destroyed (>50%)", "STRUCTURETYPE": "Single Family Residence Multi Story", "index_right": 6187, "score": 0.422, "d_ndvi": -0.248, "ssim": 0.705, "damage_class": "severe" }, "geometry": { "type": "Point", "coordinates": [ -118.042865496955997, 34.174173816264997 ] } },
{ "type": "Feature", "properties": { "DAMAGE": "Minor (10-25%)", "STRUCTURETYPE": "Utility Misc Structure", "index_right": 6186, "score": 0.107, "d_ndvi": 0.02, "ssim": 0.859, "damage_class": "none" }, "geometry": { "type": "Point", "coordinates": [ -118.042924892664004, 34.174128786105697 ] } },
{ "type": "Feature", "properties": { "DAMAGE": "Destroyed (>50%)", "STRUCTURETYPE": "Single Family Residence Multi Story", "index_right": 6061, "score": 0.364, "d_ndvi": -0.215, "ssim": 0.753, "damage_class": "severe" }, "geometry": { "type": "Point", "coordinates": [ -118.059350892162996, 34.174490632027698 ] } },
{ "type": "Feature", "properties": { "DAMAGE": "Destroyed (>50%)", "STRUCTURETYPE": "Single Family Residence Single Story", "index_right": 6748, "score": 0.09, "d_ndvi": -0.025, "ssim": 0.915, "damage_class": "none" }, "geometry": { "type": "Point", "coordinates": [ -118.047495784036002, 34.171419827290102 ] } },
{ "type": "Feature", "properties": { "DAMAGE": "Affected (1-9%)", "STRUCTURETYPE": "Single Family Residence Single Story", "index_right": 6842, "score": 0.098, "d_ndvi": -0.059, "ssim": 0.915, "damage_class": "none" }, "geometry": { "type": "Point", "coordinates": [ -118.047815535767995, 34.171264935599602 ] } },
{ "type": "Feature", "properties": { "DAMAGE": "No Damage", "STRUCTURETYPE": "Single Family Residence Single Story", "index_right": 6654, "score": 0.107, "d_ndvi": -0.063, "ssim": 0.913, "damage_class": "none" }, "geometry": { "type": "Point", "coordinates": [ -118.046743037149994, 34.172020450850397 ] } },
{ "type": "Feature", "properties": { "DAMAGE": "No Damage", "STRUCTURETYPE": "Utility Misc Structure", "index_right": 6749, "score": 0.142, "d_ndvi": -0.102, "ssim": 0.899, "damage_class": "none" }, "geometry": { "type": "Point", "coordinates": [ -118.047124762755999, 34.171772021379901 ] } },
{ "type": "Feature", "properties": { "DAMAGE": "No Damage", "STRUCTURETYPE": "Single Family Residence Single Story", "index_right": 6748, "score": 0.09, "d_ndvi": -0.025, "ssim": 0.915, "damage_class": "none" }, "geometry": { "type": "Point", "coordinates": [ -118.047287489873995, 34.171589183428303 ] } },
{ "type": "Feature", "properties": { "DAMAGE": "No Damage", "STRUCTURETYPE": "Single Family Residence Single Story", "index_right": 6913, "score": 0.066, "d_ndvi": -0.027, "ssim": 0.933, "damage_class": "none" }, "geometry": { "type": "Point", "coordinates": [ -118.060906549655996, 34.170638960772003 ] } },
{ "type": "Feature", "properties": { "DAMAGE": "No Damage", "STRUCTURETYPE": "Utility Misc Structure", "index_right": 6913, "score": 0.066, "d_ndvi": -0.027, "ssim": 0.933, "damage_class": "none" }, "geometry": { "type": "Point", "coordinates": [ -118.060774428138998, 34.170521512771003 ] } },
{ "type": "Feature", "properties": { "DAMAGE": "No Damage", "STRUCTURETYPE": "Single Family Residence Multi Story", "index_right": 6186, "score": 0.107, "d_ndvi": 0.02, "ssim": 0.859, "damage_class": "none" }, "geometry": { "type": "Point", "coordinates": [ -118.043420000031006, 34.174266500028203 ] } },
{ "type": "Feature", "properties": { "DAMAGE": "No Damage", "STRUCTURETYPE": "Utility Misc Structure", "index_right": 6185, "score": 0.038, "d_ndvi": 0.031, "ssim": 0.919, "damage_class": "none" }, "geometry": { "type": "Point", "coordinates": [ -118.043564592858999, 34.174259161613499 ] } },
{ "type": "Feature", "properties": { "DAMAGE": "No Damage", "STRUCTURETYPE": "Single Family Residence Single Story", "index_right": 6281, "score": 0.044, "d_ndvi": 0.024, "ssim": 0.911, "damage_class": "none" }, "geometry": { "type": "Point", "coordinates": [ -118.043263500034001, 34.174070500073498 ] } },
{ "type": "Feature", "properties": { "DAMAGE": "No Damage", "STRUCTURETYPE": "Utility Misc Structure", "index_right": 6186, "score": 0.107, "d_ndvi": 0.02, "ssim": 0.859, "damage_class": "none" }, "geometry": { "type": "Point", "coordinates": [ -118.043153276748995, 34.174158218585802 ] } },
{ "type": "Feature", "properties": { "DAMAGE": "No Damage", "STRUCTURETYPE": "Single Family Residence Multi Story", "index_right": 6281, "score": 0.044, "d_ndvi": 0.024, "ssim": 0.911, "damage_class": "none" }, "geometry": { "type": "Point", "coordinates": [ -118.043175321405997, 34.173983897025799 ] } },
{ "type": "Feature", "properties": { "DAMAGE": "No Damage", "STRUCTURETYPE": "Utility Misc Structure", "index_right": 6281, "score": 0.044, "d_ndvi": 0.024, "ssim": 0.911, "damage_class": "none" }, "geometry": { "type": "Point", "coordinates": [ -118.043264278872996, 34.173929624964302 ] } },
{ "type": "Feature", "properties": { "DAMAGE": "Inaccessible", "STRUCTURETYPE": "Single Family Residence Single Story", "index_right": 7539, "score": 0.076, "d_ndvi": -0.011, "ssim": 0.907, "damage_class": "none" }, "geometry": { "type": "Point", "coordinates": [ -118.081432762844003, 34.167324814089199 ] } },
{ "type": "Feature", "properties": { "DAMAGE": "No Damage", "STRUCTURETYPE": "Single Family Residence Single Story", "index_right": 7066, "score": 0.11, "d_ndvi": -0.014, "ssim": 0.865, "damage_class": "none" }, "geometry": { "type": "Point", "coordinates": [ -118.080594119051, 34.169672138905298 ] } },
{ "type": "Feature", "properties": { "DAMAGE": "Destroyed (>50%)", "STRUCTURETYPE": "Single Family Residence Single Story", "index_right": 6799, "score": 0.449, "d_ndvi": -0.085, "ssim": 0.473, "damage_class": "severe" }, "geometry": { "type": "Point", "coordinates": [ -118.070930910098994, 34.171041443133397 ] } },
{ "type": "Feature", "properties": { "DAMAGE": "Destroyed (>50%)", "STRUCTURETYPE": "Utility Misc Structure", "index_right": 6799, "score": 0.449, "d_ndvi": -0.085, "ssim": 0.473, "damage_class": "severe" }, "geometry": { "type": "Point", "coordinates": [ -118.070741849765994, 34.1709517637006 ] } },
{ "type": "Feature", "properties": { "DAMAGE": "No Damage", "STRUCTURETYPE": "Single Family Residence Multi Story", "index_right": 6418, "score": 0.072, "d_ndvi": -0.033, "ssim": 0.914, "damage_class": "none" }, "geometry": { "type": "Point", "coordinates": [ -118.071487473011004, 34.172655174280003 ] } },
{ "type": "Feature", "properties": { "DAMAGE": "No Damage", "STRUCTURETYPE": "Single Family Residence Single Story", "index_right": 6912, "score": 0.035, "d_ndvi": -0.006, "ssim": 0.944, "damage_class": "none" }, "geometry": { "type": "Point", "coordinates": [ -118.061434800366001, 34.170687165673698 ] } },
{ "type": "Feature", "properties": { "DAMAGE": "No Damage", "STRUCTURETYPE": "Single Family Residence Single Story", "index_right": 6912, "score": 0.035, "d_ndvi": -0.006, "ssim": 0.944, "damage_class": "none" }, "geometry": { "type": "Point", "coordinates": [ -118.061412803319996, 34.170540093739099 ] } },
{ "type": "Feature", "properties": { "DAMAGE": "No Damage", "STRUCTURETYPE": "Single Family Residence Single Story", "index_right": 6959, "score": 0.052, "d_ndvi": -0.016, "ssim": 0.945, "damage_class": "none" }, "geometry": { "type": "Point", "coordinates": [ -118.036044607868007, 34.1706304856312 ] } },
{ "type": "Feature", "properties": { "DAMAGE": "Affected (1-9%)", "STRUCTURETYPE": "Single Family Residence Multi Story", "index_right": 6060, "score": 0.145, "d_ndvi": -0.059, "ssim": 0.848, "damage_class": "none" }, "geometry": { "type": "Point", "coordinates": [ -118.059898475515993, 34.174817706490998 ] } },
{ "type": "Feature", "properties": { "DAMAGE": "Destroyed (>50%)", "STRUCTURETYPE": "Single Family Residence Single Story", "index_right": 5965, "score": 0.428, "d_ndvi": -0.229, "ssim": 0.684, "damage_class": "severe" }, "geometry": { "type": "Point", "coordinates": [ -118.059995080342006, 34.175000508463299 ] } },
{ "type": "Feature", "properties": { "DAMAGE": "No Damage", "STRUCTURETYPE": "Single Family Residence Single Story", "index_right": 7635, "score": 0.113, "d_ndvi": 0.02, "ssim": 0.83, "damage_class": "none" }, "geometry": { "type": "Point", "coordinates": [ -118.081186601100001, 34.166935568003602 ] } },
{ "type": "Feature", "properties": { "DAMAGE": "No Damage", "STRUCTURETYPE": "Single Family Residence Multi Story", "index_right": 5358, "score": 0.063, "d_ndvi": -0.029, "ssim": 0.918, "damage_class": "none" }, "geometry": { "type": "Point", "coordinates": [ -118.079787387908993, 34.177520412390301 ] } },
{ "type": "Feature", "properties": { "DAMAGE": "No Damage", "STRUCTURETYPE": "Single Family Residence Multi Story", "index_right": 6156, "score": 0.177, "d_ndvi": -0.125, "ssim": 0.887, "damage_class": "moderate" }, "geometry": { "type": "Point", "coordinates": [ -118.059341035848007, 34.174219493732899 ] } },
{ "type": "Feature", "properties": { "DAMAGE": "Major (26-50%)", "STRUCTURETYPE": "Single Family Residence Single Story", "index_right": 6799, "score": 0.449, "d_ndvi": -0.085, "ssim": 0.473, "damage_class": "severe" }, "geometry": { "type": "Point", "coordinates": [ -118.070843608225999, 34.170812239791601 ] } },
{ "type": "Feature", "properties": { "DAMAGE": "No Damage", "STRUCTURETYPE": "Single Family Residence Single Story", "index_right": 6894, "score": 0.203, "d_ndvi": -0.075, "ssim": 0.799, "damage_class": "moderate" }, "geometry": { "type": "Point", "coordinates": [ -118.070863911947995, 34.170657343269802 ] } },
{ "type": "Feature", "properties": { "DAMAGE": "Destroyed (>50%)", "STRUCTURETYPE": "Single Family Residence Single Story", "index_right": 6894, "score": 0.203, "d_ndvi": -0.075, "ssim": 0.799, "damage_class": "moderate" }, "geometry": { "type": "Point", "coordinates": [ -118.070884001870994, 34.1704747504021 ] } },
{ "type": "Feature", "properties": { "DAMAGE": "Affected (1-9%)", "STRUCTURETYPE": "Single Family Residence Single Story", "index_right": 6894, "score": 0.203, "d_ndvi": -0.075, "ssim": 0.799, "damage_class": "moderate" }, "geometry": { "type": "Point", "coordinates": [ -118.070864505735003, 34.170342183178001 ] } },
{ "type": "Feature", "properties": { "DAMAGE": "No Damage", "STRUCTURETYPE": "Single Family Residence Single Story", "index_right": 7634, "score": 0.049, "d_ndvi": 0.01, "ssim": 0.938, "damage_class": "none" }, "geometry": { "type": "Point", "coordinates": [ -118.081674317129, 34.166825914739299 ] } },
{ "type": "Feature", "properties": { "DAMAGE": "No Damage", "STRUCTURETYPE": "Single Family Residence Single Story", "index_right": 7634, "score": 0.049, "d_ndvi": 0.01, "ssim": 0.938, "damage_class": "none" }, "geometry": { "type": "Point", "coordinates": [ -118.081531982665993, 34.166757298873598 ] } },
{ "type": "Feature", "properties": { "DAMAGE": "No Damage", "STRUCTURETYPE": "Single Family Residence Multi Story", "index_right": 6877, "score": 0.044, "d_ndvi": -0.013, "ssim": 0.932, "damage_class": "none" }, "geometry": { "type": "Point", "coordinates": [ -118.080138470183002, 34.1702503609811 ] } },
{ "type": "Feature", "properties": { "DAMAGE": "No Damage", "STRUCTURETYPE": "Single Family Residence Single Story", "index_right": 6876, "score": 0.197, "d_ndvi": -0.012, "ssim": 0.751, "damage_class": "moderate" }, "geometry": { "type": "Point", "coordinates": [ -118.080704153689993, 34.170544012093103 ] } },
{ "type": "Feature", "properties": { "DAMAGE": "No Damage", "STRUCTURETYPE": "Single Family Residence Multi Story", "index_right": 6418, "score": 0.072, "d_ndvi": -0.033, "ssim": 0.914, "damage_class": "none" }, "geometry": { "type": "Point", "coordinates": [ -118.071635154247005, 34.172725360976401 ] } },
{ "type": "Feature", "properties": { "DAMAGE": "No Damage", "STRUCTURETYPE": "Single Family Residence Single Story", "index_right": 6911, "score": 0.039, "d_ndvi": 0.002, "ssim": 0.933, "damage_class": "none" }, "geometry": { "type": "Point", "coordinates": [ -118.061961935368004, 34.170696376613598 ] } },
{ "type": "Feature", "properties": { "DAMAGE": "No Damage", "STRUCTURETYPE": "Single Family Residence Single Story", "index_right": 6989, "score": 0.102, "d_ndvi": -0.04, "ssim": 0.883, "damage_class": "none" }, "geometry": { "type": "Point", "coordinates": [ -118.070823982731994, 34.170183774719497 ] } },
{ "type": "Feature", "properties": { "DAMAGE": "No Damage", "STRUCTURETYPE": "Utility Misc Structure", "index_right": 6989, "score": 0.102, "d_ndvi": -0.04, "ssim": 0.883, "damage_class": "none" }, "geometry": { "type": "Point", "coordinates": [ -118.070992866904007, 34.170134549802 ] } },
{ "type": "Feature", "properties": { "DAMAGE": "No Damage", "STRUCTURETYPE": "Single Family Residence Single Story", "index_right": 6989, "score": 0.102, "d_ndvi": -0.04, "ssim": 0.883, "damage_class": "none" }, "geometry": { "type": "Point", "coordinates": [ -118.070890952137006, 34.169984706835898 ] } },
{ "type": "Feature", "properties": { "DAMAGE": "No Damage", "STRUCTURETYPE": "Single Family Residence Multi Story", "index_right": 6843, "score": 0.062, "d_ndvi": -0.031, "ssim": 0.937, "damage_class": "none" }, "geometry": { "type": "Point", "coordinates": [ -118.047195633542998, 34.171226836762102 ] } },
{ "type": "Feature", "properties": { "DAMAGE": "No Damage", "STRUCTURETYPE": "Single Family Residence Single Story", "index_right": 7349, "score": 0.054, "d_ndvi": -0.023, "ssim": 0.926, "damage_class": "none" }, "geometry": { "type": "Point", "coordinates": [ -118.081442368530006, 34.168223644262802 ] } },
{ "type": "Feature", "properties": { "DAMAGE": "No Damage", "STRUCTURETYPE": "Single Family Residence Multi Story", "index_right": 6417, "score": 0.095, "d_ndvi": -0.002, "ssim": 0.854, "damage_class": "none" }, "geometry": { "type": "Point", "coordinates": [ -118.071806068612005, 34.172756417879697 ] } },
{ "type": "Feature", "properties": { "DAMAGE": "No Damage", "STRUCTURETYPE": "Single Family Residence Multi Story", "index_right": 6251, "score": 0.353, "d_ndvi": -0.25, "ssim": 0.798, "damage_class": "severe" }, "geometry": { "type": "Point", "coordinates": [ -118.059303490760001, 34.173956274197799 ] } },
{ "type": "Feature", "properties": { "DAMAGE": "No Damage", "STRUCTURETYPE": "Single Family Residence Multi Story", "index_right": 6768, "score": 0.092, "d_ndvi": -0.031, "ssim": 0.891, "damage_class": "none" }, "geometry": { "type": "Point", "coordinates": [ -118.036743992130994, 34.1715980137364 ] } },
{ "type": "Feature", "properties": { "DAMAGE": "No Damage", "STRUCTURETYPE": "Single Family Residence Multi Story", "index_right": 6155, "score": 0.087, "d_ndvi": -0.035, "ssim": 0.895, "damage_class": "none" }, "geometry": { "type": "Point", "coordinates": [ -118.059777289191004, 34.174393194230298 ] } },
{ "type": "Feature", "properties": { "DAMAGE": "No Damage", "STRUCTURETYPE": "Single Family Residence Single Story", "index_right": 6911, "score": 0.039, "d_ndvi": 0.002, "ssim": 0.933, "damage_class": "none" }, "geometry": { "type": "Point", "coordinates": [ -118.061936163601004, 34.170525903825798 ] } },
{ "type": "Feature", "properties": { "DAMAGE": "Affected (1-9%)", "STRUCTURETYPE": "Single Family Residence Single Story", "index_right": 5967, "score": 0.392, "d_ndvi": -0.236, "ssim": 0.743, "damage_class": "severe" }, "geometry": { "type": "Point", "coordinates": [ -118.058627382745001, 34.175106591930401 ] } },
{ "type": "Feature", "properties": { "DAMAGE": "No Damage", "STRUCTURETYPE": "Single Family Residence Single Story", "index_right": 6158, "score": 0.099, "d_ndvi": -0.015, "ssim": 0.865, "damage_class": "none" }, "geometry": { "type": "Point", "coordinates": [ -118.057949675727997, 34.174290981224502 ] } },
{ "type": "Feature", "properties": { "DAMAGE": "No Damage", "STRUCTURETYPE": "Single Family Residence Multi Story", "index_right": 6767, "score": 0.037, "d_ndvi": 0.007, "ssim": 0.93, "damage_class": "none" }, "geometry": { "type": "Point", "coordinates": [ -118.037022533648994, 34.171645275676099 ] } },
{ "type": "Feature", "properties": { "DAMAGE": "No Damage", "STRUCTURETYPE": "Single Family Residence Single Story", "index_right": 6709, "score": 0.065, "d_ndvi": -0.017, "ssim": 0.916, "damage_class": "none" }, "geometry": { "type": "Point", "coordinates": [ -118.068444366205995, 34.171514766064902 ] } },
{ "type": "Feature", "properties": { "DAMAGE": "No Damage", "STRUCTURETYPE": "Single Family Residence Multi Story", "index_right": 6708, "score": 0.038, "d_ndvi": 0.005, "ssim": 0.942, "damage_class": "none" }, "geometry": { "type": "Point", "coordinates": [ -118.069037115054996, 34.171434014823497 ] } },
{ "type": "Feature", "properties": { "DAMAGE": "No Damage", "STRUCTURETYPE": "Single Family Residence Single Story", "index_right": 6707, "score": 0.089, "d_ndvi": -0.034, "ssim": 0.903, "damage_class": "none" }, "geometry": { "type": "Point", "coordinates": [ -118.069418477740996, 34.171471872017598 ] } },
{ "type": "Feature", "properties": { "DAMAGE": "No Damage", "STRUCTURETYPE": "Single Family Residence Single Story", "index_right": 6706, "score": 0.102, "d_ndvi": -0.032, "ssim": 0.883, "damage_class": "none" }, "geometry": { "type": "Point", "coordinates": [ -118.069818754455, 34.1714320170191 ] } },
{ "type": "Feature", "properties": { "DAMAGE": "No Damage", "STRUCTURETYPE": "Single Family Residence Single Story", "index_right": 6705, "score": 0.182, "d_ndvi": -0.054, "ssim": 0.79, "damage_class": "moderate" }, "geometry": { "type": "Point", "coordinates": [ -118.070197317091996, 34.171446398533703 ] } },
{ "type": "Feature", "properties": { "DAMAGE": "Destroyed (>50%)", "STRUCTURETYPE": "Utility Misc Structure", "index_right": 6705, "score": 0.182, "d_ndvi": -0.054, "ssim": 0.79, "damage_class": "moderate" }, "geometry": { "type": "Point", "coordinates": [ -118.070431043457006, 34.171354205179099 ] } },
{ "type": "Feature", "properties": { "DAMAGE": "No Damage", "STRUCTURETYPE": "Single Family Residence Single Story", "index_right": 6705, "score": 0.182, "d_ndvi": -0.054, "ssim": 0.79, "damage_class": "moderate" }, "geometry": { "type": "Point", "coordinates": [ -118.070380974957004, 34.171440300325898 ] } },
{ "type": "Feature", "properties": { "DAMAGE": "Destroyed (>50%)", "STRUCTURETYPE": "Single Family Residence Single Story", "index_right": 6704, "score": 0.395, "d_ndvi": -0.065, "ssim": 0.503, "damage_class": "severe" }, "geometry": { "type": "Point", "coordinates": [ -118.070992270423005, 34.171438389479697 ] } },
{ "type": "Feature", "properties": { "DAMAGE": "No Damage", "STRUCTURETYPE": "Single Family Residence Single Story", "index_right": 6609, "score": 0.176, "d_ndvi": -0.079, "ssim": 0.843, "damage_class": "moderate" }, "geometry": { "type": "Point", "coordinates": [ -118.070722132643994, 34.171760968095398 ] } },
{ "type": "Feature", "properties": { "DAMAGE": "No Damage", "STRUCTURETYPE": "Single Family Residence Single Story", "index_right": 6708, "score": 0.038, "d_ndvi": 0.005, "ssim": 0.942, "damage_class": "none" }, "geometry": { "type": "Point", "coordinates": [ -118.068616085461002, 34.171443137980702 ] } },
{ "type": "Feature", "properties": { "DAMAGE": "No Damage", "STRUCTURETYPE": "Single Family Residence Multi Story", "index_right": 6708, "score": 0.038, "d_ndvi": 0.005, "ssim": 0.942, "damage_class": "none" }, "geometry": { "type": "Point", "coordinates": [ -118.068813424666999, 34.171463973707297 ] } },
{ "type": "Feature", "properties": { "DAMAGE": "No Damage", "STRUCTURETYPE": "Single Family Residence Single Story", "index_right": 6707, "score": 0.089, "d_ndvi": -0.034, "ssim": 0.903, "damage_class": "none" }, "geometry": { "type": "Point", "coordinates": [ -118.069226415238006, 34.171459976613498 ] } },
{ "type": "Feature", "properties": { "DAMAGE": "No Damage", "STRUCTURETYPE": "Single Family Residence Single Story", "index_right": 6707, "score": 0.089, "d_ndvi": -0.034, "ssim": 0.903, "damage_class": "none" }, "geometry": { "type": "Point", "coordinates": [ -118.069601222917001, 34.171457551452299 ] } },
{ "type": "Feature", "properties": { "DAMAGE": "No Damage", "STRUCTURETYPE": "Single Family Residence Single Story", "index_right": 6706, "score": 0.102, "d_ndvi": -0.032, "ssim": 0.883, "damage_class": "none" }, "geometry": { "type": "Point", "coordinates": [ -118.070016293986001, 34.171462258331303 ] } },
{ "type": "Feature", "properties": { "DAMAGE": "Destroyed (>50%)", "STRUCTURETYPE": "Single Family Residence Single Story", "index_right": 6705, "score": 0.182, "d_ndvi": -0.054, "ssim": 0.79, "damage_class": "moderate" }, "geometry": { "type": "Point", "coordinates": [ -118.070618924301996, 34.171448788763399 ] } },
{ "type": "Feature", "properties": { "DAMAGE": "Destroyed (>50%)", "STRUCTURETYPE": "Single Family Residence Single Story", "index_right": 6704, "score": 0.395, "d_ndvi": -0.065, "ssim": 0.503, "damage_class": "severe" }, "geometry": { "type": "Point", "coordinates": [ -118.070801918312, 34.1714139141449 ] } },
{ "type": "Feature", "properties": { "DAMAGE": "No Damage", "STRUCTURETYPE": "Single Family Residence Single Story", "index_right": 6609, "score": 0.176, "d_ndvi": -0.079, "ssim": 0.843, "damage_class": "moderate" }, "geometry": { "type": "Point", "coordinates": [ -118.070958181153998, 34.171717728571998 ] } },
{ "type": "Feature", "properties": { "DAMAGE": "No Damage", "STRUCTURETYPE": "Single Family Residence Single Story", "index_right": 6610, "score": 0.161, "d_ndvi": -0.059, "ssim": 0.839, "damage_class": "moderate" }, "geometry": { "type": "Point", "coordinates": [ -118.070481481165999, 34.171750183858002 ] } },
{ "type": "Feature", "properties": { "DAMAGE": "No Damage", "STRUCTURETYPE": "Single Family Residence Multi Story", "index_right": 6322, "score": 0.068, "d_ndvi": -0.035, "ssim": 0.924, "damage_class": "none" }, "geometry": { "type": "Point", "coordinates": [ -118.071801436897999, 34.173104816733201 ] } },
{ "type": "Feature", "properties": { "DAMAGE": "No Damage", "STRUCTURETYPE": "Single Family Residence Single Story", "index_right": 6978, "score": 0.103, "d_ndvi": -0.011, "ssim": 0.872, "damage_class": "none" }, "geometry": { "type": "Point", "coordinates": [ -118.076784981971997, 34.170007125287597 ] } },
{ "type": "Feature", "properties": { "DAMAGE": "No Damage", "STRUCTURETYPE": "Single Family Residence Single Story", "index_right": 7072, "score": 0.15, "d_ndvi": -0.07, "ssim": 0.858, "damage_class": "moderate" }, "geometry": { "type": "Point", "coordinates": [ -118.077234335447002, 34.169460354326603 ] } },
{ "type": "Feature", "properties": { "DAMAGE": "No Damage", "STRUCTURETYPE": "Single Family Residence Single Story", "index_right": 7167, "score": 0.086, "d_ndvi": -0.028, "ssim": 0.906, "damage_class": "none" }, "geometry": { "type": "Point", "coordinates": [ -118.077322200563003, 34.169002332356897 ] } },
{ "type": "Feature", "properties": { "DAMAGE": "No Damage", "STRUCTURETYPE": "Single Family Residence Single Story", "index_right": 7167, "score": 0.086, "d_ndvi": -0.028, "ssim": 0.906, "damage_class": "none" }, "geometry": { "type": "Point", "coordinates": [ -118.077318068313005, 34.169214505318202 ] } },
{ "type": "Feature", "properties": { "DAMAGE": "No Damage", "STRUCTURETYPE": "Single Family Residence Single Story", "index_right": 7262, "score": 0.048, "d_ndvi": -0.013, "ssim": 0.933, "damage_class": "none" }, "geometry": { "type": "Point", "coordinates": [ -118.077400412383, 34.168780227501003 ] } },
{ "type": "Feature", "properties": { "DAMAGE": "No Damage", "STRUCTURETYPE": "Utility Misc Structure", "index_right": 7261, "score": 0.097, "d_ndvi": -0.021, "ssim": 0.889, "damage_class": "none" }, "geometry": { "type": "Point", "coordinates": [ -118.077609709008001, 34.168622107159997 ] } },
{ "type": "Feature", "properties": { "DAMAGE": "No Damage", "STRUCTURETYPE": "Single Family Residence Single Story", "index_right": 7356, "score": 0.052, "d_ndvi": -0.027, "ssim": 0.954, "damage_class": "none" }, "geometry": { "type": "Point", "coordinates": [ -118.077596753562005, 34.168450516347498 ] } },
{ "type": "Feature", "properties": { "DAMAGE": "No Damage", "STRUCTURETYPE": "Single Family Residence Multi Story", "index_right": 6862, "score": 0.056, "d_ndvi": -0.006, "ssim": 0.921, "damage_class": "none" }, "geometry": { "type": "Point", "coordinates": [ -118.037027628573, 34.1712222579011 ] } },
{ "type": "Feature", "properties": { "DAMAGE": "No Damage", "STRUCTURETYPE": "Single Family Residence Multi Story", "index_right": 6862, "score": 0.056, "d_ndvi": -0.006, "ssim": 0.921, "damage_class": "none" }, "geometry": { "type": "Point", "coordinates": [ -118.037319072914997, 34.1712744370802 ] } },
{ "type": "Feature", "properties": { "DAMAGE": "No Damage", "STRUCTURETYPE": "Single Family Residence Single Story", "index_right": 6861, "score": 0.033, "d_ndvi": 0.005, "ssim": 0.939, "damage_class": "none" }, "geometry": { "type": "Point", "coordinates": [ -118.037665757037004, 34.171277731828397 ] } },
{ "type": "Feature", "properties": { "DAMAGE": "No Damage", "STRUCTURETYPE": "Single Family Residence Single Story", "index_right": 6861, "score": 0.033, "d_ndvi": 0.005, "ssim": 0.939, "damage_class": "none" }, "geometry": { "type": "Point", "coordinates": [ -118.037980926463007, 34.171191403883903 ] } },
{ "type": "Feature", "properties": { "DAMAGE": "No Damage", "STRUCTURETYPE": "Single Family Residence Multi Story", "index_right": 4302, "score": 0.063, "d_ndvi": -0.022, "ssim": 0.919, "damage_class": "none" }, "geometry": { "type": "Point", "coordinates": [ -118.085329953685999, 34.182411783953597 ] } },
{ "type": "Feature", "properties": { "DAMAGE": "No Damage", "STRUCTURETYPE": "Single Family Residence Single Story", "index_right": 4301, "score": 0.243, "d_ndvi": -0.144, "ssim": 0.818, "damage_class": "moderate" }, "geometry": { "type": "Point", "coordinates": [ -118.085844510477003, 34.1823510156281 ] } },
{ "type": "Feature", "properties": { "DAMAGE": "No Damage", "STRUCTURETYPE": "Single Family Residence Single Story", "index_right": 4396, "score": 0.085, "d_ndvi": -0.047, "ssim": 0.923, "damage_class": "none" }, "geometry": { "type": "Point", "coordinates": [ -118.085832395796999, 34.181998070533297 ] } },
{ "type": "Feature", "properties": { "DAMAGE": "No Damage", "STRUCTURETYPE": "Single Family Residence Single Story", "index_right": 4396, "score": 0.085, "d_ndvi": -0.047, "ssim": 0.923, "damage_class": "none" }, "geometry": { "type": "Point", "coordinates": [ -118.086008577881998, 34.181799870266197 ] } },
{ "type": "Feature", "properties": { "DAMAGE": "No Damage", "STRUCTURETYPE": "Single Family Residence Multi Story", "index_right": 6767, "score": 0.037, "d_ndvi": 0.007, "ssim": 0.93, "damage_class": "none" }, "geometry": { "type": "Point", "coordinates": [ -118.037518373143001, 34.171758311798897 ] } },
{ "type": "Feature", "properties": { "DAMAGE": "Affected (1-9%)", "STRUCTURETYPE": "Single Family Residence Multi Story", "index_right": 6059, "score": 0.224, "d_ndvi": -0.181, "ssim": 0.884, "damage_class": "moderate" }, "geometry": { "type": "Point", "coordinates": [ -118.060328818843004, 34.1745022616808 ] } },
{ "type": "Feature", "properties": { "DAMAGE": "No Damage", "STRUCTURETYPE": "Single Family Residence Single Story", "index_right": 6910, "score": 0.034, "d_ndvi": -0.007, "ssim": 0.949, "damage_class": "none" }, "geometry": { "type": "Point", "coordinates": [ -118.062469209517005, 34.170703987362799 ] } },
{ "type": "Feature", "properties": { "DAMAGE": "No Damage", "STRUCTURETYPE": "Utility Misc Structure", "index_right": 6909, "score": 0.099, "d_ndvi": 0.008, "ssim": 0.857, "damage_class": "none" }, "geometry": { "type": "Point", "coordinates": [ -118.062656749900995, 34.170684097589799 ] } },
{ "type": "Feature", "properties": { "DAMAGE": "No Damage", "STRUCTURETYPE": "Single Family Residence Single Story", "index_right": 6910, "score": 0.034, "d_ndvi": -0.007, "ssim": 0.949, "damage_class": "none" }, "geometry": { "type": "Point", "coordinates": [ -118.062438791662998, 34.170549475640001 ] } },
{ "type": "Feature", "properties": { "DAMAGE": "No Damage", "STRUCTURETYPE": "Utility Misc Structure", "index_right": 6909, "score": 0.099, "d_ndvi": 0.008, "ssim": 0.857, "damage_class": "none" }, "geometry": { "type": "Point", "coordinates": [ -118.062658201578003, 34.170600588140303 ] } },
{ "type": "Feature", "properties": { "DAMAGE": "No Damage", "STRUCTURETYPE": "Single Family Residence Single Story", "index_right": 7005, "score": 0.072, "d_ndvi": -0.01, "ssim": 0.893, "damage_class": "none" }, "geometry": { "type": "Point", "coordinates": [ -118.062499641743997, 34.170371608059703 ] } },
{ "type": "Feature", "properties": { "DAMAGE": "No Damage", "STRUCTURETYPE": "Single Family Residence Multi Story", "index_right": 6155, "score": 0.087, "d_ndvi": -0.035, "ssim": 0.895, "damage_class": "none" }, "geometry": { "type": "Point", "coordinates": [ -118.059634029462998, 34.173982409122701 ] } },
{ "type": "Feature", "properties": { "DAMAGE": "No Damage", "STRUCTURETYPE": "Single Family Residence Multi Story", "index_right": 6282, "score": 0.111, "d_ndvi": -0.023, "ssim": 0.865, "damage_class": "none" }, "geometry": { "type": "Point", "coordinates": [ -118.042890000301995, 34.173711000152799 ] } },
{ "type": "Feature", "properties": { "DAMAGE": "No Damage", "STRUCTURETYPE": "Single Family Residence Single Story", "index_right": 6376, "score": 0.049, "d_ndvi": 0.026, "ssim": 0.923, "damage_class": "none" }, "geometry": { "type": "Point", "coordinates": [ -118.043130027450999, 34.173596870407998 ] } },
{ "type": "Feature", "properties": { "DAMAGE": "No Damage", "STRUCTURETYPE": "Single Family Residence Single Story", "index_right": 6376, "score": 0.049, "d_ndvi": 0.026, "ssim": 0.923, "damage_class": "none" }, "geometry": { "type": "Point", "coordinates": [ -118.042966966159, 34.173519924920001 ] } },
{ "type": "Feature", "properties": { "DAMAGE": "No Damage", "STRUCTURETYPE": "Single Family Residence Single Story", "index_right": 6376, "score": 0.049, "d_ndvi": 0.026, "ssim": 0.923, "damage_class": "none" }, "geometry": { "type": "Point", "coordinates": [ -118.042985500200004, 34.173349999638198 ] } },
{ "type": "Feature", "properties": { "DAMAGE": "No Damage", "STRUCTURETYPE": "Utility Misc Structure", "index_right": 6377, "score": 0.05, "d_ndvi": 0.042, "ssim": 0.9, "damage_class": "none" }, "geometry": { "type": "Point", "coordinates": [ -118.042856140104007, 34.173286737990701 ] } },
{ "type": "Feature", "properties": { "DAMAGE": "No Damage", "STRUCTURETYPE": "Single Family Residence Single Story", "index_right": 7084, "score": 0.135, "d_ndvi": -0.042, "ssim": 0.838, "damage_class": "none" }, "geometry": { "type": "Point", "coordinates": [ -118.070923660695001, 34.169633202453099 ] } },
{ "type": "Feature", "properties": { "DAMAGE": "No Damage", "STRUCTURETYPE": "Single Family Residence Single Story", "index_right": 7179, "score": 0.081, "d_ndvi": -0.022, "ssim": 0.888, "damage_class": "none" }, "geometry": { "type": "Point", "coordinates": [ -118.070908416283999, 34.1693542169374 ] } },
{ "type": "Feature", "properties": { "DAMAGE": "No Damage", "STRUCTURETYPE": "Single Family Residence Single Story", "index_right": 6877, "score": 0.044, "d_ndvi": -0.013, "ssim": 0.932, "damage_class": "none" }, "geometry": { "type": "Point", "coordinates": [ -118.079920757186002, 34.170573673254303 ] } },
{ "type": "Feature", "properties": { "DAMAGE": "No Damage", "STRUCTURETYPE": "Single Family Residence Multi Story", "index_right": 6417, "score": 0.095, "d_ndvi": -0.002, "ssim": 0.854, "damage_class": "none" }, "geometry": { "type": "Point", "coordinates": [ -118.072293875371003, 34.172812572525203 ] } },
{ "type": "Feature", "properties": { "DAMAGE": "No Damage", "STRUCTURETYPE": "Single Family Residence Multi Story", "index_right": 6322, "score": 0.068, "d_ndvi": -0.035, "ssim": 0.924, "damage_class": "none" }, "geometry": { "type": "Point", "coordinates": [ -118.072266173124007, 34.173052179926003 ] } },
{ "type": "Feature", "properties": { "DAMAGE": "No Damage", "STRUCTURETYPE": "Single Family Residence Multi Story", "index_right": 6322, "score": 0.068, "d_ndvi": -0.035, "ssim": 0.924, "damage_class": "none" }, "geometry": { "type": "Point", "coordinates": [ -118.072042409074996, 34.173162499198099 ] } },
{ "type": "Feature", "properties": { "DAMAGE": "No Damage", "STRUCTURETYPE": "Single Family Residence Single Story", "index_right": 7084, "score": 0.135, "d_ndvi": -0.042, "ssim": 0.838, "damage_class": "none" }, "geometry": { "type": "Point", "coordinates": [ -118.070838067417995, 34.1698267235858 ] } },
{ "type": "Feature", "properties": { "DAMAGE": "No Damage", "STRUCTURETYPE": "Single Family Residence Single Story", "index_right": 7084, "score": 0.135, "d_ndvi": -0.042, "ssim": 0.838, "damage_class": "none" }, "geometry": { "type": "Point", "coordinates": [ -118.070875999679004, 34.169515000142802 ] } },
{ "type": "Feature", "properties": { "DAMAGE": "No Damage", "STRUCTURETYPE": "Single Family Residence Single Story", "index_right": 7179, "score": 0.081, "d_ndvi": -0.022, "ssim": 0.888, "damage_class": "none" }, "geometry": { "type": "Point", "coordinates": [ -118.070807603749998, 34.169167016812402 ] } },
{ "type": "Feature", "properties": { "DAMAGE": "No Damage", "STRUCTURETYPE": "Single Family Residence Multi Story", "index_right": 6841, "score": 0.134, "d_ndvi": -0.017, "ssim": 0.855, "damage_class": "none" }, "geometry": { "type": "Point", "coordinates": [ -118.04827169488, 34.171002977780397 ] } },
{ "type": "Feature", "properties": { "DAMAGE": "No Damage", "STRUCTURETYPE": "Single Family Residence Multi Story", "index_right": 6937, "score": 0.026, "d_ndvi": 0.021, "ssim": 0.932, "damage_class": "none" }, "geometry": { "type": "Point", "coordinates": [ -118.047856700167998, 34.170791238905601 ] } },
{ "type": "Feature", "properties": { "DAMAGE": "No Damage", "STRUCTURETYPE": "Single Family Residence Multi Story", "index_right": 6936, "score": 0.023, "d_ndvi": 0.018, "ssim": 0.949, "damage_class": "none" }, "geometry": { "type": "Point", "coordinates": [ -118.048572132833002, 34.170553046901198 ] } },
{ "type": "Feature", "properties": { "DAMAGE": "No Damage", "STRUCTURETYPE": "Single Family Residence Single Story", "index_right": 6766, "score": 0.047, "d_ndvi": 0.007, "ssim": 0.92, "damage_class": "none" }, "geometry": { "type": "Point", "coordinates": [ -118.037876822501005, 34.171774435383703 ] } },
{ "type": "Feature", "properties": { "DAMAGE": "No Damage", "STRUCTURETYPE": "Single Family Residence Multi Story", "index_right": 4780, "score": 0.105, "d_ndvi": -0.069, "ssim": 0.913, "damage_class": "none" }, "geometry": { "type": "Point", "coordinates": [ -118.083794377131994, 34.180271627251301 ] } },
{ "type": "Feature", "properties": { "DAMAGE": "No Damage", "STRUCTURETYPE": "Utility Misc Structure", "index_right": 4780, "score": 0.105, "d_ndvi": -0.069, "ssim": 0.913, "damage_class": "none" }, "geometry": { "type": "Point", "coordinates": [ -118.084009016094996, 34.1801717771637 ] } },
{ "type": "Feature", "properties": { "DAMAGE": "No Damage", "STRUCTURETYPE": "Single Family Residence Multi Story", "index_right": 4585, "score": 0.084, "d_ndvi": -0.021, "ssim": 0.903, "damage_class": "none" }, "geometry": { "type": "Point", "coordinates": [ -118.086705908596002, 34.181248042812797 ] } },
{ "type": "Feature", "properties": { "DAMAGE": "No Damage", "STRUCTURETYPE": "Single Family Residence Single Story", "index_right": 4491, "score": 0.065, "d_ndvi": -0.033, "ssim": 0.931, "damage_class": "none" }, "geometry": { "type": "Point", "coordinates": [ -118.086229883243007, 34.181520313365802 ] } },
{ "type": "Feature", "properties": { "DAMAGE": "No Damage", "STRUCTURETYPE": "Single Family Residence Single Story", "index_right": 4491, "score": 0.065, "d_ndvi": -0.033, "ssim": 0.931, "damage_class": "none" }, "geometry": { "type": "Point", "coordinates": [ -118.086002824172994, 34.181594195018597 ] } },
{ "type": "Feature", "properties": { "DAMAGE": "Affected (1-9%)", "STRUCTURETYPE": "Single Family Residence Multi Story", "index_right": 4490, "score": 0.117, "d_ndvi": -0.07, "ssim": 0.896, "damage_class": "none" }, "geometry": { "type": "Point", "coordinates": [ -118.086620762680994, 34.181645964454198 ] } },
{ "type": "Feature", "properties": { "DAMAGE": "No Damage", "STRUCTURETYPE": "Utility Misc Structure", "index_right": 4490, "score": 0.117, "d_ndvi": -0.07, "ssim": 0.896, "damage_class": "none" }, "geometry": { "type": "Point", "coordinates": [ -118.086637151545006, 34.1814385439326 ] } },
{ "type": "Feature", "properties": { "DAMAGE": "No Damage", "STRUCTURETYPE": "Single Family Residence Single Story", "index_right": 7006, "score": 0.048, "d_ndvi": -0.003, "ssim": 0.924, "damage_class": "none" }, "geometry": { "type": "Point", "coordinates": [ -118.061971543748001, 34.170379270865098 ] } },
{ "type": "Feature", "properties": { "DAMAGE": "No Damage", "STRUCTURETYPE": "Single Family Residence Single Story", "index_right": 6765, "score": 0.062, "d_ndvi": 0.004, "ssim": 0.915, "damage_class": "none" }, "geometry": { "type": "Point", "coordinates": [ -118.038171576813994, 34.171625838008097 ] } },
{ "type": "Feature", "properties": { "DAMAGE": "No Damage", "STRUCTURETYPE": "Single Family Residence Multi Story", "index_right": 6250, "score": 0.064, "d_ndvi": -0.026, "ssim": 0.928, "damage_class": "none" }, "geometry": { "type": "Point", "coordinates": [ -118.059643497706006, 34.173682674157902 ] } },
{ "type": "Feature", "properties": { "DAMAGE": "No Damage", "STRUCTURETYPE": "Single Family Residence Multi Story", "index_right": 6416, "score": 0.096, "d_ndvi": -0.005, "ssim": 0.863, "damage_class": "none" }, "geometry": { "type": "Point", "coordinates": [ -118.072595863816005, 34.172904011407098 ] } },
{ "type": "Feature", "properties": { "DAMAGE": "No Damage", "STRUCTURETYPE": "Single Family Residence Single Story", "index_right": 6781, "score": 0.108, "d_ndvi": -0.034, "ssim": 0.876, "damage_class": "none" }, "geometry": { "type": "Point", "coordinates": [ -118.080578067953994, 34.170930959063398 ] } },
{ "type": "Feature", "properties": { "DAMAGE": "No Damage", "STRUCTURETYPE": "Single Family Residence Multi Story", "index_right": 4587, "score": 0.195, "d_ndvi": -0.083, "ssim": 0.848, "damage_class": "moderate" }, "geometry": { "type": "Point", "coordinates": [ -118.085722367445996, 34.181288999716699 ] } },
{ "type": "Feature", "properties": { "DAMAGE": "No Damage", "STRUCTURETYPE": "Single Family Residence Multi Story", "index_right": 6978, "score": 0.103, "d_ndvi": -0.011, "ssim": 0.872, "damage_class": "none" }, "geometry": { "type": "Point", "coordinates": [ -118.076898157122002, 34.169854003643103 ] } },
{ "type": "Feature", "properties": { "DAMAGE": "No Damage", "STRUCTURETYPE": "Utility Misc Structure", "index_right": 7072, "score": 0.15, "d_ndvi": -0.07, "ssim": 0.858, "damage_class": "moderate" }, "geometry": { "type": "Point", "coordinates": [ -118.077302748443998, 34.169617051702303 ] } },
{ "type": "Feature", "properties": { "DAMAGE": "Affected (1-9%)", "STRUCTURETYPE": "Single Family Residence Single Story", "index_right": 7072, "score": 0.15, "d_ndvi": -0.07, "ssim": 0.858, "damage_class": "moderate" }, "geometry": { "type": "Point", "coordinates": [ -118.077074822499995, 34.169672710461697 ] } },
{ "type": "Feature", "properties": { "DAMAGE": "No Damage", "STRUCTURETYPE": "Single Family Residence Single Story", "index_right": 7262, "score": 0.048, "d_ndvi": -0.013, "ssim": 0.933, "damage_class": "none" }, "geometry": { "type": "Point", "coordinates": [ -118.077348681101, 34.168552158173497 ] } },
{ "type": "Feature", "properties": { "DAMAGE": "No Damage", "STRUCTURETYPE": "Utility Misc Structure", "index_right": 7356, "score": 0.052, "d_ndvi": -0.027, "ssim": 0.954, "damage_class": "none" }, "geometry": { "type": "Point", "coordinates": [ -118.077871544613998, 34.168303340175797 ] } },
{ "type": "Feature", "properties": { "DAMAGE": "No Damage", "STRUCTURETYPE": "Single Family Residence Single Story", "index_right": 7356, "score": 0.052, "d_ndvi": -0.027, "ssim": 0.954, "damage_class": "none" }, "geometry": { "type": "Point", "coordinates": [ -118.077717636255997, 34.168273565984798 ] } },
{ "type": "Feature", "properties": { "DAMAGE": "No Damage", "STRUCTURETYPE": "Single Family Residence Single Story", "index_right": 7356, "score": 0.052, "d_ndvi": -0.027, "ssim": 0.954, "damage_class": "none" }, "geometry": { "type": "Point", "coordinates": [ -118.077788398348005, 34.168067279510701 ] } },
{ "type": "Feature", "properties": { "DAMAGE": "No Damage", "STRUCTURETYPE": "Single Family Residence Multi Story", "index_right": 6765, "score": 0.062, "d_ndvi": 0.004, "ssim": 0.915, "damage_class": "none" }, "geometry": { "type": "Point", "coordinates": [ -118.038473505073, 34.171503310659197 ] } },
{ "type": "Feature", "properties": { "DAMAGE": "Destroyed (>50%)", "STRUCTURETYPE": "Single Family Residence Multi Story", "index_right": 6187, "score": 0.422, "d_ndvi": -0.248, "ssim": 0.705, "damage_class": "severe" }, "geometry": { "type": "Point", "coordinates": [ -118.042445000062997, 34.1741350000596 ] } },
{ "type": "Feature", "properties": { "DAMAGE": "No Damage", "STRUCTURETYPE": "Single Family Residence Multi Story", "index_right": 6283, "score": 0.244, "d_ndvi": -0.136, "ssim": 0.82, "damage_class": "moderate" }, "geometry": { "type": "Point", "coordinates": [ -118.042234000175995, 34.1740255003306 ] } },
{ "type": "Feature", "properties": { "DAMAGE": "No Damage", "STRUCTURETYPE": "Single Family Residence Multi Story", "index_right": 6282, "score": 0.111, "d_ndvi": -0.023, "ssim": 0.865, "damage_class": "none" }, "geometry": { "type": "Point", "coordinates": [ -118.042474632788995, 34.173768448835403 ] } },
{ "type": "Feature", "properties": { "DAMAGE": "No Damage", "STRUCTURETYPE": "Single Family Residence Single Story", "index_right": 6377, "score": 0.05, "d_ndvi": 0.042, "ssim": 0.9, "damage_class": "none" }, "geometry": { "type": "Point", "coordinates": [ -118.042528048413004, 34.173415563713199 ] } },
{ "type": "Feature", "properties": { "DAMAGE": "No Damage", "STRUCTURETYPE": "Single Family Residence Multi Story", "index_right": 6378, "score": 0.067, "d_ndvi": 0.026, "ssim": 0.907, "damage_class": "none" }, "geometry": { "type": "Point", "coordinates": [ -118.042342499594, 34.173376999851598 ] } },
{ "type": "Feature", "properties": { "DAMAGE": "No Damage", "STRUCTURETYPE": "Single Family Residence Multi Story", "index_right": 6473, "score": 0.041, "d_ndvi": 0.026, "ssim": 0.924, "damage_class": "none" }, "geometry": { "type": "Point", "coordinates": [ -118.041915470152006, 34.172822243285502 ] } },
{ "type": "Feature", "properties": { "DAMAGE": "No Damage", "STRUCTURETYPE": "Single Family Residence Multi Story", "index_right": 6473, "score": 0.041, "d_ndvi": 0.026, "ssim": 0.924, "damage_class": "none" }, "geometry": { "type": "Point", "coordinates": [ -118.041888617712004, 34.172921456957297 ] } },
{ "type": "Feature", "properties": { "DAMAGE": "No Damage", "STRUCTURETYPE": "Single Family Residence Single Story", "index_right": 6473, "score": 0.041, "d_ndvi": 0.026, "ssim": 0.924, "damage_class": "none" }, "geometry": { "type": "Point", "coordinates": [ -118.042345325694001, 34.172908510104499 ] } },
{ "type": "Feature", "properties": { "DAMAGE": "No Damage", "STRUCTURETYPE": "Single Family Residence Multi Story", "index_right": 4492, "score": 0.114, "d_ndvi": -0.053, "ssim": 0.896, "damage_class": "none" }, "geometry": { "type": "Point", "coordinates": [ -118.085448040822996, 34.181480735846399 ] } },
{ "type": "Feature", "properties": { "DAMAGE": "No Damage", "STRUCTURETYPE": "Single Family Residence Single Story", "index_right": 7179, "score": 0.081, "d_ndvi": -0.022, "ssim": 0.888, "damage_class": "none" }, "geometry": { "type": "Point", "coordinates": [ -118.070915003630006, 34.1691240286655 ] } },
{ "type": "Feature", "properties": { "DAMAGE": "No Damage", "STRUCTURETYPE": "Single Family Residence Multi Story", "index_right": 6859, "score": 0.038, "d_ndvi": 0.019, "ssim": 0.919, "damage_class": "none" }, "geometry": { "type": "Point", "coordinates": [ -118.03875690468, 34.171360816966001 ] } },
{ "type": "Feature", "properties": { "DAMAGE": "No Damage", "STRUCTURETYPE": "Single Family Residence Multi Story", "index_right": 7030, "score": 0.039, "d_ndvi": 0.02, "ssim": 0.925, "damage_class": "none" }, "geometry": { "type": "Point", "coordinates": [ -118.048914108885, 34.170284811689903 ] } },
{ "type": "Feature", "properties": { "DAMAGE": "No Damage", "STRUCTURETYPE": "Utility Misc Structure", "index_right": 7031, "score": 0.033, "d_ndvi": -0.007, "ssim": 0.956, "damage_class": "none" }, "geometry": { "type": "Point", "coordinates": [ -118.048715682717003, 34.170322854466399 ] } },
{ "type": "Feature", "properties": { "DAMAGE": "Affected (1-9%)", "STRUCTURETYPE": "Single Family Residence Multi Story", "index_right": 4493, "score": 0.285, "d_ndvi": -0.078, "ssim": 0.726, "damage_class": "moderate" }, "geometry": { "type": "Point", "coordinates": [ -118.085226483935003, 34.181673253324199 ] } },
{ "type": "Feature", "properties": { "DAMAGE": "No Damage", "STRUCTURETYPE": "Single Family Residence Multi Story", "index_right": 6687, "score": 0.057, "d_ndvi": 0.004, "ssim": 0.913, "damage_class": "none" }, "geometry": { "type": "Point", "coordinates": [ -118.079783584368002, 34.1711466720025 ] } },
{ "type": "Feature", "properties": { "DAMAGE": "No Damage", "STRUCTURETYPE": "Utility Misc Structure", "index_right": 6783, "score": 0.097, "d_ndvi": -0.021, "ssim": 0.867, "damage_class": "none" }, "geometry": { "type": "Point", "coordinates": [ -118.079695964213997, 34.170941623261498 ] } },
{ "type": "Feature", "properties": { "DAMAGE": "No Damage", "STRUCTURETYPE": "Single Family Residence Single Story", "index_right": 6119, "score": 0.104, "d_ndvi": -0.042, "ssim": 0.892, "damage_class": "none" }, "geometry": { "type": "Point", "coordinates": [ -118.078786829074005, 34.174055841789702 ] } },
{ "type": "Feature", "properties": { "DAMAGE": "No Damage", "STRUCTURETYPE": "Single Family Residence Multi Story", "index_right": 4399, "score": 0.377, "d_ndvi": -0.131, "ssim": 0.66, "damage_class": "severe" }, "geometry": { "type": "Point", "coordinates": [ -118.084184241474006, 34.182126171031499 ] } },
{ "type": "Feature", "properties": { "DAMAGE": "No Damage", "STRUCTURETYPE": "Single Family Residence Multi Story", "index_right": 4398, "score": 0.154, "d_ndvi": -0.046, "ssim": 0.836, "damage_class": "moderate" }, "geometry": { "type": "Point", "coordinates": [ -118.084912359249998, 34.181871653050102 ] } },
{ "type": "Feature", "properties": { "DAMAGE": "No Damage", "STRUCTURETYPE": "Single Family Residence Multi Story", "index_right": 6321, "score": 0.051, "d_ndvi": -0.026, "ssim": 0.946, "damage_class": "none" }, "geometry": { "type": "Point", "coordinates": [ -118.072466620501004, 34.173263014581998 ] } },
{ "type": "Feature", "properties": { "DAMAGE": "Affected (1-9%)", "STRUCTURETYPE": "Single Family Residence Multi Story", "index_right": 6345, "score": 0.127, "d_ndvi": -0.028, "ssim": 0.855, "damage_class": "none" }, "geometry": { "type": "Point", "coordinates": [ -118.059828599162998, 34.173433694400202 ] } },
{ "type": "Feature", "properties": { "DAMAGE": "No Damage", "STRUCTURETYPE": "Single Family Residence Single Story", "index_right": 6686, "score": 0.052, "d_ndvi": -0.013, "ssim": 0.938, "damage_class": "none" }, "geometry": { "type": "Point", "coordinates": [ -118.080433424820001, 34.1713856163651 ] } },
{ "type": "Feature", "properties": { "DAMAGE": "No Damage", "STRUCTURETYPE": "Single Family Residence Single Story", "index_right": 6935, "score": 0.094, "d_ndvi": 0.034, "ssim": 0.848, "damage_class": "none" }, "geometry": { "type": "Point", "coordinates": [ -118.048957994282006, 34.1708874991171 ] } },
{ "type": "Feature", "properties": { "DAMAGE": "No Damage", "STRUCTURETYPE": "Single Family Residence Single Story", "index_right": 6935, "score": 0.094, "d_ndvi": 0.034, "ssim": 0.848, "damage_class": "none" }, "geometry": { "type": "Point", "coordinates": [ -118.049198101380995, 34.170634224860699 ] } },
{ "type": "Feature", "properties": { "DAMAGE": "No Damage", "STRUCTURETYPE": "Single Family Residence Single Story", "index_right": 7029, "score": 0.023, "d_ndvi": 0.042, "ssim": 0.938, "damage_class": "none" }, "geometry": { "type": "Point", "coordinates": [ -118.049630423696001, 34.1704729591955 ] } },
{ "type": "Feature", "properties": { "DAMAGE": "No Damage", "STRUCTURETYPE": "Single Family Residence Multi Story", "index_right": 7029, "score": 0.023, "d_ndvi": 0.042, "ssim": 0.938, "damage_class": "none" }, "geometry": { "type": "Point", "coordinates": [ -118.049605858365993, 34.170230772113896 ] } },
{ "type": "Feature", "properties": { "DAMAGE": "No Damage", "STRUCTURETYPE": "Single Family Residence Single Story", "index_right": 6860, "score": 0.028, "d_ndvi": -0.001, "ssim": 0.948, "damage_class": "none" }, "geometry": { "type": "Point", "coordinates": [ -118.038229011499993, 34.171073690573998 ] } },
{ "type": "Feature", "properties": { "DAMAGE": "No Damage", "STRUCTURETYPE": "Single Family Residence Multi Story", "index_right": 6955, "score": 0.023, "d_ndvi": 0.016, "ssim": 0.94, "damage_class": "none" }, "geometry": { "type": "Point", "coordinates": [ -118.038524915655998, 34.170958519706602 ] } },
{ "type": "Feature", "properties": { "DAMAGE": "No Damage", "STRUCTURETYPE": "Single Family Residence Multi Story", "index_right": 6954, "score": 0.015, "d_ndvi": 0.022, "ssim": 0.965, "damage_class": "none" }, "geometry": { "type": "Point", "coordinates": [ -118.038795656204996, 34.170891112728398 ] } },
{ "type": "Feature", "properties": { "DAMAGE": "No Damage", "STRUCTURETYPE": "Single Family Residence Single Story", "index_right": 6953, "score": 0.019, "d_ndvi": 0.014, "ssim": 0.974, "damage_class": "none" }, "geometry": { "type": "Point", "coordinates": [ -118.039518564649995, 34.170842377272699 ] } },
{ "type": "Feature", "properties": { "DAMAGE": "No Damage", "STRUCTURETYPE": "Single Family Residence Multi Story", "index_right": 6227, "score": 0.05, "d_ndvi": -0.008, "ssim": 0.919, "damage_class": "none" }, "geometry": { "type": "Point", "coordinates": [ -118.072064229153, 34.173458716897201 ] } },
{ "type": "Feature", "properties": { "DAMAGE": "No Damage", "STRUCTURETYPE": "Single Family Residence Single Story", "index_right": 6215, "score": 0.043, "d_ndvi": -0.007, "ssim": 0.927, "damage_class": "none" }, "geometry": { "type": "Point", "coordinates": [ -118.078270153157007, 34.173363563290799 ] } },
{ "type": "Feature", "properties": { "DAMAGE": "No Damage", "STRUCTURETYPE": "Utility Misc Structure", "index_right": 6781, "score": 0.108, "d_ndvi": -0.034, "ssim": 0.876, "damage_class": "none" }, "geometry": { "type": "Point", "coordinates": [ -118.080385854534001, 34.170930970211899 ] } },
{ "type": "Feature", "properties": { "DAMAGE": "No Damage", "STRUCTURETYPE": "Single Family Residence Single Story", "index_right": 6348, "score": 0.058, "d_ndvi": -0.019, "ssim": 0.925, "damage_class": "none" }, "geometry": { "type": "Point", "coordinates": [ -118.057982299844994, 34.173536044452199 ] } },
{ "type": "Feature", "properties": { "DAMAGE": "No Damage", "STRUCTURETYPE": "Single Family Residence Single Story", "index_right": 6347, "score": 0.109, "d_ndvi": -0.025, "ssim": 0.876, "damage_class": "none" }, "geometry": { "type": "Point", "coordinates": [ -118.058587931432996, 34.173213349247497 ] } },
{ "type": "Feature", "properties": { "DAMAGE": "No Damage", "STRUCTURETYPE": "Single Family Residence Single Story", "index_right": 6442, "score": 0.18, "d_ndvi": -0.001, "ssim": 0.764, "damage_class": "moderate" }, "geometry": { "type": "Point", "coordinates": [ -118.058590346103998, 34.172996622986297 ] } },
{ "type": "Feature", "properties": { "DAMAGE": "No Damage", "STRUCTURETYPE": "Single Family Residence Single Story", "index_right": 6443, "score": 0.043, "d_ndvi": -0.007, "ssim": 0.943, "damage_class": "none" }, "geometry": { "type": "Point", "coordinates": [ -118.057991574051997, 34.173001396669001 ] } },
{ "type": "Feature", "properties": { "DAMAGE": "No Damage", "STRUCTURETYPE": "Single Family Residence Multi Story", "index_right": 6322, "score": 0.068, "d_ndvi": -0.035, "ssim": 0.924, "damage_class": "none" }, "geometry": { "type": "Point", "coordinates": [ -118.071823737575002, 34.173395322296003 ] } },
{ "type": "Feature", "properties": { "DAMAGE": "No Damage", "STRUCTURETYPE": "Utility Misc Structure", "index_right": 7274, "score": 0.079, "d_ndvi": -0.015, "ssim": 0.892, "damage_class": "none" }, "geometry": { "type": "Point", "coordinates": [ -118.070950442167998, 34.168660650460502 ] } },
{ "type": "Feature", "properties": { "DAMAGE": "No Damage", "STRUCTURETYPE": "Single Family Residence Single Story", "index_right": 7274, "score": 0.079, "d_ndvi": -0.015, "ssim": 0.892, "damage_class": "none" }, "geometry": { "type": "Point", "coordinates": [ -118.070823991715997, 34.168671568135302 ] } },
{ "type": "Feature", "properties": { "DAMAGE": "No Damage", "STRUCTURETYPE": "Single Family Residence Single Story", "index_right": 6611, "score": 0.122, "d_ndvi": -0.049, "ssim": 0.87, "damage_class": "none" }, "geometry": { "type": "Point", "coordinates": [ -118.069972088789001, 34.171768957794903 ] } },
{ "type": "Feature", "properties": { "DAMAGE": "No Damage", "STRUCTURETYPE": "Single Family Residence Single Story", "index_right": 6611, "score": 0.122, "d_ndvi": -0.049, "ssim": 0.87, "damage_class": "none" }, "geometry": { "type": "Point", "coordinates": [ -118.069747644714994, 34.1717818461075 ] } },
{ "type": "Feature", "properties": { "DAMAGE": "No Damage", "STRUCTURETYPE": "Single Family Residence Single Story", "index_right": 6612, "score": 0.088, "d_ndvi": -0.019, "ssim": 0.901, "damage_class": "none" }, "geometry": { "type": "Point", "coordinates": [ -118.069477764753003, 34.171761827266899 ] } },
{ "type": "Feature", "properties": { "DAMAGE": "No Damage", "STRUCTURETYPE": "Single Family Residence Single Story", "index_right": 6613, "score": 0.056, "d_ndvi": -0.018, "ssim": 0.923, "damage_class": "none" }, "geometry": { "type": "Point", "coordinates": [ -118.069001627109003, 34.171762168408399 ] } },
{ "type": "Feature", "properties": { "DAMAGE": "No Damage", "STRUCTURETYPE": "Single Family Residence Single Story", "index_right": 6613, "score": 0.056, "d_ndvi": -0.018, "ssim": 0.923, "damage_class": "none" }, "geometry": { "type": "Point", "coordinates": [ -118.068750582123002, 34.171783636543097 ] } },
{ "type": "Feature", "properties": { "DAMAGE": "No Damage", "STRUCTURETYPE": "Single Family Residence Single Story", "index_right": 6519, "score": 0.062, "d_ndvi": -0.011, "ssim": 0.916, "damage_class": "none" }, "geometry": { "type": "Point", "coordinates": [ -118.068495677076996, 34.172212959440998 ] } },
{ "type": "Feature", "properties": { "DAMAGE": "No Damage", "STRUCTURETYPE": "Single Family Residence Single Story", "index_right": 6518, "score": 0.102, "d_ndvi": -0.022, "ssim": 0.883, "damage_class": "none" }, "geometry": { "type": "Point", "coordinates": [ -118.068733785424001, 34.172191939579697 ] } },
{ "type": "Feature", "properties": { "DAMAGE": "No Damage", "STRUCTURETYPE": "Single Family Residence Single Story", "index_right": 6517, "score": 0.109, "d_ndvi": -0.056, "ssim": 0.9, "damage_class": "none" }, "geometry": { "type": "Point", "coordinates": [ -118.069200900389006, 34.1721932350193 ] } },
{ "type": "Feature", "properties": { "DAMAGE": "No Damage", "STRUCTURETYPE": "Single Family Residence Single Story", "index_right": 6610, "score": 0.161, "d_ndvi": -0.059, "ssim": 0.839, "damage_class": "moderate" }, "geometry": { "type": "Point", "coordinates": [ -118.070192424867003, 34.171749619747999 ] } },
{ "type": "Feature", "properties": { "DAMAGE": "No Damage", "STRUCTURETYPE": "Single Family Residence Single Story", "index_right": 6516, "score": 0.374, "d_ndvi": -0.106, "ssim": 0.597, "damage_class": "severe" }, "geometry": { "type": "Point", "coordinates": [ -118.069695796651999, 34.172203455836303 ] } },
{ "type": "Feature", "properties": { "DAMAGE": "No Damage", "STRUCTURETYPE": "Single Family Residence Single Story", "index_right": 6612, "score": 0.088, "d_ndvi": -0.019, "ssim": 0.901, "damage_class": "none" }, "geometry": { "type": "Point", "coordinates": [ -118.069221250823006, 34.171772148471803 ] } },
{ "type": "Feature", "properties": { "DAMAGE": "No Damage", "STRUCTURETYPE": "Single Family Residence Single Story", "index_right": 6614, "score": 0.04, "d_ndvi": 0.016, "ssim": 0.922, "damage_class": "none" }, "geometry": { "type": "Point", "coordinates": [ -118.068465788330997, 34.171746301234897 ] } },
{ "type": "Feature", "properties": { "DAMAGE": "Affected (1-9%)", "STRUCTURETYPE": "Single Family Residence Single Story", "index_right": 6518, "score": 0.102, "d_ndvi": -0.022, "ssim": 0.883, "damage_class": "none" }, "geometry": { "type": "Point", "coordinates": [ -118.068961206514999, 34.172218785573001 ] } },
{ "type": "Feature", "properties": { "DAMAGE": "No Damage", "STRUCTURETYPE": "Single Family Residence Single Story", "index_right": 6517, "score": 0.109, "d_ndvi": -0.056, "ssim": 0.9, "damage_class": "none" }, "geometry": { "type": "Point", "coordinates": [ -118.069477930941005, 34.172180197381401 ] } },
{ "type": "Feature", "properties": { "DAMAGE": "No Damage", "STRUCTURETYPE": "Single Family Residence Multi Story", "index_right": 6859, "score": 0.038, "d_ndvi": 0.019, "ssim": 0.919, "damage_class": "none" }, "geometry": { "type": "Point", "coordinates": [ -118.039110813953002, 34.171332033094799 ] } },
{ "type": "Feature", "properties": { "DAMAGE": "No Damage", "STRUCTURETYPE": "Single Family Residence Multi Story", "index_right": 6858, "score": 0.026, "d_ndvi": 0.013, "ssim": 0.956, "damage_class": "none" }, "geometry": { "type": "Point", "coordinates": [ -118.039419386150996, 34.171323893221199 ] } },
{ "type": "Feature", "properties": { "DAMAGE": "No Damage", "STRUCTURETYPE": "Single Family Residence Multi Story", "index_right": 7274, "score": 0.079, "d_ndvi": -0.015, "ssim": 0.892, "damage_class": "none" }, "geometry": { "type": "Point", "coordinates": [ -118.070823729406996, 34.168852261431702 ] } },
{ "type": "Feature", "properties": { "DAMAGE": "No Damage", "STRUCTURETYPE": "Utility Misc Structure", "index_right": 7274, "score": 0.079, "d_ndvi": -0.015, "ssim": 0.892, "damage_class": "none" }, "geometry": { "type": "Point", "coordinates": [ -118.07093956896, 34.168866627777497 ] } },
{ "type": "Feature", "properties": { "DAMAGE": "No Damage", "STRUCTURETYPE": "Single Family Residence Single Story", "index_right": 7178, "score": 0.115, "d_ndvi": -0.016, "ssim": 0.836, "damage_class": "none" }, "geometry": { "type": "Point", "coordinates": [ -118.071485220037005, 34.169163726441397 ] } },
{ "type": "Feature", "properties": { "DAMAGE": "No Damage", "STRUCTURETYPE": "Utility Misc Structure", "index_right": 7178, "score": 0.115, "d_ndvi": -0.016, "ssim": 0.836, "damage_class": "none" }, "geometry": { "type": "Point", "coordinates": [ -118.071373358223994, 34.169197394950899 ] } },
{ "type": "Feature", "properties": { "DAMAGE": "No Damage", "STRUCTURETYPE": "Single Family Residence Multi Story", "index_right": 6249, "score": 0.077, "d_ndvi": -0.02, "ssim": 0.907, "damage_class": "none" }, "geometry": { "type": "Point", "coordinates": [ -118.060284981954993, 34.173524015560901 ] } },
{ "type": "Feature", "properties": { "DAMAGE": "Affected (1-9%)", "STRUCTURETYPE": "Single Family Residence Multi Story", "index_right": 6344, "score": 0.041, "d_ndvi": -0.011, "ssim": 0.949, "damage_class": "none" }, "geometry": { "type": "Point", "coordinates": [ -118.060349454043006, 34.173340305898797 ] } },
{ "type": "Feature", "properties": { "DAMAGE": "No Damage", "STRUCTURETYPE": "Utility Misc Structure", "index_right": 6310, "score": 0.05, "d_ndvi": -0.021, "ssim": 0.932, "damage_class": "none" }, "geometry": { "type": "Point", "coordinates": [ -118.078688971098003, 34.173341944685603 ] } },
{ "type": "Feature", "properties": { "DAMAGE": "No Damage", "STRUCTURETYPE": "Single Family Residence Single Story", "index_right": 6908, "score": 0.06, "d_ndvi": -0.004, "ssim": 0.914, "damage_class": "none" }, "geometry": { "type": "Point", "coordinates": [ -118.063483143368003, 34.170579419973002 ] } },
{ "type": "Feature", "properties": { "DAMAGE": "No Damage", "STRUCTURETYPE": "Utility Misc Structure", "index_right": 6908, "score": 0.06, "d_ndvi": -0.004, "ssim": 0.914, "damage_class": "none" }, "geometry": { "type": "Point", "coordinates": [ -118.063562398133001, 34.170743978717397 ] } },
{ "type": "Feature", "properties": { "DAMAGE": "No Damage", "STRUCTURETYPE": "Single Family Residence Single Story", "index_right": 7452, "score": 0.079, "d_ndvi": -0.005, "ssim": 0.891, "damage_class": "none" }, "geometry": { "type": "Point", "coordinates": [ -118.077329353848, 34.167788922822403 ] } },
{ "type": "Feature", "properties": { "DAMAGE": "No Damage", "STRUCTURETYPE": "Single Family Residence Single Story", "index_right": 7451, "score": 0.049, "d_ndvi": -0.012, "ssim": 0.926, "damage_class": "none" }, "geometry": { "type": "Point", "coordinates": [ -118.077642646692993, 34.167787368659702 ] } },
{ "type": "Feature", "properties": { "DAMAGE": "No Damage", "STRUCTURETYPE": "Single Family Residence Single Story", "index_right": 7452, "score": 0.079, "d_ndvi": -0.005, "ssim": 0.891, "damage_class": "none" }, "geometry": { "type": "Point", "coordinates": [ -118.077360865849997, 34.168034787132001 ] } },
{ "type": "Feature", "properties": { "DAMAGE": "No Damage", "STRUCTURETYPE": "Single Family Residence Single Story", "index_right": 7004, "score": 0.074, "d_ndvi": -0.005, "ssim": 0.888, "damage_class": "none" }, "geometry": { "type": "Point", "coordinates": [ -118.062920012872993, 34.1703155053034 ] } },
{ "type": "Feature", "properties": { "DAMAGE": "No Damage", "STRUCTURETYPE": "Utility Misc Structure", "index_right": 6909, "score": 0.099, "d_ndvi": 0.008, "ssim": 0.857, "damage_class": "none" }, "geometry": { "type": "Point", "coordinates": [ -118.062790019464998, 34.170388640892 ] } },
{ "type": "Feature", "properties": { "DAMAGE": "No Damage", "STRUCTURETYPE": "Single Family Residence Single Story", "index_right": 6909, "score": 0.099, "d_ndvi": 0.008, "ssim": 0.857, "damage_class": "none" }, "geometry": { "type": "Point", "coordinates": [ -118.062880090842995, 34.170528761578801 ] } },
{ "type": "Feature", "properties": { "DAMAGE": "No Damage", "STRUCTURETYPE": "Utility Misc Structure", "index_right": 6909, "score": 0.099, "d_ndvi": 0.008, "ssim": 0.857, "damage_class": "none" }, "geometry": { "type": "Point", "coordinates": [ -118.062806461329004, 34.1706868007441 ] } },
{ "type": "Feature", "properties": { "DAMAGE": "No Damage", "STRUCTURETYPE": "Single Family Residence Single Story", "index_right": 6909, "score": 0.099, "d_ndvi": 0.008, "ssim": 0.857, "damage_class": "none" }, "geometry": { "type": "Point", "coordinates": [ -118.063073867331994, 34.170666618874698 ] } },
{ "type": "Feature", "properties": { "DAMAGE": "No Damage", "STRUCTURETYPE": "Utility Misc Structure", "index_right": 6909, "score": 0.099, "d_ndvi": 0.008, "ssim": 0.857, "damage_class": "none" }, "geometry": { "type": "Point", "coordinates": [ -118.062844093552997, 34.1707575881262 ] } },
{ "type": "Feature", "properties": { "DAMAGE": "No Damage", "STRUCTURETYPE": "Single Family Residence Multi Story", "index_right": 7048, "score": 0.042, "d_ndvi": 0.008, "ssim": 0.926, "damage_class": "none" }, "geometry": { "type": "Point", "coordinates": [ -118.039578972759998, 34.170529640830203 ] } },
{ "type": "Feature", "properties": { "DAMAGE": "No Damage", "STRUCTURETYPE": "Single Family Residence Multi Story", "index_right": 6952, "score": 0.032, "d_ndvi": 0.022, "ssim": 0.938, "damage_class": "none" }, "geometry": { "type": "Point", "coordinates": [ -118.040109313849001, 34.170813249849601 ] } },
{ "type": "Feature", "properties": { "DAMAGE": "No Damage", "STRUCTURETYPE": "Single Family Residence Multi Story", "index_right": 6857, "score": 0.041, "d_ndvi": 0.017, "ssim": 0.924, "damage_class": "none" }, "geometry": { "type": "Point", "coordinates": [ -118.039980004957002, 34.171026778377602 ] } },
{ "type": "Feature", "properties": { "DAMAGE": "No Damage", "STRUCTURETYPE": "Single Family Residence Multi Story", "index_right": 6321, "score": 0.051, "d_ndvi": -0.026, "ssim": 0.946, "damage_class": "none" }, "geometry": { "type": "Point", "coordinates": [ -118.072558034861004, 34.173091621674303 ] } },
{ "type": "Feature", "properties": { "DAMAGE": "No Damage", "STRUCTURETYPE": "Single Family Residence Multi Story", "index_right": 6226, "score": 0.077, "d_ndvi": -0.035, "ssim": 0.917, "damage_class": "none" }, "geometry": { "type": "Point", "coordinates": [ -118.072439316208005, 34.173434601863498 ] } },
{ "type": "Feature", "properties": { "DAMAGE": "No Damage", "STRUCTURETYPE": "Single Family Residence Multi Story", "index_right": 6226, "score": 0.077, "d_ndvi": -0.035, "ssim": 0.917, "damage_class": "none" }, "geometry": { "type": "Point", "coordinates": [ -118.072356006448999, 34.173589893879303 ] } },
{ "type": "Feature", "properties": { "DAMAGE": "No Damage", "STRUCTURETYPE": "Utility Misc Structure", "index_right": 6310, "score": 0.05, "d_ndvi": -0.021, "ssim": 0.932, "damage_class": "none" }, "geometry": { "type": "Point", "coordinates": [ -118.078521906912997, 34.1731012656468 ] } },
{ "type": "Feature", "properties": { "DAMAGE": "No Damage", "STRUCTURETYPE": "Single Family Residence Single Story", "index_right": 6686, "score": 0.052, "d_ndvi": -0.013, "ssim": 0.938, "damage_class": "none" }, "geometry": { "type": "Point", "coordinates": [ -118.080322128047996, 34.171550322926699 ] } },
{ "type": "Feature", "properties": { "DAMAGE": "No Damage", "STRUCTURETYPE": "Utility Misc Structure", "index_right": 7274, "score": 0.079, "d_ndvi": -0.015, "ssim": 0.892, "damage_class": "none" }, "geometry": { "type": "Point", "coordinates": [ -118.070942115684005, 34.168550748959802 ] } },
{ "type": "Feature", "properties": { "DAMAGE": "No Damage", "STRUCTURETYPE": "Single Family Residence Single Story", "index_right": 7369, "score": 0.076, "d_ndvi": -0.01, "ssim": 0.886, "damage_class": "none" }, "geometry": { "type": "Point", "coordinates": [ -118.070821150344003, 34.1685184901498 ] } },
{ "type": "Feature", "properties": { "DAMAGE": "No Damage", "STRUCTURETYPE": "Utility Misc Structure", "index_right": 6310, "score": 0.05, "d_ndvi": -0.021, "ssim": 0.932, "damage_class": "none" }, "geometry": { "type": "Point", "coordinates": [ -118.078575327926998, 34.173170777132498 ] } },
{ "type": "Feature", "properties": { "DAMAGE": "Destroyed (>50%)", "STRUCTURETYPE": "Utility Misc Structure", "index_right": 6119, "score": 0.104, "d_ndvi": -0.042, "ssim": 0.892, "damage_class": "none" }, "geometry": { "type": "Point", "coordinates": [ -118.079090305129995, 34.174038174998003 ] } },
{ "type": "Feature", "properties": { "DAMAGE": "Destroyed (>50%)", "STRUCTURETYPE": "Utility Misc Structure", "index_right": 6119, "score": 0.104, "d_ndvi": -0.042, "ssim": 0.892, "damage_class": "none" }, "geometry": { "type": "Point", "coordinates": [ -118.079165502204006, 34.174161817192903 ] } },
{ "type": "Feature", "properties": { "DAMAGE": "No Damage", "STRUCTURETYPE": "Utility Misc Structure", "index_right": 6118, "score": 0.071, "d_ndvi": -0.024, "ssim": 0.903, "damage_class": "none" }, "geometry": { "type": "Point", "coordinates": [ -118.079309814758005, 34.173959770250796 ] } },
{ "type": "Feature", "properties": { "DAMAGE": "No Damage", "STRUCTURETYPE": "Single Family Residence Single Story", "index_right": 6953, "score": 0.019, "d_ndvi": 0.014, "ssim": 0.974, "damage_class": "none" }, "geometry": { "type": "Point", "coordinates": [ -118.039131584798994, 34.170851528736897 ] } },
{ "type": "Feature", "properties": { "DAMAGE": "No Damage", "STRUCTURETYPE": "Mixed Commercial/Residential", "index_right": 7125, "score": 0.017, "d_ndvi": 0.035, "ssim": 0.94, "damage_class": "none" }, "geometry": { "type": "Point", "coordinates": [ -118.049098754897003, 34.169671622349199 ] } },
{ "type": "Feature", "properties": { "DAMAGE": "No Damage", "STRUCTURETYPE": "Single Family Residence Single Story", "index_right": 7220, "score": 0.048, "d_ndvi": 0.033, "ssim": 0.907, "damage_class": "none" }, "geometry": { "type": "Point", "coordinates": [ -118.048994947379001, 34.169610777212903 ] } },
{ "type": "Feature", "properties": { "DAMAGE": "No Damage", "STRUCTURETYPE": "Utility Misc Structure", "index_right": 7125, "score": 0.017, "d_ndvi": 0.035, "ssim": 0.94, "damage_class": "none" }, "geometry": { "type": "Point", "coordinates": [ -118.048796044206, 34.169676832505502 ] } },
{ "type": "Feature", "properties": { "DAMAGE": "No Damage", "STRUCTURETYPE": "Utility Misc Structure", "index_right": 7126, "score": 0.021, "d_ndvi": 0.009, "ssim": 0.97, "damage_class": "none" }, "geometry": { "type": "Point", "coordinates": [ -118.048422971172997, 34.169936272613903 ] } },
{ "type": "Feature", "properties": { "DAMAGE": "Affected (1-9%)", "STRUCTURETYPE": "Single Family Residence Single Story", "index_right": 6345, "score": 0.127, "d_ndvi": -0.028, "ssim": 0.855, "damage_class": "none" }, "geometry": { "type": "Point", "coordinates": [ -118.059905028726007, 34.1732212711768 ] } },
{ "type": "Feature", "properties": { "DAMAGE": "No Damage", "STRUCTURETYPE": "Single Family Residence Single Story", "index_right": 6908, "score": 0.06, "d_ndvi": -0.004, "ssim": 0.914, "damage_class": "none" }, "geometry": { "type": "Point", "coordinates": [ -118.063310327270997, 34.170612695488202 ] } },
{ "type": "Feature", "properties": { "DAMAGE": "No Damage", "STRUCTURETYPE": "Utility Misc Structure", "index_right": 6908, "score": 0.06, "d_ndvi": -0.004, "ssim": 0.914, "damage_class": "none" }, "geometry": { "type": "Point", "coordinates": [ -118.063376866626001, 34.170768420813999 ] } },
{ "type": "Feature", "properties": { "DAMAGE": "No Damage", "STRUCTURETYPE": "Single Family Residence Single Story", "index_right": 7369, "score": 0.076, "d_ndvi": -0.01, "ssim": 0.886, "damage_class": "none" }, "geometry": { "type": "Point", "coordinates": [ -118.070835369777001, 34.1681866388736 ] } },
{ "type": "Feature", "properties": { "DAMAGE": "No Damage", "STRUCTURETYPE": "Single Family Residence Multi Story", "index_right": 6344, "score": 0.041, "d_ndvi": -0.011, "ssim": 0.949, "damage_class": "none" }, "geometry": { "type": "Point", "coordinates": [ -118.060456539512998, 34.173076845792302 ] } },
{ "type": "Feature", "properties": { "DAMAGE": "No Damage", "STRUCTURETYPE": "Single Family Residence Single Story", "index_right": 6592, "score": 0.054, "d_ndvi": 0.007, "ssim": 0.909, "damage_class": "none" }, "geometry": { "type": "Point", "coordinates": [ -118.080210764878004, 34.171851039356397 ] } },
{ "type": "Feature", "properties": { "DAMAGE": "No Damage", "STRUCTURETYPE": "Utility Misc Structure", "index_right": 6592, "score": 0.054, "d_ndvi": 0.007, "ssim": 0.909, "damage_class": "none" }, "geometry": { "type": "Point", "coordinates": [ -118.080058674729003, 34.171708774932704 ] } },
{ "type": "Feature", "properties": { "DAMAGE": "No Damage", "STRUCTURETYPE": "Single Family Residence Multi Story", "index_right": 6857, "score": 0.041, "d_ndvi": 0.017, "ssim": 0.924, "damage_class": "none" }, "geometry": { "type": "Point", "coordinates": [ -118.039718507174001, 34.171385759065402 ] } },
{ "type": "Feature", "properties": { "DAMAGE": "Destroyed (>50%)", "STRUCTURETYPE": "Single Family Residence Single Story", "index_right": 6062, "score": 0.514, "d_ndvi": -0.361, "ssim": 0.709, "damage_class": "severe" }, "geometry": { "type": "Point", "coordinates": [ -118.058732392208, 34.174801527004298 ] } },
{ "type": "Feature", "properties": { "DAMAGE": "Destroyed (>50%)", "STRUCTURETYPE": "Single Family Residence Single Story", "index_right": 6062, "score": 0.514, "d_ndvi": -0.361, "ssim": 0.709, "damage_class": "severe" }, "geometry": { "type": "Point", "coordinates": [ -118.058676398420005, 34.174562502039201 ] } },
{ "type": "Feature", "properties": { "DAMAGE": "No Damage", "STRUCTURETYPE": "Single Family Residence Single Story", "index_right": 6063, "score": 0.205, "d_ndvi": -0.118, "ssim": 0.839, "damage_class": "moderate" }, "geometry": { "type": "Point", "coordinates": [ -118.058084511953993, 34.174581355616397 ] } },
{ "type": "Feature", "properties": { "DAMAGE": "No Damage", "STRUCTURETYPE": "Utility Misc Structure", "index_right": 6157, "score": 0.19, "d_ndvi": -0.065, "ssim": 0.805, "damage_class": "moderate" }, "geometry": { "type": "Point", "coordinates": [ -118.058849874779995, 34.174159369069798 ] } },
{ "type": "Feature", "properties": { "DAMAGE": "No Damage", "STRUCTURETYPE": "Single Family Residence Single Story", "index_right": 6157, "score": 0.19, "d_ndvi": -0.065, "ssim": 0.805, "damage_class": "moderate" }, "geometry": { "type": "Point", "coordinates": [ -118.058618753527995, 34.174202133919799 ] } },
{ "type": "Feature", "properties": { "DAMAGE": "No Damage", "STRUCTURETYPE": "Single Family Residence Single Story", "index_right": 6252, "score": 0.123, "d_ndvi": -0.039, "ssim": 0.861, "damage_class": "none" }, "geometry": { "type": "Point", "coordinates": [ -118.058587002574995, 34.173934316098098 ] } },
{ "type": "Feature", "properties": { "DAMAGE": "No Damage", "STRUCTURETYPE": "Single Family Residence Single Story", "index_right": 6252, "score": 0.123, "d_ndvi": -0.039, "ssim": 0.861, "damage_class": "none" }, "geometry": { "type": "Point", "coordinates": [ -118.058588656373004, 34.173723155363199 ] } },
{ "type": "Feature", "properties": { "DAMAGE": "No Damage", "STRUCTURETYPE": "Single Family Residence Single Story", "index_right": 6347, "score": 0.109, "d_ndvi": -0.025, "ssim": 0.876, "damage_class": "none" }, "geometry": { "type": "Point", "coordinates": [ -118.058614893468004, 34.173471686705199 ] } },
{ "type": "Feature", "properties": { "DAMAGE": "No Damage", "STRUCTURETYPE": "Single Family Residence Multi Story", "index_right": 6348, "score": 0.058, "d_ndvi": -0.019, "ssim": 0.925, "damage_class": "none" }, "geometry": { "type": "Point", "coordinates": [ -118.058006170777006, 34.173298125521903 ] } },
{ "type": "Feature", "properties": { "DAMAGE": "No Damage", "STRUCTURETYPE": "Single Family Residence Single Story", "index_right": 6442, "score": 0.18, "d_ndvi": -0.001, "ssim": 0.764, "damage_class": "moderate" }, "geometry": { "type": "Point", "coordinates": [ -118.058539938039999, 34.172776823701497 ] } },
{ "type": "Feature", "properties": { "DAMAGE": "No Damage", "STRUCTURETYPE": "Utility Misc Structure", "index_right": 6442, "score": 0.18, "d_ndvi": -0.001, "ssim": 0.764, "damage_class": "moderate" }, "geometry": { "type": "Point", "coordinates": [ -118.058762474092006, 34.172789275590802 ] } },
{ "type": "Feature", "properties": { "DAMAGE": "No Damage", "STRUCTURETYPE": "Single Family Residence Single Story", "index_right": 6441, "score": 0.262, "d_ndvi": -0.128, "ssim": 0.803, "damage_class": "moderate" }, "geometry": { "type": "Point", "coordinates": [ -118.058989146886006, 34.172831917760803 ] } },
{ "type": "Feature", "properties": { "DAMAGE": "No Damage", "STRUCTURETYPE": "Single Family Residence Multi Story", "index_right": 6537, "score": 0.092, "d_ndvi": -0.006, "ssim": 0.879, "damage_class": "none" }, "geometry": { "type": "Point", "coordinates": [ -118.058757866633002, 34.1723606356733 ] } },
{ "type": "Feature", "properties": { "DAMAGE": "No Damage", "STRUCTURETYPE": "Single Family Residence Multi Story", "index_right": 6536, "score": 0.072, "d_ndvi": -0.029, "ssim": 0.918, "damage_class": "none" }, "geometry": { "type": "Point", "coordinates": [ -118.059011876059998, 34.17233507996 ] } },
{ "type": "Feature", "properties": { "DAMAGE": "No Damage", "STRUCTURETYPE": "Single Family Residence Multi Story", "index_right": 6536, "score": 0.072, "d_ndvi": -0.029, "ssim": 0.918, "damage_class": "none" }, "geometry": { "type": "Point", "coordinates": [ -118.059195929183005, 34.1723764172608 ] } },
{ "type": "Feature", "properties": { "DAMAGE": "No Damage", "STRUCTURETYPE": "Single Family Residence Single Story", "index_right": 6120, "score": 0.1, "d_ndvi": -0.018, "ssim": 0.862, "damage_class": "none" }, "geometry": { "type": "Point", "coordinates": [ -118.078257821983001, 34.174029703171399 ] } },
{ "type": "Feature", "properties": { "DAMAGE": "No Damage", "STRUCTURETYPE": "Single Family Residence Single Story", "index_right": 7369, "score": 0.076, "d_ndvi": -0.01, "ssim": 0.886, "damage_class": "none" }, "geometry": { "type": "Point", "coordinates": [ -118.070822259764, 34.168355260471102 ] } },
{ "type": "Feature", "properties": { "DAMAGE": "No Damage", "STRUCTURETYPE": "Utility Misc Structure", "index_right": 7369, "score": 0.076, "d_ndvi": -0.01, "ssim": 0.886, "damage_class": "none" }, "geometry": { "type": "Point", "coordinates": [ -118.070939634536998, 34.168308921302497 ] } },
{ "type": "Feature", "properties": { "DAMAGE": "No Damage", "STRUCTURETYPE": "Single Family Residence Single Story", "index_right": 7464, "score": 0.049, "d_ndvi": -0.014, "ssim": 0.93, "damage_class": "none" }, "geometry": { "type": "Point", "coordinates": [ -118.070906523534006, 34.167981192072197 ] } },
{ "type": "Feature", "properties": { "DAMAGE": "No Damage", "STRUCTURETYPE": "Single Family Residence Single Story", "index_right": 6439, "score": 0.056, "d_ndvi": -0.013, "ssim": 0.918, "damage_class": "none" }, "geometry": { "type": "Point", "coordinates": [ -118.060024448963006, 34.172968338371803 ] } },
{ "type": "Feature", "properties": { "DAMAGE": "No Damage", "STRUCTURETYPE": "Utility Misc Structure", "index_right": 6120, "score": 0.1, "d_ndvi": -0.018, "ssim": 0.862, "damage_class": "none" }, "geometry": { "type": "Point", "coordinates": [ -118.078399291368996, 34.173864386071202 ] } },
{ "type": "Feature", "properties": { "DAMAGE": "No Damage", "STRUCTURETYPE": "Single Family Residence Multi Story", "index_right": 6323, "score": 0.054, "d_ndvi": -0.014, "ssim": 0.916, "damage_class": "none" }, "geometry": { "type": "Point", "coordinates": [ -118.071486691477006, 34.1729873037877 ] } },
{ "type": "Feature", "properties": { "DAMAGE": "No Damage", "STRUCTURETYPE": "Single Family Residence Multi Story", "index_right": 6323, "score": 0.054, "d_ndvi": -0.014, "ssim": 0.916, "damage_class": "none" }, "geometry": { "type": "Point", "coordinates": [ -118.071466273669003, 34.173166144670297 ] } },
{ "type": "Feature", "properties": { "DAMAGE": "No Damage", "STRUCTURETYPE": "Single Family Residence Multi Story", "index_right": 6323, "score": 0.054, "d_ndvi": -0.014, "ssim": 0.916, "damage_class": "none" }, "geometry": { "type": "Point", "coordinates": [ -118.071486183030999, 34.173343657793801 ] } },
{ "type": "Feature", "properties": { "DAMAGE": "No Damage", "STRUCTURETYPE": "Utility Misc Structure", "index_right": 6497, "score": 0.037, "d_ndvi": 0.008, "ssim": 0.934, "damage_class": "none" }, "geometry": { "type": "Point", "coordinates": [ -118.079891588888003, 34.172118138881103 ] } },
{ "type": "Feature", "properties": { "DAMAGE": "No Damage", "STRUCTURETYPE": "Single Family Residence Single Story", "index_right": 6497, "score": 0.037, "d_ndvi": 0.008, "ssim": 0.934, "damage_class": "none" }, "geometry": { "type": "Point", "coordinates": [ -118.080084207447996, 34.172098524434503 ] } },
{ "type": "Feature", "properties": { "DAMAGE": "No Damage", "STRUCTURETYPE": "Infrastructure", "index_right": 7124, "score": 0.016, "d_ndvi": 0.024, "ssim": 0.964, "damage_class": "none" }, "geometry": { "type": "Point", "coordinates": [ -118.049533192745002, 34.169863513458303 ] } },
{ "type": "Feature", "properties": { "DAMAGE": "No Damage", "STRUCTURETYPE": "Commercial Building Single Story", "index_right": 7124, "score": 0.016, "d_ndvi": 0.024, "ssim": 0.964, "damage_class": "none" }, "geometry": { "type": "Point", "coordinates": [ -118.049602351344006, 34.169620187460403 ] } },
{ "type": "Feature", "properties": { "DAMAGE": "No Damage", "STRUCTURETYPE": "Single Family Residence Single Story", "index_right": 7025, "score": 0.065, "d_ndvi": -0.017, "ssim": 0.919, "damage_class": "none" }, "geometry": { "type": "Point", "coordinates": [ -118.051915869831006, 34.170471083259699 ] } },
{ "type": "Feature", "properties": { "DAMAGE": "No Damage", "STRUCTURETYPE": "Single Family Residence Multi Story", "index_right": 6534, "score": 0.04, "d_ndvi": -0.012, "ssim": 0.959, "damage_class": "none" }, "geometry": { "type": "Point", "coordinates": [ -118.060227304723995, 34.172523393835903 ] } },
{ "type": "Feature", "properties": { "DAMAGE": "No Damage", "STRUCTURETYPE": "Single Family Residence Multi Story", "index_right": 6535, "score": 0.048, "d_ndvi": -0.026, "ssim": 0.957, "damage_class": "none" }, "geometry": { "type": "Point", "coordinates": [ -118.059784716462005, 34.172291391823897 ] } },
{ "type": "Feature", "properties": { "DAMAGE": "Destroyed (>50%)", "STRUCTURETYPE": "Single Family Residence Single Story", "index_right": 6515, "score": 0.468, "d_ndvi": -0.124, "ssim": 0.52, "damage_class": "severe" }, "geometry": { "type": "Point", "coordinates": [ -118.070237231934996, 34.172156841557701 ] } },
{ "type": "Feature", "properties": { "DAMAGE": "Destroyed (>50%)", "STRUCTURETYPE": "Single Family Residence Multi Story", "index_right": 6515, "score": 0.468, "d_ndvi": -0.124, "ssim": 0.52, "damage_class": "severe" }, "geometry": { "type": "Point", "coordinates": [ -118.070315521908995, 34.172297322001803 ] } },
{ "type": "Feature", "properties": { "DAMAGE": "Destroyed (>50%)", "STRUCTURETYPE": "Single Family Residence Multi Story", "index_right": 6514, "score": 0.389, "d_ndvi": -0.149, "ssim": 0.641, "damage_class": "severe" }, "geometry": { "type": "Point", "coordinates": [ -118.070953171249997, 34.172186000475698 ] } },
{ "type": "Feature", "properties": { "DAMAGE": "Destroyed (>50%)", "STRUCTURETYPE": "Single Family Residence Single Story", "index_right": 6419, "score": 0.216, "d_ndvi": -0.09, "ssim": 0.805, "damage_class": "moderate" }, "geometry": { "type": "Point", "coordinates": [ -118.070730407924003, 34.172549598324103 ] } },
{ "type": "Feature", "properties": { "DAMAGE": "Destroyed (>50%)", "STRUCTURETYPE": "Single Family Residence Multi Story", "index_right": 6420, "score": 0.321, "d_ndvi": -0.099, "ssim": 0.696, "damage_class": "severe" }, "geometry": { "type": "Point", "coordinates": [ -118.070504319034995, 34.172551998927801 ] } },
{ "type": "Feature", "properties": { "DAMAGE": "Destroyed (>50%)", "STRUCTURETYPE": "Single Family Residence Single Story", "index_right": 6516, "score": 0.374, "d_ndvi": -0.106, "ssim": 0.597, "damage_class": "severe" }, "geometry": { "type": "Point", "coordinates": [ -118.069987076280995, 34.172194284451699 ] } },
{ "type": "Feature", "properties": { "DAMAGE": "Affected (1-9%)", "STRUCTURETYPE": "Single Family Residence Single Story", "index_right": 6515, "score": 0.468, "d_ndvi": -0.124, "ssim": 0.52, "damage_class": "severe" }, "geometry": { "type": "Point", "coordinates": [ -118.070469856068001, 34.1721877515118 ] } },
{ "type": "Feature", "properties": { "DAMAGE": "Destroyed (>50%)", "STRUCTURETYPE": "Single Family Residence Single Story", "index_right": 6514, "score": 0.389, "d_ndvi": -0.149, "ssim": 0.641, "damage_class": "severe" }, "geometry": { "type": "Point", "coordinates": [ -118.070705684491003, 34.1721967675633 ] } },
{ "type": "Feature", "properties": { "DAMAGE": "Destroyed (>50%)", "STRUCTURETYPE": "Single Family Residence Single Story", "index_right": 6514, "score": 0.389, "d_ndvi": -0.149, "ssim": 0.641, "damage_class": "severe" }, "geometry": { "type": "Point", "coordinates": [ -118.070982258699004, 34.172521776586599 ] } },
{ "type": "Feature", "properties": { "DAMAGE": "Destroyed (>50%)", "STRUCTURETYPE": "Single Family Residence Single Story", "index_right": 6515, "score": 0.468, "d_ndvi": -0.124, "ssim": 0.52, "damage_class": "severe" }, "geometry": { "type": "Point", "coordinates": [ -118.070250643782003, 34.172533116654797 ] } },
{ "type": "Feature", "properties": { "DAMAGE": "Destroyed (>50%)", "STRUCTURETYPE": "Single Family Residence Single Story", "index_right": 6421, "score": 0.345, "d_ndvi": -0.101, "ssim": 0.654, "damage_class": "severe" }, "geometry": { "type": "Point", "coordinates": [ -118.069998569326998, 34.172553344900898 ] } },
{ "type": "Feature", "properties": { "DAMAGE": "Major (26-50%)", "STRUCTURETYPE": "Single Family Residence Single Story", "index_right": 4684, "score": 0.131, "d_ndvi": -0.084, "ssim": 0.894, "damage_class": "none" }, "geometry": { "type": "Point", "coordinates": [ -118.084342336879004, 34.180517581531802 ] } },
{ "type": "Feature", "properties": { "DAMAGE": "No Damage", "STRUCTURETYPE": "Utility Misc Structure", "index_right": 4685, "score": 0.088, "d_ndvi": -0.069, "ssim": 0.938, "damage_class": "none" }, "geometry": { "type": "Point", "coordinates": [ -118.084146000192007, 34.1806165000433 ] } },
{ "type": "Feature", "properties": { "DAMAGE": "No Damage", "STRUCTURETYPE": "Utility Misc Structure", "index_right": 4684, "score": 0.131, "d_ndvi": -0.084, "ssim": 0.894, "damage_class": "none" }, "geometry": { "type": "Point", "coordinates": [ -118.084598695400004, 34.180436119534498 ] } },
{ "type": "Feature", "properties": { "DAMAGE": "No Damage", "STRUCTURETYPE": "Single Family Residence Single Story", "index_right": 4588, "score": 0.154, "d_ndvi": -0.068, "ssim": 0.857, "damage_class": "moderate" }, "geometry": { "type": "Point", "coordinates": [ -118.085085524792007, 34.180858177989499 ] } },
{ "type": "Feature", "properties": { "DAMAGE": "No Damage", "STRUCTURETYPE": "Single Family Residence Single Story", "index_right": 6535, "score": 0.048, "d_ndvi": -0.026, "ssim": 0.957, "damage_class": "none" }, "geometry": { "type": "Point", "coordinates": [ -118.059659053830998, 34.172555014175003 ] } },
{ "type": "Feature", "properties": { "DAMAGE": "No Damage", "STRUCTURETYPE": "Single Family Residence Single Story", "index_right": 6688, "score": 0.071, "d_ndvi": -0.031, "ssim": 0.9, "damage_class": "none" }, "geometry": { "type": "Point", "coordinates": [ -118.079356599017999, 34.171520641298301 ] } },
{ "type": "Feature", "properties": { "DAMAGE": "No Damage", "STRUCTURETYPE": "Utility Misc Structure", "index_right": 4682, "score": 0.135, "d_ndvi": -0.041, "ssim": 0.856, "damage_class": "none" }, "geometry": { "type": "Point", "coordinates": [ -118.085369889190005, 34.180623186905798 ] } },
{ "type": "Feature", "properties": { "DAMAGE": "No Damage", "STRUCTURETYPE": "Single Family Residence Single Story", "index_right": 7178, "score": 0.115, "d_ndvi": -0.016, "ssim": 0.836, "damage_class": "none" }, "geometry": { "type": "Point", "coordinates": [ -118.071481503705996, 34.168997836424303 ] } },
{ "type": "Feature", "properties": { "DAMAGE": "No Damage", "STRUCTURETYPE": "Single Family Residence Multi Story", "index_right": 4590, "score": 0.076, "d_ndvi": -0.053, "ssim": 0.943, "damage_class": "none" }, "geometry": { "type": "Point", "coordinates": [ -118.084087063523, 34.181024186633799 ] } },
{ "type": "Feature", "properties": { "DAMAGE": "No Damage", "STRUCTURETYPE": "Utility Misc Structure", "index_right": 4590, "score": 0.076, "d_ndvi": -0.053, "ssim": 0.943, "damage_class": "none" }, "geometry": { "type": "Point", "coordinates": [ -118.083920285901002, 34.180953343209701 ] } },
{ "type": "Feature", "properties": { "DAMAGE": "No Damage", "STRUCTURETYPE": "Utility Misc Structure", "index_right": 4590, "score": 0.076, "d_ndvi": -0.053, "ssim": 0.943, "damage_class": "none" }, "geometry": { "type": "Point", "coordinates": [ -118.084118002400004, 34.181254612951697 ] } },
{ "type": "Feature", "properties": { "DAMAGE": "Affected (1-9%)", "STRUCTURETYPE": "Utility Misc Structure", "index_right": 4685, "score": 0.088, "d_ndvi": -0.069, "ssim": 0.938, "damage_class": "none" }, "geometry": { "type": "Point", "coordinates": [ -118.083989846047004, 34.180628744923297 ] } },
{ "type": "Feature", "properties": { "DAMAGE": "No Damage", "STRUCTURETYPE": "Single Family Residence Single Story", "index_right": 4683, "score": 0.07, "d_ndvi": -0.03, "ssim": 0.927, "damage_class": "none" }, "geometry": { "type": "Point", "coordinates": [ -118.084839367539004, 34.180529501669298 ] } },
{ "type": "Feature", "properties": { "DAMAGE": "No Damage", "STRUCTURETYPE": "Single Family Residence Multi Story", "index_right": 7123, "score": 0.04, "d_ndvi": 0.001, "ssim": 0.924, "damage_class": "none" }, "geometry": { "type": "Point", "coordinates": [ -118.049971786198995, 34.1699208621922 ] } },
{ "type": "Feature", "properties": { "DAMAGE": "No Damage", "STRUCTURETYPE": "Utility Misc Structure", "index_right": 7028, "score": 0.043, "d_ndvi": 0.019, "ssim": 0.908, "damage_class": "none" }, "geometry": { "type": "Point", "coordinates": [ -118.049900529135996, 34.170201090764699 ] } },
{ "type": "Feature", "properties": { "DAMAGE": "No Damage", "STRUCTURETYPE": "Single Family Residence Multi Story", "index_right": 7025, "score": 0.065, "d_ndvi": -0.017, "ssim": 0.919, "damage_class": "none" }, "geometry": { "type": "Point", "coordinates": [ -118.051600022349007, 34.170221944100497 ] } },
{ "type": "Feature", "properties": { "DAMAGE": "No Damage", "STRUCTURETYPE": "Utility Misc Structure", "index_right": 7025, "score": 0.065, "d_ndvi": -0.017, "ssim": 0.919, "damage_class": "none" }, "geometry": { "type": "Point", "coordinates": [ -118.051534685012001, 34.1701121380733 ] } },
{ "type": "Feature", "properties": { "DAMAGE": "No Damage", "STRUCTURETYPE": "Single Family Residence Single Story", "index_right": 7263, "score": 0.114, "d_ndvi": 0.003, "ssim": 0.842, "damage_class": "none" }, "geometry": { "type": "Point", "coordinates": [ -118.076858588129994, 34.1687814605596 ] } },
{ "type": "Feature", "properties": { "DAMAGE": "No Damage", "STRUCTURETYPE": "Single Family Residence Single Story", "index_right": 7168, "score": 0.131, "d_ndvi": -0.01, "ssim": 0.834, "damage_class": "none" }, "geometry": { "type": "Point", "coordinates": [ -118.076779548960999, 34.169297405931196 ] } },
{ "type": "Feature", "properties": { "DAMAGE": "No Damage", "STRUCTURETYPE": "Single Family Residence Single Story", "index_right": 7074, "score": 0.058, "d_ndvi": 0.011, "ssim": 0.906, "damage_class": "none" }, "geometry": { "type": "Point", "coordinates": [ -118.076326206966996, 34.1698032415024 ] } },
{ "type": "Feature", "properties": { "DAMAGE": "No Damage", "STRUCTURETYPE": "Single Family Residence Single Story", "index_right": 6979, "score": 0.037, "d_ndvi": -0.007, "ssim": 0.956, "damage_class": "none" }, "geometry": { "type": "Point", "coordinates": [ -118.076198632721997, 34.169967052570399 ] } },
{ "type": "Feature", "properties": { "DAMAGE": "No Damage", "STRUCTURETYPE": "Single Family Residence Single Story", "index_right": 6885, "score": 0.038, "d_ndvi": -0.006, "ssim": 0.939, "damage_class": "none" }, "geometry": { "type": "Point", "coordinates": [ -118.075933726730995, 34.1702837852743 ] } },
{ "type": "Feature", "properties": { "DAMAGE": "No Damage", "STRUCTURETYPE": "Single Family Residence Single Story", "index_right": 6791, "score": 0.047, "d_ndvi": 0.01, "ssim": 0.926, "damage_class": "none" }, "geometry": { "type": "Point", "coordinates": [ -118.075416422890996, 34.170956893508503 ] } },
{ "type": "Feature", "properties": { "DAMAGE": "No Damage", "STRUCTURETYPE": "Single Family Residence Single Story", "index_right": 6440, "score": 0.133, "d_ndvi": -0.05, "ssim": 0.868, "damage_class": "none" }, "geometry": { "type": "Point", "coordinates": [ -118.059658856202006, 34.1728338605338 ] } },
{ "type": "Feature", "properties": { "DAMAGE": "No Damage", "STRUCTURETYPE": "Single Family Residence Single Story", "index_right": 7273, "score": 0.092, "d_ndvi": -0.01, "ssim": 0.878, "damage_class": "none" }, "geometry": { "type": "Point", "coordinates": [ -118.071511237044007, 34.1688133052767 ] } },
{ "type": "Feature", "properties": { "DAMAGE": "No Damage", "STRUCTURETYPE": "Single Family Residence Single Story", "index_right": 7273, "score": 0.092, "d_ndvi": -0.01, "ssim": 0.878, "damage_class": "none" }, "geometry": { "type": "Point", "coordinates": [ -118.071366734047004, 34.168863747670599 ] } },
{ "type": "Feature", "properties": { "DAMAGE": "No Damage", "STRUCTURETYPE": "Single Family Residence Single Story", "index_right": 7263, "score": 0.114, "d_ndvi": 0.003, "ssim": 0.842, "damage_class": "none" }, "geometry": { "type": "Point", "coordinates": [ -118.076913854283006, 34.1685888564378 ] } },
{ "type": "Feature", "properties": { "DAMAGE": "No Damage", "STRUCTURETYPE": "Single Family Residence Single Story", "index_right": 7168, "score": 0.131, "d_ndvi": -0.01, "ssim": 0.834, "damage_class": "none" }, "geometry": { "type": "Point", "coordinates": [ -118.076844533089002, 34.1690349484862 ] } },
{ "type": "Feature", "properties": { "DAMAGE": "No Damage", "STRUCTURETYPE": "Single Family Residence Single Story", "index_right": 7073, "score": 0.071, "d_ndvi": 0.0, "ssim": 0.893, "damage_class": "none" }, "geometry": { "type": "Point", "coordinates": [ -118.076629772854005, 34.169491731284801 ] } },
{ "type": "Feature", "properties": { "DAMAGE": "No Damage", "STRUCTURETYPE": "Single Family Residence Single Story", "index_right": 7074, "score": 0.058, "d_ndvi": 0.011, "ssim": 0.906, "damage_class": "none" }, "geometry": { "type": "Point", "coordinates": [ -118.076505248388997, 34.1696645295495 ] } },
{ "type": "Feature", "properties": { "DAMAGE": "No Damage", "STRUCTURETYPE": "Single Family Residence Single Story", "index_right": 6979, "score": 0.037, "d_ndvi": -0.007, "ssim": 0.956, "damage_class": "none" }, "geometry": { "type": "Point", "coordinates": [ -118.076069223217999, 34.170128374945499 ] } },
{ "type": "Feature", "properties": { "DAMAGE": "No Damage", "STRUCTURETYPE": "Single Family Residence Single Story", "index_right": 6885, "score": 0.038, "d_ndvi": -0.006, "ssim": 0.939, "damage_class": "none" }, "geometry": { "type": "Point", "coordinates": [ -118.075792654400004, 34.170441496386402 ] } },
{ "type": "Feature", "properties": { "DAMAGE": "No Damage", "STRUCTURETYPE": "Single Family Residence Single Story", "index_right": 6885, "score": 0.038, "d_ndvi": -0.006, "ssim": 0.939, "damage_class": "none" }, "geometry": { "type": "Point", "coordinates": [ -118.075655876016995, 34.170596278102401 ] } },
{ "type": "Feature", "properties": { "DAMAGE": "No Damage", "STRUCTURETYPE": "Church", "index_right": 6149, "score": 0.055, "d_ndvi": -0.028, "ssim": 0.929, "damage_class": "none" }, "geometry": { "type": "Point", "coordinates": [ -118.063210874785, 34.174321077330298 ] } },
{ "type": "Feature", "properties": { "DAMAGE": "No Damage", "STRUCTURETYPE": "Single Family Residence Multi Story", "index_right": 7049, "score": 0.017, "d_ndvi": 0.019, "ssim": 0.954, "damage_class": "none" }, "geometry": { "type": "Point", "coordinates": [ -118.039043217523997, 34.170269451129002 ] } },
{ "type": "Feature", "properties": { "DAMAGE": "No Damage", "STRUCTURETYPE": "Single Family Residence Multi Story", "index_right": 7050, "score": 0.02, "d_ndvi": 0.01, "ssim": 0.96, "damage_class": "none" }, "geometry": { "type": "Point", "coordinates": [ -118.038396461062007, 34.170337874613402 ] } },
{ "type": "Feature", "properties": { "DAMAGE": "No Damage", "STRUCTURETYPE": "Single Family Residence Multi Story", "index_right": 7051, "score": 0.022, "d_ndvi": 0.015, "ssim": 0.961, "damage_class": "none" }, "geometry": { "type": "Point", "coordinates": [ -118.037845864760001, 34.170507601569099 ] } },
{ "type": "Feature", "properties": { "DAMAGE": "No Damage", "STRUCTURETYPE": "Single Family Residence Single Story", "index_right": 7052, "score": 0.059, "d_ndvi": 0.014, "ssim": 0.902, "damage_class": "none" }, "geometry": { "type": "Point", "coordinates": [ -118.037417554320996, 34.1701786671618 ] } },
{ "type": "Feature", "properties": { "DAMAGE": "No Damage", "STRUCTURETYPE": "Single Family Residence Multi Story", "index_right": 6533, "score": 0.081, "d_ndvi": -0.068, "ssim": 0.944, "damage_class": "none" }, "geometry": { "type": "Point", "coordinates": [ -118.060765893246, 34.172514691458701 ] } },
{ "type": "Feature", "properties": { "DAMAGE": "No Damage", "STRUCTURETYPE": "Single Family Residence Multi Story", "index_right": 7049, "score": 0.017, "d_ndvi": 0.019, "ssim": 0.954, "damage_class": "none" }, "geometry": { "type": "Point", "coordinates": [ -118.038715994504003, 34.170304321017802 ] } },
{ "type": "Feature", "properties": { "DAMAGE": "No Damage", "STRUCTURETYPE": "Single Family Residence Multi Story", "index_right": 7050, "score": 0.02, "d_ndvi": 0.01, "ssim": 0.96, "damage_class": "none" }, "geometry": { "type": "Point", "coordinates": [ -118.03813173204, 34.170411725922499 ] } },
{ "type": "Feature", "properties": { "DAMAGE": "No Damage", "STRUCTURETYPE": "Single Family Residence Multi Story", "index_right": 6957, "score": 0.071, "d_ndvi": -0.026, "ssim": 0.918, "damage_class": "none" }, "geometry": { "type": "Point", "coordinates": [ -118.037480419323003, 34.170607275796499 ] } },
{ "type": "Feature", "properties": { "DAMAGE": "No Damage", "STRUCTURETYPE": "Single Family Residence Multi Story", "index_right": 7148, "score": 0.028, "d_ndvi": 0.006, "ssim": 0.953, "damage_class": "none" }, "geometry": { "type": "Point", "coordinates": [ -118.036903174497994, 34.169880313014403 ] } },
{ "type": "Feature", "properties": { "DAMAGE": "No Damage", "STRUCTURETYPE": "Single Family Residence Multi Story", "index_right": 6473, "score": 0.041, "d_ndvi": 0.026, "ssim": 0.924, "damage_class": "none" }, "geometry": { "type": "Point", "coordinates": [ -118.041956085680994, 34.173216480412599 ] } },
{ "type": "Feature", "properties": { "DAMAGE": "No Damage", "STRUCTURETYPE": "Single Family Residence Multi Story", "index_right": 6474, "score": 0.05, "d_ndvi": -0.002, "ssim": 0.934, "damage_class": "none" }, "geometry": { "type": "Point", "coordinates": [ -118.041695326313999, 34.173191836883603 ] } },
{ "type": "Feature", "properties": { "DAMAGE": "Minor (10-25%)", "STRUCTURETYPE": "Utility Misc Structure", "index_right": 6474, "score": 0.05, "d_ndvi": -0.002, "ssim": 0.934, "damage_class": "none" }, "geometry": { "type": "Point", "coordinates": [ -118.041619491435995, 34.173052723960502 ] } },
{ "type": "Feature", "properties": { "DAMAGE": "No Damage", "STRUCTURETYPE": "Single Family Residence Multi Story", "index_right": 6379, "score": 0.134, "d_ndvi": -0.081, "ssim": 0.887, "damage_class": "none" }, "geometry": { "type": "Point", "coordinates": [ -118.041342898362998, 34.173318760122697 ] } },
{ "type": "Feature", "properties": { "DAMAGE": "No Damage", "STRUCTURETYPE": "Utility Misc Structure", "index_right": 6475, "score": 0.018, "d_ndvi": 0.022, "ssim": 0.945, "damage_class": "none" }, "geometry": { "type": "Point", "coordinates": [ -118.041096212002998, 34.173058834686401 ] } },
{ "type": "Feature", "properties": { "DAMAGE": "No Damage", "STRUCTURETYPE": "Single Family Residence Multi Story", "index_right": 6475, "score": 0.018, "d_ndvi": 0.022, "ssim": 0.945, "damage_class": "none" }, "geometry": { "type": "Point", "coordinates": [ -118.041153971878998, 34.173157819169703 ] } },
{ "type": "Feature", "properties": { "DAMAGE": "No Damage", "STRUCTURETYPE": "Single Family Residence Multi Story", "index_right": 6475, "score": 0.018, "d_ndvi": 0.022, "ssim": 0.945, "damage_class": "none" }, "geometry": { "type": "Point", "coordinates": [ -118.041008999962003, 34.173170499913098 ] } },
{ "type": "Feature", "properties": { "DAMAGE": "No Damage", "STRUCTURETYPE": "Single Family Residence Multi Story", "index_right": 6474, "score": 0.05, "d_ndvi": -0.002, "ssim": 0.934, "damage_class": "none" }, "geometry": { "type": "Point", "coordinates": [ -118.041566499816994, 34.1728020002395 ] } },
{ "type": "Feature", "properties": { "DAMAGE": "No Damage", "STRUCTURETYPE": "Single Family Residence Multi Story", "index_right": 6569, "score": 0.013, "d_ndvi": 0.042, "ssim": 0.963, "damage_class": "none" }, "geometry": { "type": "Point", "coordinates": [ -118.041675416054005, 34.172669869968097 ] } },
{ "type": "Feature", "properties": { "DAMAGE": "No Damage", "STRUCTURETYPE": "Single Family Residence Multi Story", "index_right": 6568, "score": 0.031, "d_ndvi": 0.029, "ssim": 0.941, "damage_class": "none" }, "geometry": { "type": "Point", "coordinates": [ -118.041926477209998, 34.172541254925299 ] } },
{ "type": "Feature", "properties": { "DAMAGE": "No Damage", "STRUCTURETYPE": "Infrastructure", "index_right": 6568, "score": 0.031, "d_ndvi": 0.029, "ssim": 0.941, "damage_class": "none" }, "geometry": { "type": "Point", "coordinates": [ -118.041957399018003, 34.172629747233003 ] } },
{ "type": "Feature", "properties": { "DAMAGE": "No Damage", "STRUCTURETYPE": "Single Family Residence Multi Story", "index_right": 6472, "score": 0.087, "d_ndvi": 0.064, "ssim": 0.858, "damage_class": "none" }, "geometry": { "type": "Point", "coordinates": [ -118.042551000367993, 34.173199500176104 ] } },
{ "type": "Feature", "properties": { "DAMAGE": "No Damage", "STRUCTURETYPE": "Single Family Residence Multi Story", "index_right": 6472, "score": 0.087, "d_ndvi": 0.064, "ssim": 0.858, "damage_class": "none" }, "geometry": { "type": "Point", "coordinates": [ -118.042575132709999, 34.173084339641903 ] } },
{ "type": "Feature", "properties": { "DAMAGE": "No Damage", "STRUCTURETYPE": "Single Family Residence Multi Story", "index_right": 6472, "score": 0.087, "d_ndvi": 0.064, "ssim": 0.858, "damage_class": "none" }, "geometry": { "type": "Point", "coordinates": [ -118.042673852169997, 34.172890646119903 ] } },
{ "type": "Feature", "properties": { "DAMAGE": "No Damage", "STRUCTURETYPE": "Single Family Residence Single Story", "index_right": 6472, "score": 0.087, "d_ndvi": 0.064, "ssim": 0.858, "damage_class": "none" }, "geometry": { "type": "Point", "coordinates": [ -118.042745200861006, 34.173220363711302 ] } },
{ "type": "Feature", "properties": { "DAMAGE": "No Damage", "STRUCTURETYPE": "Single Family Residence Single Story", "index_right": 6472, "score": 0.087, "d_ndvi": 0.064, "ssim": 0.858, "damage_class": "none" }, "geometry": { "type": "Point", "coordinates": [ -118.042863237692998, 34.173156173690302 ] } },
{ "type": "Feature", "properties": { "DAMAGE": "No Damage", "STRUCTURETYPE": "Single Family Residence Single Story", "index_right": 6471, "score": 0.053, "d_ndvi": 0.013, "ssim": 0.938, "damage_class": "none" }, "geometry": { "type": "Point", "coordinates": [ -118.042987665138995, 34.173082307688702 ] } },
{ "type": "Feature", "properties": { "DAMAGE": "No Damage", "STRUCTURETYPE": "Utility Misc Structure", "index_right": 6471, "score": 0.053, "d_ndvi": 0.013, "ssim": 0.938, "damage_class": "none" }, "geometry": { "type": "Point", "coordinates": [ -118.043151627442001, 34.173058020121204 ] } },
{ "type": "Feature", "properties": { "DAMAGE": "No Damage", "STRUCTURETYPE": "Single Family Residence Multi Story", "index_right": 6471, "score": 0.053, "d_ndvi": 0.013, "ssim": 0.938, "damage_class": "none" }, "geometry": { "type": "Point", "coordinates": [ -118.042984999837998, 34.172878000265598 ] } },
{ "type": "Feature", "properties": { "DAMAGE": "No Damage", "STRUCTURETYPE": "Single Family Residence Multi Story", "index_right": 6471, "score": 0.053, "d_ndvi": 0.013, "ssim": 0.938, "damage_class": "none" }, "geometry": { "type": "Point", "coordinates": [ -118.042984888446995, 34.1727963146161 ] } },
{ "type": "Feature", "properties": { "DAMAGE": "No Damage", "STRUCTURETYPE": "Utility Misc Structure", "index_right": 6471, "score": 0.053, "d_ndvi": 0.013, "ssim": 0.938, "damage_class": "none" }, "geometry": { "type": "Point", "coordinates": [ -118.042926709057994, 34.172792857905499 ] } },
{ "type": "Feature", "properties": { "DAMAGE": "No Damage", "STRUCTURETYPE": "Single Family Residence Single Story", "index_right": 6566, "score": 0.081, "d_ndvi": -0.006, "ssim": 0.885, "damage_class": "none" }, "geometry": { "type": "Point", "coordinates": [ -118.042961431638005, 34.172710299633899 ] } },
{ "type": "Feature", "properties": { "DAMAGE": "No Damage", "STRUCTURETYPE": "Single Family Residence Single Story", "index_right": 6566, "score": 0.081, "d_ndvi": -0.006, "ssim": 0.885, "damage_class": "none" }, "geometry": { "type": "Point", "coordinates": [ -118.043048263692, 34.172656187288901 ] } },
{ "type": "Feature", "properties": { "DAMAGE": "No Damage", "STRUCTURETYPE": "Single Family Residence Multi Story", "index_right": 6566, "score": 0.081, "d_ndvi": -0.006, "ssim": 0.885, "damage_class": "none" }, "geometry": { "type": "Point", "coordinates": [ -118.043164025989, 34.172597368837003 ] } },
{ "type": "Feature", "properties": { "DAMAGE": "No Damage", "STRUCTURETYPE": "Single Family Residence Single Story", "index_right": 6566, "score": 0.081, "d_ndvi": -0.006, "ssim": 0.885, "damage_class": "none" }, "geometry": { "type": "Point", "coordinates": [ -118.043243117260005, 34.172510391180403 ] } },
{ "type": "Feature", "properties": { "DAMAGE": "No Damage", "STRUCTURETYPE": "Single Family Residence Single Story", "index_right": 6566, "score": 0.081, "d_ndvi": -0.006, "ssim": 0.885, "damage_class": "none" }, "geometry": { "type": "Point", "coordinates": [ -118.043111463765001, 34.172400599486799 ] } },
{ "type": "Feature", "properties": { "DAMAGE": "No Damage", "STRUCTURETYPE": "Single Family Residence Multi Story", "index_right": 6661, "score": 0.043, "d_ndvi": 0.053, "ssim": 0.912, "damage_class": "none" }, "geometry": { "type": "Point", "coordinates": [ -118.043116087393997, 34.172310592993597 ] } },
{ "type": "Feature", "properties": { "DAMAGE": "No Damage", "STRUCTURETYPE": "Utility Misc Structure", "index_right": 6661, "score": 0.043, "d_ndvi": 0.053, "ssim": 0.912, "damage_class": "none" }, "geometry": { "type": "Point", "coordinates": [ -118.043231231651006, 34.172322109234003 ] } },
{ "type": "Feature", "properties": { "DAMAGE": "No Damage", "STRUCTURETYPE": "Single Family Residence Multi Story", "index_right": 6661, "score": 0.043, "d_ndvi": 0.053, "ssim": 0.912, "damage_class": "none" }, "geometry": { "type": "Point", "coordinates": [ -118.043266999869999, 34.172134500229099 ] } },
{ "type": "Feature", "properties": { "DAMAGE": "No Damage", "STRUCTURETYPE": "Utility Misc Structure", "index_right": 6661, "score": 0.043, "d_ndvi": 0.053, "ssim": 0.912, "damage_class": "none" }, "geometry": { "type": "Point", "coordinates": [ -118.043152373043, 34.172159520138401 ] } },
{ "type": "Feature", "properties": { "DAMAGE": "No Damage", "STRUCTURETYPE": "Single Family Residence Single Story", "index_right": 7122, "score": 0.026, "d_ndvi": 0.019, "ssim": 0.943, "damage_class": "none" }, "geometry": { "type": "Point", "coordinates": [ -118.050404482214006, 34.169756782722899 ] } },
{ "type": "Feature", "properties": { "DAMAGE": "No Damage", "STRUCTURETYPE": "Single Family Residence Single Story", "index_right": 7122, "score": 0.026, "d_ndvi": 0.019, "ssim": 0.943, "damage_class": "none" }, "geometry": { "type": "Point", "coordinates": [ -118.050568484940001, 34.169989598121496 ] } },
{ "type": "Feature", "properties": { "DAMAGE": "No Damage", "STRUCTURETYPE": "Single Family Residence Multi Story", "index_right": 7122, "score": 0.026, "d_ndvi": 0.019, "ssim": 0.943, "damage_class": "none" }, "geometry": { "type": "Point", "coordinates": [ -118.050619841624993, 34.169909576773101 ] } },
{ "type": "Feature", "properties": { "DAMAGE": "Destroyed (>50%)", "STRUCTURETYPE": "Single Family Residence Multi Story", "index_right": 6421, "score": 0.345, "d_ndvi": -0.101, "ssim": 0.654, "damage_class": "severe" }, "geometry": { "type": "Point", "coordinates": [ -118.069739336197003, 34.172562535570201 ] } },
{ "type": "Feature", "properties": { "DAMAGE": "No Damage", "STRUCTURETYPE": "Single Family Residence Single Story", "index_right": 6423, "score": 0.178, "d_ndvi": -0.063, "ssim": 0.822, "damage_class": "moderate" }, "geometry": { "type": "Point", "coordinates": [ -118.068986782449002, 34.172560743664697 ] } },
{ "type": "Feature", "properties": { "DAMAGE": "No Damage", "STRUCTURETYPE": "Single Family Residence Multi Story", "index_right": 6519, "score": 0.062, "d_ndvi": -0.011, "ssim": 0.916, "damage_class": "none" }, "geometry": { "type": "Point", "coordinates": [ -118.068468618921997, 34.172551358271299 ] } },
{ "type": "Feature", "properties": { "DAMAGE": "No Damage", "STRUCTURETYPE": "Single Family Residence Single Story", "index_right": 6517, "score": 0.109, "d_ndvi": -0.056, "ssim": 0.9, "damage_class": "none" }, "geometry": { "type": "Point", "coordinates": [ -118.069511933073002, 34.172509136622899 ] } },
{ "type": "Feature", "properties": { "DAMAGE": "Affected (1-9%)", "STRUCTURETYPE": "Single Family Residence Single Story", "index_right": 6517, "score": 0.109, "d_ndvi": -0.056, "ssim": 0.9, "damage_class": "none" }, "geometry": { "type": "Point", "coordinates": [ -118.069234836044998, 34.1725289954937 ] } },
{ "type": "Feature", "properties": { "DAMAGE": "No Damage", "STRUCTURETYPE": "Single Family Residence Single Story", "index_right": 6423, "score": 0.178, "d_ndvi": -0.063, "ssim": 0.822, "damage_class": "moderate" }, "geometry": { "type": "Point", "coordinates": [ -118.068730729356005, 34.172557295119901 ] } },
{ "type": "Feature", "properties": { "DAMAGE": "No Damage", "STRUCTURETYPE": "Single Family Residence Multi Story", "index_right": 6534, "score": 0.04, "d_ndvi": -0.012, "ssim": 0.959, "damage_class": "none" }, "geometry": { "type": "Point", "coordinates": [ -118.060373292636001, 34.172248527900202 ] } },
{ "type": "Feature", "properties": { "DAMAGE": "No Damage", "STRUCTURETYPE": "Single Family Residence Single Story", "index_right": 6438, "score": 0.118, "d_ndvi": -0.089, "ssim": 0.926, "damage_class": "none" }, "geometry": { "type": "Point", "coordinates": [ -118.060678163774995, 34.172842993201499 ] } },
{ "type": "Feature", "properties": { "DAMAGE": "No Damage", "STRUCTURETYPE": "Single Family Residence Single Story", "index_right": 6629, "score": 0.043, "d_ndvi": 0.003, "ssim": 0.923, "damage_class": "none" }, "geometry": { "type": "Point", "coordinates": [ -118.060491303416001, 34.171977123016099 ] } },
{ "type": "Feature", "properties": { "DAMAGE": "No Damage", "STRUCTURETYPE": "Utility Misc Structure", "index_right": 6629, "score": 0.043, "d_ndvi": 0.003, "ssim": 0.923, "damage_class": "none" }, "geometry": { "type": "Point", "coordinates": [ -118.060523704749997, 34.172112622666802 ] } },
{ "type": "Feature", "properties": { "DAMAGE": "No Damage", "STRUCTURETYPE": "Single Family Residence Multi Story", "index_right": 7027, "score": 0.052, "d_ndvi": -0.006, "ssim": 0.927, "damage_class": "none" }, "geometry": { "type": "Point", "coordinates": [ -118.050603686323001, 34.170169882042899 ] } },
{ "type": "Feature", "properties": { "DAMAGE": "No Damage", "STRUCTURETYPE": "Single Family Residence Single Story", "index_right": 7026, "score": 0.039, "d_ndvi": -0.003, "ssim": 0.948, "damage_class": "none" }, "geometry": { "type": "Point", "coordinates": [ -118.050942913529994, 34.1700968778187 ] } },
{ "type": "Feature", "properties": { "DAMAGE": "No Damage", "STRUCTURETYPE": "Single Family Residence Multi Story", "index_right": 7026, "score": 0.039, "d_ndvi": -0.003, "ssim": 0.948, "damage_class": "none" }, "geometry": { "type": "Point", "coordinates": [ -118.050903743391004, 34.170190215652497 ] } },
{ "type": "Feature", "properties": { "DAMAGE": "No Damage", "STRUCTURETYPE": "Single Family Residence Multi Story", "index_right": 7026, "score": 0.039, "d_ndvi": -0.003, "ssim": 0.948, "damage_class": "none" }, "geometry": { "type": "Point", "coordinates": [ -118.051195894385998, 34.170398295578799 ] } },
{ "type": "Feature", "properties": { "DAMAGE": "No Damage", "STRUCTURETYPE": "Utility Misc Structure", "index_right": 7026, "score": 0.039, "d_ndvi": -0.003, "ssim": 0.948, "damage_class": "none" }, "geometry": { "type": "Point", "coordinates": [ -118.051401942759, 34.170227516716601 ] } },
{ "type": "Feature", "properties": { "DAMAGE": "No Damage", "STRUCTURETYPE": "Multi Family Residence Multi Story", "index_right": 7026, "score": 0.039, "d_ndvi": -0.003, "ssim": 0.948, "damage_class": "none" }, "geometry": { "type": "Point", "coordinates": [ -118.050889164631997, 34.170361570601202 ] } },
{ "type": "Feature", "properties": { "DAMAGE": "Destroyed (>50%)", "STRUCTURETYPE": "Utility Misc Structure", "index_right": 6435, "score": 0.059, "d_ndvi": -0.041, "ssim": 0.954, "damage_class": "none" }, "geometry": { "type": "Point", "coordinates": [ -118.062633328125997, 34.173026398484097 ] } },
{ "type": "Feature", "properties": { "DAMAGE": "No Damage", "STRUCTURETYPE": "Utility Misc Structure", "index_right": 6340, "score": 0.069, "d_ndvi": -0.027, "ssim": 0.907, "damage_class": "none" }, "geometry": { "type": "Point", "coordinates": [ -118.062576517769998, 34.173147999804698 ] } },
{ "type": "Feature", "properties": { "DAMAGE": "No Damage", "STRUCTURETYPE": "Single Family Residence Single Story", "index_right": 6819, "score": 0.055, "d_ndvi": -0.011, "ssim": 0.919, "damage_class": "none" }, "geometry": { "type": "Point", "coordinates": [ -118.06014166912, 34.1711664887833 ] } },
{ "type": "Feature", "properties": { "DAMAGE": "No Damage", "STRUCTURETYPE": "Single Family Residence Multi Story", "index_right": 6724, "score": 0.057, "d_ndvi": -0.005, "ssim": 0.916, "damage_class": "none" }, "geometry": { "type": "Point", "coordinates": [ -118.060199503663, 34.171662132849299 ] } },
{ "type": "Feature", "properties": { "DAMAGE": "No Damage", "STRUCTURETYPE": "Single Family Residence Single Story", "index_right": 6724, "score": 0.057, "d_ndvi": -0.005, "ssim": 0.916, "damage_class": "none" }, "geometry": { "type": "Point", "coordinates": [ -118.060194663540003, 34.171339234266199 ] } },
{ "type": "Feature", "properties": { "DAMAGE": "No Damage", "STRUCTURETYPE": "Utility Misc Structure", "index_right": 6424, "score": 0.073, "d_ndvi": -0.024, "ssim": 0.909, "damage_class": "none" }, "geometry": { "type": "Point", "coordinates": [ -118.068483286613997, 34.172990856365303 ] } },
{ "type": "Feature", "properties": { "DAMAGE": "Destroyed (>50%)", "STRUCTURETYPE": "Single Family Residence Single Story", "index_right": 6422, "score": 0.287, "d_ndvi": -0.125, "ssim": 0.736, "damage_class": "moderate" }, "geometry": { "type": "Point", "coordinates": [ -118.069203316856999, 34.172968057435703 ] } },
{ "type": "Feature", "properties": { "DAMAGE": "No Damage", "STRUCTURETYPE": "Utility Misc Structure", "index_right": 7465, "score": 0.037, "d_ndvi": 0.005, "ssim": 0.919, "damage_class": "none" }, "geometry": { "type": "Point", "coordinates": [ -118.070348944627, 34.167996493588603 ] } },
{ "type": "Feature", "properties": { "DAMAGE": "No Damage", "STRUCTURETYPE": "Single Family Residence Single Story", "index_right": 7465, "score": 0.037, "d_ndvi": 0.005, "ssim": 0.919, "damage_class": "none" }, "geometry": { "type": "Point", "coordinates": [ -118.070440717414996, 34.168043847479503 ] } },
{ "type": "Feature", "properties": { "DAMAGE": "Destroyed (>50%)", "STRUCTURETYPE": "Single Family Residence Single Story", "index_right": 6232, "score": 0.333, "d_ndvi": -0.049, "ssim": 0.583, "damage_class": "severe" }, "geometry": { "type": "Point", "coordinates": [ -118.069376671943999, 34.173712534882903 ] } },
{ "type": "Feature", "properties": { "DAMAGE": "No Damage", "STRUCTURETYPE": "Single Family Residence Single Story", "index_right": 7153, "score": 0.104, "d_ndvi": -0.014, "ssim": 0.866, "damage_class": "none" }, "geometry": { "type": "Point", "coordinates": [ -118.084719294227, 34.1692963200436 ] } },
{ "type": "Feature", "properties": { "DAMAGE": "No Damage", "STRUCTURETYPE": "Single Family Residence Single Story", "index_right": 6539, "score": 0.071, "d_ndvi": 0.004, "ssim": 0.894, "damage_class": "none" }, "geometry": { "type": "Point", "coordinates": [ -118.057333686565002, 34.172234005309797 ] } },
{ "type": "Feature", "properties": { "DAMAGE": "Affected (1-9%)", "STRUCTURETYPE": "Single Family Residence Single Story", "index_right": 6575, "score": 0.178, "d_ndvi": -0.064, "ssim": 0.822, "damage_class": "moderate" }, "geometry": { "type": "Point", "coordinates": [ -118.038461175695005, 34.172543196218697 ] } },
{ "type": "Feature", "properties": { "DAMAGE": "No Damage", "STRUCTURETYPE": "Utility Misc Structure", "index_right": 6575, "score": 0.178, "d_ndvi": -0.064, "ssim": 0.822, "damage_class": "moderate" }, "geometry": { "type": "Point", "coordinates": [ -118.038370541971005, 34.172710623677602 ] } },
{ "type": "Feature", "properties": { "DAMAGE": "No Damage", "STRUCTURETYPE": "Single Family Residence Single Story", "index_right": 7370, "score": 0.04, "d_ndvi": -0.007, "ssim": 0.93, "damage_class": "none" }, "geometry": { "type": "Point", "coordinates": [ -118.070468883192007, 34.168204486758803 ] } },
{ "type": "Feature", "properties": { "DAMAGE": "No Damage", "STRUCTURETYPE": "Single Family Residence Single Story", "index_right": 7370, "score": 0.04, "d_ndvi": -0.007, "ssim": 0.93, "damage_class": "none" }, "geometry": { "type": "Point", "coordinates": [ -118.070470622331001, 34.168353921863599 ] } },
{ "type": "Feature", "properties": { "DAMAGE": "No Damage", "STRUCTURETYPE": "Single Family Residence Single Story", "index_right": 7275, "score": 0.062, "d_ndvi": -0.002, "ssim": 0.907, "damage_class": "none" }, "geometry": { "type": "Point", "coordinates": [ -118.070461243918999, 34.168540655540603 ] } },
{ "type": "Feature", "properties": { "DAMAGE": "No Damage", "STRUCTURETYPE": "Single Family Residence Multi Story", "index_right": 6025, "score": 0.107, "d_ndvi": -0.028, "ssim": 0.867, "damage_class": "none" }, "geometry": { "type": "Point", "coordinates": [ -118.078710061744999, 34.174525641381102 ] } },
{ "type": "Feature", "properties": { "DAMAGE": "No Damage", "STRUCTURETYPE": "Single Family Residence Single Story", "index_right": 6791, "score": 0.047, "d_ndvi": 0.01, "ssim": 0.926, "damage_class": "none" }, "geometry": { "type": "Point", "coordinates": [ -118.075277451719998, 34.171108951071403 ] } },
{ "type": "Feature", "properties": { "DAMAGE": "No Damage", "STRUCTURETYPE": "Single Family Residence Multi Story", "index_right": 6576, "score": 0.266, "d_ndvi": -0.083, "ssim": 0.741, "damage_class": "moderate" }, "geometry": { "type": "Point", "coordinates": [ -118.037889747462003, 34.172762104249003 ] } },
{ "type": "Feature", "properties": { "DAMAGE": "No Damage", "STRUCTURETYPE": "Single Family Residence Multi Story", "index_right": 6577, "score": 0.079, "d_ndvi": -0.034, "ssim": 0.92, "damage_class": "none" }, "geometry": { "type": "Point", "coordinates": [ -118.037295921533001, 34.172691304426998 ] } },
{ "type": "Feature", "properties": { "DAMAGE": "No Damage", "STRUCTURETYPE": "Single Family Residence Multi Story", "index_right": 6635, "score": 0.06, "d_ndvi": -0.031, "ssim": 0.939, "damage_class": "none" }, "geometry": { "type": "Point", "coordinates": [ -118.056788725394995, 34.172118195366203 ] } },
{ "type": "Feature", "properties": { "DAMAGE": "No Damage", "STRUCTURETYPE": "Single Family Residence Single Story", "index_right": 6926, "score": 0.035, "d_ndvi": 0.002, "ssim": 0.948, "damage_class": "none" }, "geometry": { "type": "Point", "coordinates": [ -118.053646387089998, 34.170878450966597 ] } },
{ "type": "Feature", "properties": { "DAMAGE": "No Damage", "STRUCTURETYPE": "Utility Misc Structure", "index_right": 6831, "score": 0.045, "d_ndvi": -0.007, "ssim": 0.924, "damage_class": "none" }, "geometry": { "type": "Point", "coordinates": [ -118.053685566211996, 34.1710602320926 ] } },
{ "type": "Feature", "properties": { "DAMAGE": "No Damage", "STRUCTURETYPE": "Single Family Residence Multi Story", "index_right": 6577, "score": 0.079, "d_ndvi": -0.034, "ssim": 0.92, "damage_class": "none" }, "geometry": { "type": "Point", "coordinates": [ -118.037233460772995, 34.172388549623498 ] } },
{ "type": "Feature", "properties": { "DAMAGE": "No Damage", "STRUCTURETYPE": "Single Family Residence Single Story", "index_right": 4682, "score": 0.135, "d_ndvi": -0.041, "ssim": 0.856, "damage_class": "none" }, "geometry": { "type": "Point", "coordinates": [ -118.085732453730003, 34.180452464406699 ] } },
{ "type": "Feature", "properties": { "DAMAGE": "No Damage", "STRUCTURETYPE": "Infrastructure", "index_right": 4494, "score": 0.198, "d_ndvi": -0.061, "ssim": 0.809, "damage_class": "moderate" }, "geometry": { "type": "Point", "coordinates": [ -118.084230550525007, 34.181392674925803 ] } },
{ "type": "Feature", "properties": { "DAMAGE": "No Damage", "STRUCTURETYPE": "Infrastructure", "index_right": 4494, "score": 0.198, "d_ndvi": -0.061, "ssim": 0.809, "damage_class": "moderate" }, "geometry": { "type": "Point", "coordinates": [ -118.084327585644004, 34.1814749727777 ] } },
{ "type": "Feature", "properties": { "DAMAGE": "No Damage", "STRUCTURETYPE": "Single Family Residence Single Story", "index_right": 6231, "score": 0.218, "d_ndvi": -0.02, "ssim": 0.721, "damage_class": "moderate" }, "geometry": { "type": "Point", "coordinates": [ -118.069856990345997, 34.173748433438803 ] } },
{ "type": "Feature", "properties": { "DAMAGE": "No Damage", "STRUCTURETYPE": "Single Family Residence Single Story", "index_right": 6696, "score": 0.086, "d_ndvi": -0.039, "ssim": 0.921, "damage_class": "none" }, "geometry": { "type": "Point", "coordinates": [ -118.075157026268002, 34.171289630974201 ] } },
{ "type": "Feature", "properties": { "DAMAGE": "Destroyed (>50%)", "STRUCTURETYPE": "Single Family Residence Single Story", "index_right": 6422, "score": 0.287, "d_ndvi": -0.125, "ssim": 0.736, "damage_class": "moderate" }, "geometry": { "type": "Point", "coordinates": [ -118.069470379703006, 34.172954461018001 ] } },
{ "type": "Feature", "properties": { "DAMAGE": "Destroyed (>50%)", "STRUCTURETYPE": "Single Family Residence Multi Story", "index_right": 6421, "score": 0.345, "d_ndvi": -0.101, "ssim": 0.654, "damage_class": "severe" }, "geometry": { "type": "Point", "coordinates": [ -118.069975691032994, 34.172975277791103 ] } },
{ "type": "Feature", "properties": { "DAMAGE": "Destroyed (>50%)", "STRUCTURETYPE": "Single Family Residence Single Story", "index_right": 6420, "score": 0.321, "d_ndvi": -0.099, "ssim": 0.696, "damage_class": "severe" }, "geometry": { "type": "Point", "coordinates": [ -118.070482997522006, 34.172964246217497 ] } },
{ "type": "Feature", "properties": { "DAMAGE": "No Damage", "STRUCTURETYPE": "Single Family Residence Single Story", "index_right": 6419, "score": 0.216, "d_ndvi": -0.09, "ssim": 0.805, "damage_class": "moderate" }, "geometry": { "type": "Point", "coordinates": [ -118.070716904449, 34.172957766848903 ] } },
{ "type": "Feature", "properties": { "DAMAGE": "Affected (1-9%)", "STRUCTURETYPE": "Single Family Residence Single Story", "index_right": 6423, "score": 0.178, "d_ndvi": -0.063, "ssim": 0.822, "damage_class": "moderate" }, "geometry": { "type": "Point", "coordinates": [ -118.068718100839007, 34.172961553541199 ] } },
{ "type": "Feature", "properties": { "DAMAGE": "Destroyed (>50%)", "STRUCTURETYPE": "Single Family Residence Single Story", "index_right": 6423, "score": 0.178, "d_ndvi": -0.063, "ssim": 0.822, "damage_class": "moderate" }, "geometry": { "type": "Point", "coordinates": [ -118.068998236867003, 34.172968084191503 ] } },
{ "type": "Feature", "properties": { "DAMAGE": "Destroyed (>50%)", "STRUCTURETYPE": "Single Family Residence Single Story", "index_right": 6421, "score": 0.345, "d_ndvi": -0.101, "ssim": 0.654, "damage_class": "severe" }, "geometry": { "type": "Point", "coordinates": [ -118.069736685269007, 34.172958139200702 ] } },
{ "type": "Feature", "properties": { "DAMAGE": "Destroyed (>50%)", "STRUCTURETYPE": "Single Family Residence Single Story", "index_right": 6420, "score": 0.321, "d_ndvi": -0.099, "ssim": 0.696, "damage_class": "severe" }, "geometry": { "type": "Point", "coordinates": [ -118.070249209172999, 34.172963540161099 ] } },
{ "type": "Feature", "properties": { "DAMAGE": "No Damage", "STRUCTURETYPE": "Single Family Residence Single Story", "index_right": 6419, "score": 0.216, "d_ndvi": -0.09, "ssim": 0.805, "damage_class": "moderate" }, "geometry": { "type": "Point", "coordinates": [ -118.071004824379003, 34.172970799164098 ] } },
{ "type": "Feature", "properties": { "DAMAGE": "No Damage", "STRUCTURETYPE": "Single Family Residence Multi Story", "index_right": 6023, "score": 0.073, "d_ndvi": -0.028, "ssim": 0.918, "damage_class": "none" }, "geometry": { "type": "Point", "coordinates": [ -118.079395372459004, 34.174524663146101 ] } },
{ "type": "Feature", "properties": { "DAMAGE": "No Damage", "STRUCTURETYPE": "Single Family Residence Single Story", "index_right": 7275, "score": 0.062, "d_ndvi": -0.002, "ssim": 0.907, "damage_class": "none" }, "geometry": { "type": "Point", "coordinates": [ -118.070445316789005, 34.168853299756798 ] } },
{ "type": "Feature", "properties": { "DAMAGE": "No Damage", "STRUCTURETYPE": "Utility Misc Structure", "index_right": 7275, "score": 0.062, "d_ndvi": -0.002, "ssim": 0.907, "damage_class": "none" }, "geometry": { "type": "Point", "coordinates": [ -118.07036199625, 34.168792469639001 ] } },
{ "type": "Feature", "properties": { "DAMAGE": "Destroyed (>50%)", "STRUCTURETYPE": "Single Family Residence Multi Story", "index_right": 6635, "score": 0.06, "d_ndvi": -0.031, "ssim": 0.939, "damage_class": "none" }, "geometry": { "type": "Point", "coordinates": [ -118.057258305336006, 34.171957084154599 ] } },
{ "type": "Feature", "properties": { "DAMAGE": "Affected (1-9%)", "STRUCTURETYPE": "Single Family Residence Multi Story", "index_right": 6730, "score": 0.033, "d_ndvi": 0.001, "ssim": 0.943, "damage_class": "none" }, "geometry": { "type": "Point", "coordinates": [ -118.057283724065996, 34.171490310819401 ] } },
{ "type": "Feature", "properties": { "DAMAGE": "No Damage", "STRUCTURETYPE": "Single Family Residence Single Story", "index_right": 7154, "score": 0.067, "d_ndvi": -0.041, "ssim": 0.94, "damage_class": "none" }, "geometry": { "type": "Point", "coordinates": [ -118.084454154827, 34.169147429888397 ] } },
{ "type": "Feature", "properties": { "DAMAGE": "No Damage", "STRUCTURETYPE": "Single Family Residence Multi Story", "index_right": 6281, "score": 0.044, "d_ndvi": 0.024, "ssim": 0.911, "damage_class": "none" }, "geometry": { "type": "Point", "coordinates": [ -118.043146480993002, 34.173677707278898 ] } },
{ "type": "Feature", "properties": { "DAMAGE": "No Damage", "STRUCTURETYPE": "Single Family Residence Single Story", "index_right": 6376, "score": 0.049, "d_ndvi": 0.026, "ssim": 0.923, "damage_class": "none" }, "geometry": { "type": "Point", "coordinates": [ -118.043341807974002, 34.173643263157501 ] } },
{ "type": "Feature", "properties": { "DAMAGE": "No Damage", "STRUCTURETYPE": "Single Family Residence Multi Story", "index_right": 6281, "score": 0.044, "d_ndvi": 0.024, "ssim": 0.911, "damage_class": "none" }, "geometry": { "type": "Point", "coordinates": [ -118.043314330306004, 34.173831463376203 ] } },
{ "type": "Feature", "properties": { "DAMAGE": "No Damage", "STRUCTURETYPE": "Utility Misc Structure", "index_right": 6281, "score": 0.044, "d_ndvi": 0.024, "ssim": 0.911, "damage_class": "none" }, "geometry": { "type": "Point", "coordinates": [ -118.043431251429993, 34.173825322234599 ] } },
{ "type": "Feature", "properties": { "DAMAGE": "No Damage", "STRUCTURETYPE": "Single Family Residence Multi Story", "index_right": 6376, "score": 0.049, "d_ndvi": 0.026, "ssim": 0.923, "damage_class": "none" }, "geometry": { "type": "Point", "coordinates": [ -118.043314994160994, 34.173576207633097 ] } },
{ "type": "Feature", "properties": { "DAMAGE": "No Damage", "STRUCTURETYPE": "Utility Misc Structure", "index_right": 6376, "score": 0.049, "d_ndvi": 0.026, "ssim": 0.923, "damage_class": "none" }, "geometry": { "type": "Point", "coordinates": [ -118.043389276750005, 34.1735134968757 ] } },
{ "type": "Feature", "properties": { "DAMAGE": "No Damage", "STRUCTURETYPE": "Single Family Residence Multi Story", "index_right": 6376, "score": 0.049, "d_ndvi": 0.026, "ssim": 0.923, "damage_class": "none" }, "geometry": { "type": "Point", "coordinates": [ -118.043326462053997, 34.173459243091997 ] } },
{ "type": "Feature", "properties": { "DAMAGE": "No Damage", "STRUCTURETYPE": "Single Family Residence Multi Story", "index_right": 6376, "score": 0.049, "d_ndvi": 0.026, "ssim": 0.923, "damage_class": "none" }, "geometry": { "type": "Point", "coordinates": [ -118.043253067, 34.173377127684397 ] } },
{ "type": "Feature", "properties": { "DAMAGE": "No Damage", "STRUCTURETYPE": "Single Family Residence Multi Story", "index_right": 6471, "score": 0.053, "d_ndvi": 0.013, "ssim": 0.938, "damage_class": "none" }, "geometry": { "type": "Point", "coordinates": [ -118.043181208964, 34.173211561815101 ] } },
{ "type": "Feature", "properties": { "DAMAGE": "No Damage", "STRUCTURETYPE": "Single Family Residence Single Story", "index_right": 6376, "score": 0.049, "d_ndvi": 0.026, "ssim": 0.923, "damage_class": "none" }, "geometry": { "type": "Point", "coordinates": [ -118.043379000022995, 34.173363500117603 ] } },
{ "type": "Feature", "properties": { "DAMAGE": "No Damage", "STRUCTURETYPE": "Single Family Residence Single Story", "index_right": 7220, "score": 0.048, "d_ndvi": 0.033, "ssim": 0.907, "damage_class": "none" }, "geometry": { "type": "Point", "coordinates": [ -118.048763399427997, 34.169214462209702 ] } },
{ "type": "Feature", "properties": { "DAMAGE": "No Damage", "STRUCTURETYPE": "Single Family Residence Single Story", "index_right": 7315, "score": 0.023, "d_ndvi": 0.016, "ssim": 0.955, "damage_class": "none" }, "geometry": { "type": "Point", "coordinates": [ -118.048798811915006, 34.168904967007897 ] } },
{ "type": "Feature", "properties": { "DAMAGE": "No Damage", "STRUCTURETYPE": "Single Family Residence Multi Story", "index_right": 7222, "score": 0.038, "d_ndvi": 0.026, "ssim": 0.913, "damage_class": "none" }, "geometry": { "type": "Point", "coordinates": [ -118.047753100161003, 34.169310895166902 ] } },
{ "type": "Feature", "properties": { "DAMAGE": "No Damage", "STRUCTURETYPE": "Single Family Residence Single Story", "index_right": 6602, "score": 0.11, "d_ndvi": 0.008, "ssim": 0.85, "damage_class": "none" }, "geometry": { "type": "Point", "coordinates": [ -118.074598299314005, 34.171920686874998 ] } },
{ "type": "Feature", "properties": { "DAMAGE": "No Damage", "STRUCTURETYPE": "Single Family Residence Single Story", "index_right": 7221, "score": 0.081, "d_ndvi": 0.014, "ssim": 0.864, "damage_class": "none" }, "geometry": { "type": "Point", "coordinates": [ -118.048417390839006, 34.169222706341799 ] } },
{ "type": "Feature", "properties": { "DAMAGE": "No Damage", "STRUCTURETYPE": "Utility Misc Structure", "index_right": 7316, "score": 0.08, "d_ndvi": 0.004, "ssim": 0.877, "damage_class": "none" }, "geometry": { "type": "Point", "coordinates": [ -118.048415437003001, 34.169116100405603 ] } },
{ "type": "Feature", "properties": { "DAMAGE": "No Damage", "STRUCTURETYPE": "Single Family Residence Single Story", "index_right": 7221, "score": 0.081, "d_ndvi": 0.014, "ssim": 0.864, "damage_class": "none" }, "geometry": { "type": "Point", "coordinates": [ -118.048607827390995, 34.169238385204203 ] } },
{ "type": "Feature", "properties": { "DAMAGE": "No Damage", "STRUCTURETYPE": "Single Family Residence Multi Story", "index_right": 6668, "score": 0.105, "d_ndvi": -0.045, "ssim": 0.903, "damage_class": "none" }, "geometry": { "type": "Point", "coordinates": [ -118.039510883117003, 34.172252048479898 ] } },
{ "type": "Feature", "properties": { "DAMAGE": "No Damage", "STRUCTURETYPE": "Single Family Residence Multi Story", "index_right": 6667, "score": 0.023, "d_ndvi": 0.017, "ssim": 0.943, "damage_class": "none" }, "geometry": { "type": "Point", "coordinates": [ -118.039806168373005, 34.172319306540203 ] } },
{ "type": "Feature", "properties": { "DAMAGE": "No Damage", "STRUCTURETYPE": "Single Family Residence Multi Story", "index_right": 6667, "score": 0.023, "d_ndvi": 0.017, "ssim": 0.943, "damage_class": "none" }, "geometry": { "type": "Point", "coordinates": [ -118.040106648546995, 34.172341450122701 ] } },
{ "type": "Feature", "properties": { "DAMAGE": "No Damage", "STRUCTURETYPE": "Single Family Residence Single Story", "index_right": 7180, "score": 0.109, "d_ndvi": -0.009, "ssim": 0.849, "damage_class": "none" }, "geometry": { "type": "Point", "coordinates": [ -118.070448061142002, 34.169193313762598 ] } },
{ "type": "Feature", "properties": { "DAMAGE": "No Damage", "STRUCTURETYPE": "Utility Misc Structure", "index_right": 7180, "score": 0.109, "d_ndvi": -0.009, "ssim": 0.849, "damage_class": "none" }, "geometry": { "type": "Point", "coordinates": [ -118.070378266535997, 34.1693758581183 ] } },
{ "type": "Feature", "properties": { "DAMAGE": "No Damage", "STRUCTURETYPE": "Single Family Residence Single Story", "index_right": 7180, "score": 0.109, "d_ndvi": -0.009, "ssim": 0.849, "damage_class": "none" }, "geometry": { "type": "Point", "coordinates": [ -118.070477160268993, 34.169346635796401 ] } },
{ "type": "Feature", "properties": { "DAMAGE": "No Damage", "STRUCTURETYPE": "Single Family Residence Single Story", "index_right": 6567, "score": 0.048, "d_ndvi": 0.073, "ssim": 0.9, "damage_class": "none" }, "geometry": { "type": "Point", "coordinates": [ -118.042692756316995, 34.172669588287803 ] } },
{ "type": "Feature", "properties": { "DAMAGE": "No Damage", "STRUCTURETYPE": "Single Family Residence Single Story", "index_right": 6567, "score": 0.048, "d_ndvi": 0.073, "ssim": 0.9, "damage_class": "none" }, "geometry": { "type": "Point", "coordinates": [ -118.042670160094005, 34.172556433726903 ] } },
{ "type": "Feature", "properties": { "DAMAGE": "No Damage", "STRUCTURETYPE": "Single Family Residence Single Story", "index_right": 6567, "score": 0.048, "d_ndvi": 0.073, "ssim": 0.9, "damage_class": "none" }, "geometry": { "type": "Point", "coordinates": [ -118.042693500121999, 34.172441000295997 ] } },
{ "type": "Feature", "properties": { "DAMAGE": "No Damage", "STRUCTURETYPE": "Single Family Residence Single Story", "index_right": 6662, "score": 0.062, "d_ndvi": 0.074, "ssim": 0.876, "damage_class": "none" }, "geometry": { "type": "Point", "coordinates": [ -118.042739175861001, 34.1723013539874 ] } },
{ "type": "Feature", "properties": { "DAMAGE": "No Damage", "STRUCTURETYPE": "Single Family Residence Single Story", "index_right": 6662, "score": 0.062, "d_ndvi": 0.074, "ssim": 0.876, "damage_class": "none" }, "geometry": { "type": "Point", "coordinates": [ -118.042842951937004, 34.172236200049497 ] } },
{ "type": "Feature", "properties": { "DAMAGE": "No Damage", "STRUCTURETYPE": "Single Family Residence Single Story", "index_right": 6186, "score": 0.107, "d_ndvi": 0.02, "ssim": 0.859, "damage_class": "none" }, "geometry": { "type": "Point", "coordinates": [ -118.043094606878995, 34.1744789785904 ] } },
{ "type": "Feature", "properties": { "DAMAGE": "No Damage", "STRUCTURETYPE": "Single Family Residence Multi Story", "index_right": 6091, "score": 0.094, "d_ndvi": 0.036, "ssim": 0.845, "damage_class": "none" }, "geometry": { "type": "Point", "coordinates": [ -118.043174915367004, 34.174719256087201 ] } },
{ "type": "Feature", "properties": { "DAMAGE": "No Damage", "STRUCTURETYPE": "Utility Misc Structure", "index_right": 6091, "score": 0.094, "d_ndvi": 0.036, "ssim": 0.845, "damage_class": "none" }, "geometry": { "type": "Point", "coordinates": [ -118.043102133863002, 34.1749418618381 ] } },
{ "type": "Feature", "properties": { "DAMAGE": "No Damage", "STRUCTURETYPE": "Single Family Residence Multi Story", "index_right": 6091, "score": 0.094, "d_ndvi": 0.036, "ssim": 0.845, "damage_class": "none" }, "geometry": { "type": "Point", "coordinates": [ -118.043012744305997, 34.174807590781903 ] } },
{ "type": "Feature", "properties": { "DAMAGE": "Destroyed (>50%)", "STRUCTURETYPE": "Single Family Residence Single Story", "index_right": 6229, "score": 0.161, "d_ndvi": -0.05, "ssim": 0.82, "damage_class": "moderate" }, "geometry": { "type": "Point", "coordinates": [ -118.071182002696005, 34.173720874449799 ] } },
{ "type": "Feature", "properties": { "DAMAGE": "Destroyed (>50%)", "STRUCTURETYPE": "Single Family Residence Single Story", "index_right": 6228, "score": 0.197, "d_ndvi": -0.032, "ssim": 0.761, "damage_class": "moderate" }, "geometry": { "type": "Point", "coordinates": [ -118.071420238604006, 34.173753383963003 ] } },
{ "type": "Feature", "properties": { "DAMAGE": "Destroyed (>50%)", "STRUCTURETYPE": "Single Family Residence Single Story", "index_right": 6228, "score": 0.197, "d_ndvi": -0.032, "ssim": 0.761, "damage_class": "moderate" }, "geometry": { "type": "Point", "coordinates": [ -118.071668470066001, 34.173829202532303 ] } },
{ "type": "Feature", "properties": { "DAMAGE": "No Damage", "STRUCTURETYPE": "Single Family Residence Single Story", "index_right": 4404, "score": 0.088, "d_ndvi": -0.053, "ssim": 0.915, "damage_class": "none" }, "geometry": { "type": "Point", "coordinates": [ -118.081747745420998, 34.182042108120498 ] } },
{ "type": "Feature", "properties": { "DAMAGE": "Destroyed (>50%)", "STRUCTURETYPE": "Single Family Residence Single Story", "index_right": 6231, "score": 0.218, "d_ndvi": -0.02, "ssim": 0.721, "damage_class": "moderate" }, "geometry": { "type": "Point", "coordinates": [ -118.069639638471998, 34.173748887540299 ] } },
{ "type": "Feature", "properties": { "DAMAGE": "No Damage", "STRUCTURETYPE": "Single Family Residence Single Story", "index_right": 6231, "score": 0.218, "d_ndvi": -0.02, "ssim": 0.721, "damage_class": "moderate" }, "geometry": { "type": "Point", "coordinates": [ -118.070166040448996, 34.173767936763497 ] } },
{ "type": "Feature", "properties": { "DAMAGE": "Minor (10-25%)", "STRUCTURETYPE": "Single Family Residence Single Story", "index_right": 6230, "score": 0.129, "d_ndvi": -0.051, "ssim": 0.859, "damage_class": "none" }, "geometry": { "type": "Point", "coordinates": [ -118.070410571750003, 34.173735688866103 ] } },
{ "type": "Feature", "properties": { "DAMAGE": "Affected (1-9%)", "STRUCTURETYPE": "Single Family Residence Single Story", "index_right": 6230, "score": 0.129, "d_ndvi": -0.051, "ssim": 0.859, "damage_class": "none" }, "geometry": { "type": "Point", "coordinates": [ -118.070678320010998, 34.173731449593298 ] } },
{ "type": "Feature", "properties": { "DAMAGE": "No Damage", "STRUCTURETYPE": "Single Family Residence Single Story", "index_right": 6229, "score": 0.161, "d_ndvi": -0.05, "ssim": 0.82, "damage_class": "moderate" }, "geometry": { "type": "Point", "coordinates": [ -118.070919999162001, 34.173740002459702 ] } },
{ "type": "Feature", "properties": { "DAMAGE": "No Damage", "STRUCTURETYPE": "Single Family Residence Single Story", "index_right": 7464, "score": 0.049, "d_ndvi": -0.014, "ssim": 0.93, "damage_class": "none" }, "geometry": { "type": "Point", "coordinates": [ -118.070802125822993, 34.1678594450605 ] } },
{ "type": "Feature", "properties": { "DAMAGE": "No Damage", "STRUCTURETYPE": "Single Family Residence Single Story", "index_right": 7465, "score": 0.037, "d_ndvi": 0.005, "ssim": 0.919, "damage_class": "none" }, "geometry": { "type": "Point", "coordinates": [ -118.070460962745997, 34.167845676869497 ] } },
{ "type": "Feature", "properties": { "DAMAGE": "No Damage", "STRUCTURETYPE": "Utility Misc Structure", "index_right": 7465, "score": 0.037, "d_ndvi": 0.005, "ssim": 0.919, "damage_class": "none" }, "geometry": { "type": "Point", "coordinates": [ -118.070332792019997, 34.167870360609101 ] } },
{ "type": "Feature", "properties": { "DAMAGE": "No Damage", "STRUCTURETYPE": "Utility Misc Structure", "index_right": 7275, "score": 0.062, "d_ndvi": -0.002, "ssim": 0.907, "damage_class": "none" }, "geometry": { "type": "Point", "coordinates": [ -118.070371048572994, 34.168553820837502 ] } },
{ "type": "Feature", "properties": { "DAMAGE": "No Damage", "STRUCTURETYPE": "Single Family Residence Single Story", "index_right": 7275, "score": 0.062, "d_ndvi": -0.002, "ssim": 0.907, "damage_class": "none" }, "geometry": { "type": "Point", "coordinates": [ -118.070447809613995, 34.168661401148199 ] } },
{ "type": "Feature", "properties": { "DAMAGE": "No Damage", "STRUCTURETYPE": "Single Family Residence Single Story", "index_right": 7180, "score": 0.109, "d_ndvi": -0.009, "ssim": 0.849, "damage_class": "none" }, "geometry": { "type": "Point", "coordinates": [ -118.070481917747003, 34.169040125235497 ] } },
{ "type": "Feature", "properties": { "DAMAGE": "No Damage", "STRUCTURETYPE": "Single Family Residence Multi Story", "index_right": 7085, "score": 0.082, "d_ndvi": -0.002, "ssim": 0.883, "damage_class": "none" }, "geometry": { "type": "Point", "coordinates": [ -118.070388660044003, 34.169510295384903 ] } },
{ "type": "Feature", "properties": { "DAMAGE": "No Damage", "STRUCTURETYPE": "Single Family Residence Multi Story", "index_right": 6927, "score": 0.049, "d_ndvi": -0.0, "ssim": 0.924, "damage_class": "none" }, "geometry": { "type": "Point", "coordinates": [ -118.053272510962998, 34.170846362504001 ] } },
{ "type": "Feature", "properties": { "DAMAGE": "No Damage", "STRUCTURETYPE": "Single Family Residence Single Story", "index_right": 6507, "score": 0.077, "d_ndvi": -0.022, "ssim": 0.904, "damage_class": "none" }, "geometry": { "type": "Point", "coordinates": [ -118.074432177462, 34.172094838782101 ] } },
{ "type": "Feature", "properties": { "DAMAGE": "No Damage", "STRUCTURETYPE": "Single Family Residence Single Story", "index_right": 6790, "score": 0.052, "d_ndvi": -0.017, "ssim": 0.934, "damage_class": "none" }, "geometry": { "type": "Point", "coordinates": [ -118.075534399535996, 34.170805716406797 ] } },
{ "type": "Feature", "properties": { "DAMAGE": "No Damage", "STRUCTURETYPE": "Single Family Residence Single Story", "index_right": 6696, "score": 0.086, "d_ndvi": -0.039, "ssim": 0.921, "damage_class": "none" }, "geometry": { "type": "Point", "coordinates": [ -118.075014622634001, 34.171429461048497 ] } },
{ "type": "Feature", "properties": { "DAMAGE": "No Damage", "STRUCTURETYPE": "Single Family Residence Single Story", "index_right": 6697, "score": 0.072, "d_ndvi": -0.011, "ssim": 0.905, "damage_class": "none" }, "geometry": { "type": "Point", "coordinates": [ -118.074837348198002, 34.1715779591771 ] } },
{ "type": "Feature", "properties": { "DAMAGE": "No Damage", "STRUCTURETYPE": "Single Family Residence Single Story", "index_right": 6602, "score": 0.11, "d_ndvi": 0.008, "ssim": 0.85, "damage_class": "none" }, "geometry": { "type": "Point", "coordinates": [ -118.074735272631997, 34.171764369849399 ] } },
{ "type": "Feature", "properties": { "DAMAGE": "No Damage", "STRUCTURETYPE": "Single Family Residence Single Story", "index_right": 6832, "score": 0.064, "d_ndvi": -0.013, "ssim": 0.909, "damage_class": "none" }, "geometry": { "type": "Point", "coordinates": [ -118.053341197947006, 34.170995337328797 ] } },
{ "type": "Feature", "properties": { "DAMAGE": "Minor (10-25%)", "STRUCTURETYPE": "Single Family Residence Single Story", "index_right": 7085, "score": 0.082, "d_ndvi": -0.002, "ssim": 0.883, "damage_class": "none" }, "geometry": { "type": "Point", "coordinates": [ -118.070455880976994, 34.169838207462298 ] } },
{ "type": "Feature", "properties": { "DAMAGE": "No Damage", "STRUCTURETYPE": "Single Family Residence Single Story", "index_right": 6324, "score": 0.089, "d_ndvi": -0.014, "ssim": 0.879, "damage_class": "none" }, "geometry": { "type": "Point", "coordinates": [ -118.070732392303, 34.173300176050198 ] } },
{ "type": "Feature", "properties": { "DAMAGE": "No Damage", "STRUCTURETYPE": "Single Family Residence Single Story", "index_right": 6325, "score": 0.234, "d_ndvi": -0.069, "ssim": 0.768, "damage_class": "moderate" }, "geometry": { "type": "Point", "coordinates": [ -118.070520575846999, 34.173280120408997 ] } },
{ "type": "Feature", "properties": { "DAMAGE": "Destroyed (>50%)", "STRUCTURETYPE": "Single Family Residence Single Story", "index_right": 6326, "score": 0.422, "d_ndvi": -0.217, "ssim": 0.68, "damage_class": "severe" }, "geometry": { "type": "Point", "coordinates": [ -118.069745330654996, 34.173346840235901 ] } },
{ "type": "Feature", "properties": { "DAMAGE": "Destroyed (>50%)", "STRUCTURETYPE": "Single Family Residence Single Story", "index_right": 6327, "score": 0.506, "d_ndvi": -0.191, "ssim": 0.522, "damage_class": "severe" }, "geometry": { "type": "Point", "coordinates": [ -118.069210360547004, 34.173318004273902 ] } },
{ "type": "Feature", "properties": { "DAMAGE": "Destroyed (>50%)", "STRUCTURETYPE": "Single Family Residence Single Story", "index_right": 6328, "score": 0.422, "d_ndvi": -0.095, "ssim": 0.544, "damage_class": "severe" }, "geometry": { "type": "Point", "coordinates": [ -118.068735835379997, 34.173335327851397 ] } },
{ "type": "Feature", "properties": { "DAMAGE": "No Damage", "STRUCTURETYPE": "Single Family Residence Single Story", "index_right": 6324, "score": 0.089, "d_ndvi": -0.014, "ssim": 0.879, "damage_class": "none" }, "geometry": { "type": "Point", "coordinates": [ -118.071026424370004, 34.173283510210297 ] } },
{ "type": "Feature", "properties": { "DAMAGE": "No Damage", "STRUCTURETYPE": "Single Family Residence Single Story", "index_right": 6325, "score": 0.234, "d_ndvi": -0.069, "ssim": 0.768, "damage_class": "moderate" }, "geometry": { "type": "Point", "coordinates": [ -118.070291080545999, 34.1733165572358 ] } },
{ "type": "Feature", "properties": { "DAMAGE": "Destroyed (>50%)", "STRUCTURETYPE": "Single Family Residence Single Story", "index_right": 6326, "score": 0.422, "d_ndvi": -0.217, "ssim": 0.68, "damage_class": "severe" }, "geometry": { "type": "Point", "coordinates": [ -118.070013140000995, 34.173284406527003 ] } },
{ "type": "Feature", "properties": { "DAMAGE": "Destroyed (>50%)", "STRUCTURETYPE": "Single Family Residence Single Story", "index_right": 6327, "score": 0.506, "d_ndvi": -0.191, "ssim": 0.522, "damage_class": "severe" }, "geometry": { "type": "Point", "coordinates": [ -118.069495692431005, 34.173273476071003 ] } },
{ "type": "Feature", "properties": { "DAMAGE": "Destroyed (>50%)", "STRUCTURETYPE": "Single Family Residence Single Story", "index_right": 6328, "score": 0.422, "d_ndvi": -0.095, "ssim": 0.544, "damage_class": "severe" }, "geometry": { "type": "Point", "coordinates": [ -118.069019465853998, 34.173295843110502 ] } },
{ "type": "Feature", "properties": { "DAMAGE": "No Damage", "STRUCTURETYPE": "Single Family Residence Single Story", "index_right": 6329, "score": 0.097, "d_ndvi": -0.033, "ssim": 0.886, "damage_class": "none" }, "geometry": { "type": "Point", "coordinates": [ -118.068541535174006, 34.173213576671301 ] } },
{ "type": "Feature", "properties": { "DAMAGE": "No Damage", "STRUCTURETYPE": "Single Family Residence Single Story", "index_right": 7085, "score": 0.082, "d_ndvi": -0.002, "ssim": 0.883, "damage_class": "none" }, "geometry": { "type": "Point", "coordinates": [ -118.070481380554, 34.169667214155297 ] } },
{ "type": "Feature", "properties": { "DAMAGE": "No Damage", "STRUCTURETYPE": "Utility Misc Structure", "index_right": 7085, "score": 0.082, "d_ndvi": -0.002, "ssim": 0.883, "damage_class": "none" }, "geometry": { "type": "Point", "coordinates": [ -118.070370799740004, 34.169707310798699 ] } },
{ "type": "Feature", "properties": { "DAMAGE": "No Damage", "STRUCTURETYPE": "Single Family Residence Multi Story", "index_right": 4307, "score": 0.05, "d_ndvi": -0.02, "ssim": 0.932, "damage_class": "none" }, "geometry": { "type": "Point", "coordinates": [ -118.083064022551994, 34.182625130791401 ] } },
{ "type": "Feature", "properties": { "DAMAGE": "No Damage", "STRUCTURETYPE": "Single Family Residence Multi Story", "index_right": 4496, "score": 0.068, "d_ndvi": -0.016, "ssim": 0.912, "damage_class": "none" }, "geometry": { "type": "Point", "coordinates": [ -118.083288460337002, 34.181446734850503 ] } },
{ "type": "Feature", "properties": { "DAMAGE": "No Damage", "STRUCTURETYPE": "Utility Misc Structure", "index_right": 4591, "score": 0.054, "d_ndvi": -0.027, "ssim": 0.921, "damage_class": "none" }, "geometry": { "type": "Point", "coordinates": [ -118.083392587654998, 34.181213573542003 ] } },
{ "type": "Feature", "properties": { "DAMAGE": "No Damage", "STRUCTURETYPE": "Single Family Residence Multi Story", "index_right": 4403, "score": 0.097, "d_ndvi": -0.046, "ssim": 0.882, "damage_class": "none" }, "geometry": { "type": "Point", "coordinates": [ -118.082460932298005, 34.181813642125803 ] } },
{ "type": "Feature", "properties": { "DAMAGE": "No Damage", "STRUCTURETYPE": "Single Family Residence Multi Story", "index_right": 4216, "score": 0.107, "d_ndvi": 0.002, "ssim": 0.836, "damage_class": "none" }, "geometry": { "type": "Point", "coordinates": [ -118.080787043936994, 34.182858459861798 ] } },
{ "type": "Feature", "properties": { "DAMAGE": "No Damage", "STRUCTURETYPE": "Utility Misc Structure", "index_right": 4214, "score": 0.298, "d_ndvi": -0.166, "ssim": 0.777, "damage_class": "moderate" }, "geometry": { "type": "Point", "coordinates": [ -118.081646406472998, 34.182708668470703 ] } },
{ "type": "Feature", "properties": { "DAMAGE": "No Damage", "STRUCTURETYPE": "Single Family Residence Single Story", "index_right": 6132, "score": 0.072, "d_ndvi": -0.018, "ssim": 0.9, "damage_class": "none" }, "geometry": { "type": "Point", "coordinates": [ -118.072209509192007, 34.173980320707301 ] } },
{ "type": "Feature", "properties": { "DAMAGE": "Destroyed (>50%)", "STRUCTURETYPE": "Single Family Residence Multi Story", "index_right": 5656, "score": 0.396, "d_ndvi": -0.222, "ssim": 0.718, "damage_class": "severe" }, "geometry": { "type": "Point", "coordinates": [ -118.072607368540005, 34.176081415152296 ] } },
{ "type": "Feature", "properties": { "DAMAGE": "No Damage", "STRUCTURETYPE": "Utility Misc Structure", "index_right": 6572, "score": 0.024, "d_ndvi": 0.051, "ssim": 0.931, "damage_class": "none" }, "geometry": { "type": "Point", "coordinates": [ -118.040145345274993, 34.172652459297304 ] } },
{ "type": "Feature", "properties": { "DAMAGE": "No Damage", "STRUCTURETYPE": "Single Family Residence Single Story", "index_right": 6571, "score": 0.018, "d_ndvi": 0.032, "ssim": 0.956, "damage_class": "none" }, "geometry": { "type": "Point", "coordinates": [ -118.040282986939005, 34.172538580816102 ] } },
{ "type": "Feature", "properties": { "DAMAGE": "No Damage", "STRUCTURETYPE": "Utility Misc Structure", "index_right": 6571, "score": 0.018, "d_ndvi": 0.032, "ssim": 0.956, "damage_class": "none" }, "geometry": { "type": "Point", "coordinates": [ -118.040378171528999, 34.172436755012399 ] } },
{ "type": "Feature", "properties": { "DAMAGE": "Destroyed (>50%)", "STRUCTURETYPE": "Single Family Residence Multi Story", "index_right": 5972, "score": 0.53, "d_ndvi": -0.222, "ssim": 0.554, "damage_class": "severe" }, "geometry": { "type": "Point", "coordinates": [ -118.055821578497998, 34.1749741464346 ] } },
{ "type": "Feature", "properties": { "DAMAGE": "No Damage", "STRUCTURETYPE": "Utility Misc Structure", "index_right": 6646, "score": 0.057, "d_ndvi": -0.04, "ssim": 0.949, "damage_class": "none" }, "geometry": { "type": "Point", "coordinates": [ -118.051030582813993, 34.172087662944897 ] } },
{ "type": "Feature", "properties": { "DAMAGE": "Destroyed (>50%)", "STRUCTURETYPE": "Single Family Residence Single Story", "index_right": 5750, "score": 0.191, "d_ndvi": -0.094, "ssim": 0.837, "damage_class": "moderate" }, "geometry": { "type": "Point", "coordinates": [ -118.073392346079999, 34.175671115392902 ] } },
{ "type": "Feature", "properties": { "DAMAGE": "Destroyed (>50%)", "STRUCTURETYPE": "Single Family Residence Single Story", "index_right": 5844, "score": 0.272, "d_ndvi": -0.174, "ssim": 0.813, "damage_class": "moderate" }, "geometry": { "type": "Point", "coordinates": [ -118.073433897653004, 34.175444081377698 ] } },
{ "type": "Feature", "properties": { "DAMAGE": "No Damage", "STRUCTURETYPE": "Single Family Residence Single Story", "index_right": 5751, "score": 0.188, "d_ndvi": -0.101, "ssim": 0.845, "damage_class": "moderate" }, "geometry": { "type": "Point", "coordinates": [ -118.072774396791999, 34.175728768605502 ] } },
{ "type": "Feature", "properties": { "DAMAGE": "No Damage", "STRUCTURETYPE": "Single Family Residence Multi Story", "index_right": 4598, "score": 0.062, "d_ndvi": -0.033, "ssim": 0.934, "damage_class": "none" }, "geometry": { "type": "Point", "coordinates": [ -118.079640755905004, 34.1809684811114 ] } },
{ "type": "Feature", "properties": { "DAMAGE": "No Damage", "STRUCTURETYPE": "Single Family Residence Single Story", "index_right": 4885, "score": 0.044, "d_ndvi": -0.01, "ssim": 0.931, "damage_class": "none" }, "geometry": { "type": "Point", "coordinates": [ -118.078703588484998, 34.179978099166497 ] } },
{ "type": "Feature", "properties": { "DAMAGE": "No Damage", "STRUCTURETYPE": "Single Family Residence Multi Story", "index_right": 4885, "score": 0.044, "d_ndvi": -0.01, "ssim": 0.931, "damage_class": "none" }, "geometry": { "type": "Point", "coordinates": [ -118.078643897231004, 34.179694043096298 ] } },
{ "type": "Feature", "properties": { "DAMAGE": "No Damage", "STRUCTURETYPE": "Utility Misc Structure", "index_right": 4980, "score": 0.098, "d_ndvi": -0.056, "ssim": 0.919, "damage_class": "none" }, "geometry": { "type": "Point", "coordinates": [ -118.078394288650998, 34.1795160275787 ] } },
{ "type": "Feature", "properties": { "DAMAGE": "No Damage", "STRUCTURETYPE": "Single Family Residence Single Story", "index_right": 6990, "score": 0.133, "d_ndvi": -0.042, "ssim": 0.839, "damage_class": "none" }, "geometry": { "type": "Point", "coordinates": [ -118.070487902322995, 34.169994076163398 ] } },
{ "type": "Feature", "properties": { "DAMAGE": "No Damage", "STRUCTURETYPE": "Single Family Residence Multi Story", "index_right": 4312, "score": 0.111, "d_ndvi": -0.036, "ssim": 0.874, "damage_class": "none" }, "geometry": { "type": "Point", "coordinates": [ -118.080101163148996, 34.182628117439698 ] } },
{ "type": "Feature", "properties": { "DAMAGE": "No Damage", "STRUCTURETYPE": "Single Family Residence Multi Story", "index_right": 6133, "score": 0.146, "d_ndvi": -0.067, "ssim": 0.866, "damage_class": "none" }, "geometry": { "type": "Point", "coordinates": [ -118.071623729473998, 34.174186158696799 ] } },
{ "type": "Feature", "properties": { "DAMAGE": "No Damage", "STRUCTURETYPE": "Infrastructure", "index_right": 5974, "score": 0.242, "d_ndvi": -0.17, "ssim": 0.873, "damage_class": "moderate" }, "geometry": { "type": "Point", "coordinates": [ -118.055049516935995, 34.175296190554803 ] } },
{ "type": "Feature", "properties": { "DAMAGE": "No Damage", "STRUCTURETYPE": "Infrastructure", "index_right": 6069, "score": 0.274, "d_ndvi": -0.204, "ssim": 0.872, "damage_class": "moderate" }, "geometry": { "type": "Point", "coordinates": [ -118.055059000450001, 34.174509999917802 ] } },
{ "type": "Feature", "properties": { "DAMAGE": "No Damage", "STRUCTURETYPE": "Single Family Residence Single Story", "index_right": 6132, "score": 0.072, "d_ndvi": -0.018, "ssim": 0.9, "damage_class": "none" }, "geometry": { "type": "Point", "coordinates": [ -118.071943225186004, 34.1738696881267 ] } },
{ "type": "Feature", "properties": { "DAMAGE": "No Damage", "STRUCTURETYPE": "Single Family Residence Single Story", "index_right": 6132, "score": 0.072, "d_ndvi": -0.018, "ssim": 0.9, "damage_class": "none" }, "geometry": { "type": "Point", "coordinates": [ -118.071886727443001, 34.174234881073502 ] } },
{ "type": "Feature", "properties": { "DAMAGE": "No Damage", "STRUCTURETYPE": "Single Family Residence Single Story", "index_right": 6133, "score": 0.146, "d_ndvi": -0.067, "ssim": 0.866, "damage_class": "none" }, "geometry": { "type": "Point", "coordinates": [ -118.071381590385002, 34.174144322104198 ] } },
{ "type": "Feature", "properties": { "DAMAGE": "Destroyed (>50%)", "STRUCTURETYPE": "Single Family Residence Multi Story", "index_right": 6477, "score": 0.29, "d_ndvi": -0.164, "ssim": 0.787, "damage_class": "moderate" }, "geometry": { "type": "Point", "coordinates": [ -118.040171741370997, 34.172985633035601 ] } },
{ "type": "Feature", "properties": { "DAMAGE": "No Damage", "STRUCTURETYPE": "Single Family Residence Single Story", "index_right": 6990, "score": 0.133, "d_ndvi": -0.042, "ssim": 0.839, "damage_class": "none" }, "geometry": { "type": "Point", "coordinates": [ -118.070486851294007, 34.1701458024883 ] } },
{ "type": "Feature", "properties": { "DAMAGE": "Destroyed (>50%)", "STRUCTURETYPE": "Utility Misc Structure", "index_right": 5973, "score": 0.416, "d_ndvi": -0.206, "ssim": 0.675, "damage_class": "severe" }, "geometry": { "type": "Point", "coordinates": [ -118.055473678056998, 34.175028016496803 ] } },
{ "type": "Feature", "properties": { "DAMAGE": "No Damage", "STRUCTURETYPE": "Single Family Residence Multi Story", "index_right": 5996, "score": 0.092, "d_ndvi": 0.07, "ssim": 0.85, "damage_class": "none" }, "geometry": { "type": "Point", "coordinates": [ -118.042989000036002, 34.175189500133499 ] } },
{ "type": "Feature", "properties": { "DAMAGE": "No Damage", "STRUCTURETYPE": "Single Family Residence Multi Story", "index_right": 5996, "score": 0.092, "d_ndvi": 0.07, "ssim": 0.85, "damage_class": "none" }, "geometry": { "type": "Point", "coordinates": [ -118.043055091786002, 34.175348304238597 ] } },
{ "type": "Feature", "properties": { "DAMAGE": "No Damage", "STRUCTURETYPE": "Single Family Residence Multi Story", "index_right": 5901, "score": 0.066, "d_ndvi": 0.036, "ssim": 0.883, "damage_class": "none" }, "geometry": { "type": "Point", "coordinates": [ -118.042933500320999, 34.175537000081597 ] } },
{ "type": "Feature", "properties": { "DAMAGE": "No Damage", "STRUCTURETYPE": "Single Family Residence Multi Story", "index_right": 5901, "score": 0.066, "d_ndvi": 0.036, "ssim": 0.883, "damage_class": "none" }, "geometry": { "type": "Point", "coordinates": [ -118.043422500042993, 34.175555999850403 ] } },
{ "type": "Feature", "properties": { "DAMAGE": "No Damage", "STRUCTURETYPE": "Single Family Residence Single Story", "index_right": 6895, "score": 0.086, "d_ndvi": -0.044, "ssim": 0.914, "damage_class": "none" }, "geometry": { "type": "Point", "coordinates": [ -118.070463499588996, 34.170341092101097 ] } },
{ "type": "Feature", "properties": { "DAMAGE": "No Damage", "STRUCTURETYPE": "Single Family Residence Single Story", "index_right": 6926, "score": 0.035, "d_ndvi": 0.002, "ssim": 0.948, "damage_class": "none" }, "geometry": { "type": "Point", "coordinates": [ -118.053837412038007, 34.170892423052699 ] } },
{ "type": "Feature", "properties": { "DAMAGE": "No Damage", "STRUCTURETYPE": "Single Family Residence Multi Story", "index_right": 6926, "score": 0.035, "d_ndvi": 0.002, "ssim": 0.948, "damage_class": "none" }, "geometry": { "type": "Point", "coordinates": [ -118.054024218498, 34.170874302968301 ] } },
{ "type": "Feature", "properties": { "DAMAGE": "No Damage", "STRUCTURETYPE": "Utility Misc Structure", "index_right": 6831, "score": 0.045, "d_ndvi": -0.007, "ssim": 0.924, "damage_class": "none" }, "geometry": { "type": "Point", "coordinates": [ -118.054047660034996, 34.171035796039597 ] } },
{ "type": "Feature", "properties": { "DAMAGE": "No Damage", "STRUCTURETYPE": "Single Family Residence Multi Story", "index_right": 6742, "score": 0.154, "d_ndvi": -0.03, "ssim": 0.826, "damage_class": "moderate" }, "geometry": { "type": "Point", "coordinates": [ -118.050721920784, 34.171377530009202 ] } },
{ "type": "Feature", "properties": { "DAMAGE": "No Damage", "STRUCTURETYPE": "Utility Misc Structure", "index_right": 6742, "score": 0.154, "d_ndvi": -0.03, "ssim": 0.826, "damage_class": "moderate" }, "geometry": { "type": "Point", "coordinates": [ -118.050633967633004, 34.171625476055503 ] } },
{ "type": "Feature", "properties": { "DAMAGE": "Destroyed (>50%)", "STRUCTURETYPE": "Single Family Residence Single Story", "index_right": 5875, "score": 0.418, "d_ndvi": -0.135, "ssim": 0.585, "damage_class": "severe" }, "geometry": { "type": "Point", "coordinates": [ -118.057102857266003, 34.175510962996597 ] } },
{ "type": "Feature", "properties": { "DAMAGE": "No Damage", "STRUCTURETYPE": "Single Family Residence Single Story", "index_right": 6135, "score": 0.194, "d_ndvi": -0.059, "ssim": 0.794, "damage_class": "moderate" }, "geometry": { "type": "Point", "coordinates": [ -118.070610555597, 34.1740720065552 ] } },
{ "type": "Feature", "properties": { "DAMAGE": "No Damage", "STRUCTURETYPE": "Single Family Residence Multi Story", "index_right": 4311, "score": 0.041, "d_ndvi": -0.011, "ssim": 0.947, "damage_class": "none" }, "geometry": { "type": "Point", "coordinates": [ -118.080639051882997, 34.182372587337198 ] } },
{ "type": "Feature", "properties": { "DAMAGE": "No Damage", "STRUCTURETYPE": "Single Family Residence Multi Story", "index_right": 4501, "score": 0.088, "d_ndvi": 0.016, "ssim": 0.851, "damage_class": "none" }, "geometry": { "type": "Point", "coordinates": [ -118.080605230312997, 34.181539181737499 ] } },
{ "type": "Feature", "properties": { "DAMAGE": "Affected (1-9%)", "STRUCTURETYPE": "Single Family Residence Single Story", "index_right": 6895, "score": 0.086, "d_ndvi": -0.044, "ssim": 0.914, "damage_class": "none" }, "geometry": { "type": "Point", "coordinates": [ -118.070508410860995, 34.170514754500303 ] } },
{ "type": "Feature", "properties": { "DAMAGE": "No Damage", "STRUCTURETYPE": "Motor Home", "index_right": 4694, "score": 0.083, "d_ndvi": -0.037, "ssim": 0.9, "damage_class": "none" }, "geometry": { "type": "Point", "coordinates": [ -118.079126744391004, 34.180621801674498 ] } },
{ "type": "Feature", "properties": { "DAMAGE": "No Damage", "STRUCTURETYPE": "Single Family Residence Single Story", "index_right": 6698, "score": 0.039, "d_ndvi": -0.01, "ssim": 0.941, "damage_class": "none" }, "geometry": { "type": "Point", "coordinates": [ -118.074248362391998, 34.1716082844219 ] } },
{ "type": "Feature", "properties": { "DAMAGE": "No Damage", "STRUCTURETYPE": "Single Family Residence Single Story", "index_right": 6697, "score": 0.072, "d_ndvi": -0.011, "ssim": 0.905, "damage_class": "none" }, "geometry": { "type": "Point", "coordinates": [ -118.074460495055007, 34.171512575022597 ] } },
{ "type": "Feature", "properties": { "DAMAGE": "No Damage", "STRUCTURETYPE": "Utility Misc Structure", "index_right": 6697, "score": 0.072, "d_ndvi": -0.011, "ssim": 0.905, "damage_class": "none" }, "geometry": { "type": "Point", "coordinates": [ -118.074424425900006, 34.171422531164097 ] } },
{ "type": "Feature", "properties": { "DAMAGE": "No Damage", "STRUCTURETYPE": "Single Family Residence Multi Story", "index_right": 4407, "score": 0.071, "d_ndvi": -0.027, "ssim": 0.914, "damage_class": "none" }, "geometry": { "type": "Point", "coordinates": [ -118.080104009012004, 34.181967700718303 ] } },
{ "type": "Feature", "properties": { "DAMAGE": "No Damage", "STRUCTURETYPE": "Single Family Residence Multi Story", "index_right": 6762, "score": 0.034, "d_ndvi": 0.003, "ssim": 0.93, "damage_class": "none" }, "geometry": { "type": "Point", "coordinates": [ -118.040081703230001, 34.171658905749901 ] } },
{ "type": "Feature", "properties": { "DAMAGE": "No Damage", "STRUCTURETYPE": "Single Family Residence Multi Story", "index_right": 4504, "score": 0.138, "d_ndvi": -0.082, "ssim": 0.891, "damage_class": "none" }, "geometry": { "type": "Point", "coordinates": [ -118.079161784975, 34.181655562117498 ] } },
{ "type": "Feature", "properties": { "DAMAGE": "No Damage", "STRUCTURETYPE": "Utility Misc Structure", "index_right": 4504, "score": 0.138, "d_ndvi": -0.082, "ssim": 0.891, "damage_class": "none" }, "geometry": { "type": "Point", "coordinates": [ -118.079150420388004, 34.181757842002703 ] } },
{ "type": "Feature", "properties": { "DAMAGE": "No Damage", "STRUCTURETYPE": "Single Family Residence Single Story", "index_right": 4503, "score": 0.059, "d_ndvi": -0.011, "ssim": 0.912, "damage_class": "none" }, "geometry": { "type": "Point", "coordinates": [ -118.079425700124006, 34.181449238497798 ] } },
{ "type": "Feature", "properties": { "DAMAGE": "No Damage", "STRUCTURETYPE": "Single Family Residence Single Story", "index_right": 4598, "score": 0.062, "d_ndvi": -0.033, "ssim": 0.934, "damage_class": "none" }, "geometry": { "type": "Point", "coordinates": [ -118.079403778536005, 34.181262761528203 ] } },
{ "type": "Feature", "properties": { "DAMAGE": "No Damage", "STRUCTURETYPE": "Single Family Residence Multi Story", "index_right": 4599, "score": 0.134, "d_ndvi": -0.077, "ssim": 0.876, "damage_class": "none" }, "geometry": { "type": "Point", "coordinates": [ -118.079236663147, 34.180937067547198 ] } },
{ "type": "Feature", "properties": { "DAMAGE": "No Damage", "STRUCTURETYPE": "Utility Misc Structure", "index_right": 4694, "score": 0.083, "d_ndvi": -0.037, "ssim": 0.9, "damage_class": "none" }, "geometry": { "type": "Point", "coordinates": [ -118.079340009828996, 34.180834493866698 ] } },
{ "type": "Feature", "properties": { "DAMAGE": "No Damage", "STRUCTURETYPE": "Utility Misc Structure", "index_right": 4694, "score": 0.083, "d_ndvi": -0.037, "ssim": 0.9, "damage_class": "none" }, "geometry": { "type": "Point", "coordinates": [ -118.079331447087995, 34.180814148701998 ] } },
{ "type": "Feature", "properties": { "DAMAGE": "No Damage", "STRUCTURETYPE": "Single Family Residence Multi Story", "index_right": 5650, "score": 0.085, "d_ndvi": -0.038, "ssim": 0.915, "damage_class": "none" }, "geometry": { "type": "Point", "coordinates": [ -118.075629862602995, 34.176489291616001 ] } },
{ "type": "Feature", "properties": { "DAMAGE": "No Damage", "STRUCTURETYPE": "Single Family Residence Single Story", "index_right": 6925, "score": 0.041, "d_ndvi": -0.017, "ssim": 0.947, "damage_class": "none" }, "geometry": { "type": "Point", "coordinates": [ -118.054257722979997, 34.170871804953002 ] } },
{ "type": "Feature", "properties": { "DAMAGE": "No Damage", "STRUCTURETYPE": "Utility Misc Structure", "index_right": 6830, "score": 0.096, "d_ndvi": 0.001, "ssim": 0.873, "damage_class": "none" }, "geometry": { "type": "Point", "coordinates": [ -118.054197106461004, 34.171050123365497 ] } },
{ "type": "Feature", "properties": { "DAMAGE": "Destroyed (>50%)", "STRUCTURETYPE": "Single Family Residence Single Story", "index_right": 6800, "score": 0.316, "d_ndvi": -0.081, "ssim": 0.659, "damage_class": "severe" }, "geometry": { "type": "Point", "coordinates": [ -118.070464337716999, 34.170814384028098 ] } },
{ "type": "Feature", "properties": { "DAMAGE": "No Damage", "STRUCTURETYPE": "Single Family Residence Single Story", "index_right": 6615, "score": 0.056, "d_ndvi": -0.01, "ssim": 0.917, "damage_class": "none" }, "geometry": { "type": "Point", "coordinates": [ -118.067930327742999, 34.171738260993799 ] } },
{ "type": "Feature", "properties": { "DAMAGE": "No Damage", "STRUCTURETYPE": "Single Family Residence Multi Story", "index_right": 6615, "score": 0.056, "d_ndvi": -0.01, "ssim": 0.917, "damage_class": "none" }, "geometry": { "type": "Point", "coordinates": [ -118.067793190033001, 34.171800756048 ] } },
{ "type": "Feature", "properties": { "DAMAGE": "No Damage", "STRUCTURETYPE": "Single Family Residence Multi Story", "index_right": 5649, "score": 0.04, "d_ndvi": -0.002, "ssim": 0.93, "damage_class": "none" }, "geometry": { "type": "Point", "coordinates": [ -118.076131206973002, 34.176399476023498 ] } },
{ "type": "Feature", "properties": { "DAMAGE": "No Damage", "STRUCTURETYPE": "Utility Misc Structure", "index_right": 6895, "score": 0.086, "d_ndvi": -0.044, "ssim": 0.914, "damage_class": "none" }, "geometry": { "type": "Point", "coordinates": [ -118.070390247367001, 34.1706353278257 ] } },
{ "type": "Feature", "properties": { "DAMAGE": "Affected (1-9%)", "STRUCTURETYPE": "Single Family Residence Single Story", "index_right": 6895, "score": 0.086, "d_ndvi": -0.044, "ssim": 0.914, "damage_class": "none" }, "geometry": { "type": "Point", "coordinates": [ -118.070492530444, 34.170669884660299 ] } },
{ "type": "Feature", "properties": { "DAMAGE": "No Damage", "STRUCTURETYPE": "Single Family Residence Multi Story", "index_right": 6760, "score": 0.022, "d_ndvi": 0.018, "ssim": 0.954, "damage_class": "none" }, "geometry": { "type": "Point", "coordinates": [ -118.040914186376995, 34.171820607653302 ] } },
{ "type": "Feature", "properties": { "DAMAGE": "No Damage", "STRUCTURETYPE": "Single Family Residence Multi Story", "index_right": 6760, "score": 0.022, "d_ndvi": 0.018, "ssim": 0.954, "damage_class": "none" }, "geometry": { "type": "Point", "coordinates": [ -118.040871670013004, 34.171637256978897 ] } },
{ "type": "Feature", "properties": { "DAMAGE": "Affected (1-9%)", "STRUCTURETYPE": "Single Family Residence Multi Story", "index_right": 5171, "score": 0.035, "d_ndvi": -0.009, "ssim": 0.953, "damage_class": "none" }, "geometry": { "type": "Point", "coordinates": [ -118.077720999549001, 34.178412614159697 ] } },
{ "type": "Feature", "properties": { "DAMAGE": "No Damage", "STRUCTURETYPE": "Utility Misc Structure", "index_right": 5266, "score": 0.079, "d_ndvi": -0.012, "ssim": 0.887, "damage_class": "none" }, "geometry": { "type": "Point", "coordinates": [ -118.077939068278994, 34.178235954454799 ] } },
{ "type": "Feature", "properties": { "DAMAGE": "No Damage", "STRUCTURETYPE": "Single Family Residence Multi Story", "index_right": 4980, "score": 0.098, "d_ndvi": -0.056, "ssim": 0.919, "damage_class": "none" }, "geometry": { "type": "Point", "coordinates": [ -118.078609171954994, 34.179410174089497 ] } },
{ "type": "Feature", "properties": { "DAMAGE": "No Damage", "STRUCTURETYPE": "Single Family Residence Multi Story", "index_right": 4980, "score": 0.098, "d_ndvi": -0.056, "ssim": 0.919, "damage_class": "none" }, "geometry": { "type": "Point", "coordinates": [ -118.078599330013006, 34.179232361599297 ] } },
{ "type": "Feature", "properties": { "DAMAGE": "No Damage", "STRUCTURETYPE": "Single Family Residence Multi Story", "index_right": 4980, "score": 0.098, "d_ndvi": -0.056, "ssim": 0.919, "damage_class": "none" }, "geometry": { "type": "Point", "coordinates": [ -118.078398242136004, 34.179285645561201 ] } },
{ "type": "Feature", "properties": { "DAMAGE": "No Damage", "STRUCTURETYPE": "Single Family Residence Multi Story", "index_right": 4789, "score": 0.052, "d_ndvi": -0.016, "ssim": 0.929, "damage_class": "none" }, "geometry": { "type": "Point", "coordinates": [ -118.079028594462997, 34.180358506243699 ] } },
{ "type": "Feature", "properties": { "DAMAGE": "No Damage", "STRUCTURETYPE": "Single Family Residence Single Story", "index_right": 6856, "score": 0.02, "d_ndvi": 0.027, "ssim": 0.954, "damage_class": "none" }, "geometry": { "type": "Point", "coordinates": [ -118.040326659244002, 34.171299653280897 ] } },
{ "type": "Feature", "properties": { "DAMAGE": "No Damage", "STRUCTURETYPE": "Single Family Residence Single Story", "index_right": 6136, "score": 0.164, "d_ndvi": -0.068, "ssim": 0.833, "damage_class": "moderate" }, "geometry": { "type": "Point", "coordinates": [ -118.069817732171998, 34.174128360247998 ] } },
{ "type": "Feature", "properties": { "DAMAGE": "No Damage", "STRUCTURETYPE": "Utility Misc Structure", "index_right": 6972, "score": 0.042, "d_ndvi": -0.01, "ssim": 0.945, "damage_class": "none" }, "geometry": { "type": "Point", "coordinates": [ -118.079954018207005, 34.169874452531602 ] } },
{ "type": "Feature", "properties": { "DAMAGE": "Destroyed (>50%)", "STRUCTURETYPE": "Single Family Residence Single Story", "index_right": 6800, "score": 0.316, "d_ndvi": -0.081, "ssim": 0.659, "damage_class": "severe" }, "geometry": { "type": "Point", "coordinates": [ -118.070415817013, 34.171024183003198 ] } },
{ "type": "Feature", "properties": { "DAMAGE": "No Damage", "STRUCTURETYPE": "Utility Misc Structure", "index_right": 6646, "score": 0.057, "d_ndvi": -0.04, "ssim": 0.949, "damage_class": "none" }, "geometry": { "type": "Point", "coordinates": [ -118.051066592680002, 34.172098628485998 ] } },
{ "type": "Feature", "properties": { "DAMAGE": "No Damage", "STRUCTURETYPE": "Single Family Residence Multi Story", "index_right": 6741, "score": 0.075, "d_ndvi": -0.022, "ssim": 0.913, "damage_class": "none" }, "geometry": { "type": "Point", "coordinates": [ -118.051163806564006, 34.171502976948801 ] } },
{ "type": "Feature", "properties": { "DAMAGE": "No Damage", "STRUCTURETYPE": "Single Family Residence Multi Story", "index_right": 6836, "score": 0.038, "d_ndvi": -0.0, "ssim": 0.956, "damage_class": "none" }, "geometry": { "type": "Point", "coordinates": [ -118.051252933813004, 34.171290682647601 ] } },
{ "type": "Feature", "properties": { "DAMAGE": "No Damage", "STRUCTURETYPE": "Single Family Residence Multi Story", "index_right": 6547, "score": 0.08, "d_ndvi": -0.051, "ssim": 0.926, "damage_class": "none" }, "geometry": { "type": "Point", "coordinates": [ -118.053135726291998, 34.172321335538903 ] } },
{ "type": "Feature", "properties": { "DAMAGE": "No Damage", "STRUCTURETYPE": "Single Family Residence Multi Story", "index_right": 5554, "score": 0.04, "d_ndvi": -0.003, "ssim": 0.942, "damage_class": "none" }, "geometry": { "type": "Point", "coordinates": [ -118.076284518848993, 34.176724937810498 ] } },
{ "type": "Feature", "properties": { "DAMAGE": "No Damage", "STRUCTURETYPE": "Single Family Residence Single Story", "index_right": 6925, "score": 0.041, "d_ndvi": -0.017, "ssim": 0.947, "damage_class": "none" }, "geometry": { "type": "Point", "coordinates": [ -118.054419034353998, 34.170878532722597 ] } },
{ "type": "Feature", "properties": { "DAMAGE": "No Damage", "STRUCTURETYPE": "Utility Misc Structure", "index_right": 6830, "score": 0.096, "d_ndvi": 0.001, "ssim": 0.873, "damage_class": "none" }, "geometry": { "type": "Point", "coordinates": [ -118.054384923526001, 34.1710705548699 ] } },
{ "type": "Feature", "properties": { "DAMAGE": "No Damage", "STRUCTURETYPE": "Single Family Residence Single Story", "index_right": 6603, "score": 0.073, "d_ndvi": -0.007, "ssim": 0.894, "damage_class": "none" }, "geometry": { "type": "Point", "coordinates": [ -118.074037844002007, 34.171734451949803 ] } },
{ "type": "Feature", "properties": { "DAMAGE": "No Damage", "STRUCTURETYPE": "Single Family Residence Single Story", "index_right": 6697, "score": 0.072, "d_ndvi": -0.011, "ssim": 0.905, "damage_class": "none" }, "geometry": { "type": "Point", "coordinates": [ -118.074596074186999, 34.171380099359702 ] } },
{ "type": "Feature", "properties": { "DAMAGE": "No Damage", "STRUCTURETYPE": "Single Family Residence Single Story", "index_right": 6697, "score": 0.072, "d_ndvi": -0.011, "ssim": 0.905, "damage_class": "none" }, "geometry": { "type": "Point", "coordinates": [ -118.074731845559, 34.171227423172603 ] } },
{ "type": "Feature", "properties": { "DAMAGE": "No Damage", "STRUCTURETYPE": "Utility Misc Structure", "index_right": 6792, "score": 0.033, "d_ndvi": -0.013, "ssim": 0.952, "damage_class": "none" }, "geometry": { "type": "Point", "coordinates": [ -118.074667714830994, 34.1711606518735 ] } },
{ "type": "Feature", "properties": { "DAMAGE": "No Damage", "STRUCTURETYPE": "Single Family Residence Single Story", "index_right": 6791, "score": 0.047, "d_ndvi": 0.01, "ssim": 0.926, "damage_class": "none" }, "geometry": { "type": "Point", "coordinates": [ -118.074977613841, 34.170966105905499 ] } },
{ "type": "Feature", "properties": { "DAMAGE": "No Damage", "STRUCTURETYPE": "Single Family Residence Single Story", "index_right": 6791, "score": 0.047, "d_ndvi": 0.01, "ssim": 0.926, "damage_class": "none" }, "geometry": { "type": "Point", "coordinates": [ -118.075070564320001, 34.170829608477597 ] } },
{ "type": "Feature", "properties": { "DAMAGE": "No Damage", "STRUCTURETYPE": "Single Family Residence Single Story", "index_right": 6792, "score": 0.033, "d_ndvi": -0.013, "ssim": 0.952, "damage_class": "none" }, "geometry": { "type": "Point", "coordinates": [ -118.074840053924007, 34.171096859402503 ] } },
{ "type": "Feature", "properties": { "DAMAGE": "No Damage", "STRUCTURETYPE": "Utility Misc Structure", "index_right": 6886, "score": 0.087, "d_ndvi": -0.015, "ssim": 0.879, "damage_class": "none" }, "geometry": { "type": "Point", "coordinates": [ -118.075066610834995, 34.170665405167803 ] } },
{ "type": "Feature", "properties": { "DAMAGE": "No Damage", "STRUCTURETYPE": "Single Family Residence Single Story", "index_right": 6886, "score": 0.087, "d_ndvi": -0.015, "ssim": 0.879, "damage_class": "none" }, "geometry": { "type": "Point", "coordinates": [ -118.075198551791004, 34.170697717413603 ] } },
{ "type": "Feature", "properties": { "DAMAGE": "No Damage", "STRUCTURETYPE": "Single Family Residence Multi Story", "index_right": 7222, "score": 0.038, "d_ndvi": 0.026, "ssim": 0.913, "damage_class": "none" }, "geometry": { "type": "Point", "coordinates": [ -118.047934501458002, 34.169496667193698 ] } },
{ "type": "Feature", "properties": { "DAMAGE": "No Damage", "STRUCTURETYPE": "Single Family Residence Multi Story", "index_right": 7034, "score": 0.025, "d_ndvi": 0.029, "ssim": 0.935, "damage_class": "none" }, "geometry": { "type": "Point", "coordinates": [ -118.047008010515, 34.1705046754374 ] } },
{ "type": "Feature", "properties": { "DAMAGE": "No Damage", "STRUCTURETYPE": "Single Family Residence Multi Story", "index_right": 7033, "score": 0.022, "d_ndvi": 0.03, "ssim": 0.933, "damage_class": "none" }, "geometry": { "type": "Point", "coordinates": [ -118.047230732518003, 34.170314646117198 ] } },
{ "type": "Feature", "properties": { "DAMAGE": "No Damage", "STRUCTURETYPE": "Single Family Residence Single Story", "index_right": 6938, "score": 0.028, "d_ndvi": 0.03, "ssim": 0.912, "damage_class": "none" }, "geometry": { "type": "Point", "coordinates": [ -118.047348218682998, 34.170535095459101 ] } },
{ "type": "Feature", "properties": { "DAMAGE": "No Damage", "STRUCTURETYPE": "Utility Misc Structure", "index_right": 6938, "score": 0.028, "d_ndvi": 0.03, "ssim": 0.912, "damage_class": "none" }, "geometry": { "type": "Point", "coordinates": [ -118.047516464151997, 34.170525564165601 ] } },
{ "type": "Feature", "properties": { "DAMAGE": "No Damage", "STRUCTURETYPE": "Single Family Residence Multi Story", "index_right": 7127, "score": 0.014, "d_ndvi": 0.02, "ssim": 0.969, "damage_class": "none" }, "geometry": { "type": "Point", "coordinates": [ -118.047728747731995, 34.1700226345449 ] } },
{ "type": "Feature", "properties": { "DAMAGE": "No Damage", "STRUCTURETYPE": "Utility Misc Structure", "index_right": 7032, "score": 0.021, "d_ndvi": 0.051, "ssim": 0.942, "damage_class": "none" }, "geometry": { "type": "Point", "coordinates": [ -118.047902322905998, 34.170191468014799 ] } },
{ "type": "Feature", "properties": { "DAMAGE": "No Damage", "STRUCTURETYPE": "Single Family Residence Multi Story", "index_right": 7223, "score": 0.028, "d_ndvi": 0.035, "ssim": 0.927, "damage_class": "none" }, "geometry": { "type": "Point", "coordinates": [ -118.047546023216995, 34.169354521669597 ] } },
{ "type": "Feature", "properties": { "DAMAGE": "No Damage", "STRUCTURETYPE": "Single Family Residence Multi Story", "index_right": 6655, "score": 0.05, "d_ndvi": 0.005, "ssim": 0.914, "damage_class": "none" }, "geometry": { "type": "Point", "coordinates": [ -118.046267999942998, 34.172112000587703 ] } },
{ "type": "Feature", "properties": { "DAMAGE": "No Damage", "STRUCTURETYPE": "Single Family Residence Multi Story", "index_right": 6751, "score": 0.018, "d_ndvi": 0.048, "ssim": 0.939, "damage_class": "none" }, "geometry": { "type": "Point", "coordinates": [ -118.045892187947999, 34.171773546483301 ] } },
{ "type": "Feature", "properties": { "DAMAGE": "No Damage", "STRUCTURETYPE": "Single Family Residence Multi Story", "index_right": 6656, "score": 0.041, "d_ndvi": 0.033, "ssim": 0.912, "damage_class": "none" }, "geometry": { "type": "Point", "coordinates": [ -118.045910766006003, 34.1720616210796 ] } },
{ "type": "Feature", "properties": { "DAMAGE": "No Damage", "STRUCTURETYPE": "Single Family Residence Multi Story", "index_right": 6561, "score": 0.182, "d_ndvi": -0.078, "ssim": 0.832, "damage_class": "moderate" }, "geometry": { "type": "Point", "coordinates": [ -118.045587668948002, 34.172626889551097 ] } },
{ "type": "Feature", "properties": { "DAMAGE": "No Damage", "STRUCTURETYPE": "Single Family Residence Multi Story", "index_right": 5648, "score": 0.03, "d_ndvi": 0.005, "ssim": 0.964, "damage_class": "none" }, "geometry": { "type": "Point", "coordinates": [ -118.076786019525997, 34.176438971946403 ] } },
{ "type": "Feature", "properties": { "DAMAGE": "Affected (1-9%)", "STRUCTURETYPE": "Single Family Residence Single Story", "index_right": 6134, "score": 0.292, "d_ndvi": -0.112, "ssim": 0.729, "damage_class": "moderate" }, "geometry": { "type": "Point", "coordinates": [ -118.071133290651005, 34.174136812741303 ] } },
{ "type": "Feature", "properties": { "DAMAGE": "Destroyed (>50%)", "STRUCTURETYPE": "Single Family Residence Single Story", "index_right": 6134, "score": 0.292, "d_ndvi": -0.112, "ssim": 0.729, "damage_class": "moderate" }, "geometry": { "type": "Point", "coordinates": [ -118.070859174234002, 34.174109038349101 ] } },
{ "type": "Feature", "properties": { "DAMAGE": "No Damage", "STRUCTURETYPE": "Single Family Residence Single Story", "index_right": 6135, "score": 0.194, "d_ndvi": -0.059, "ssim": 0.794, "damage_class": "moderate" }, "geometry": { "type": "Point", "coordinates": [ -118.070361739332, 34.174111261281901 ] } },
{ "type": "Feature", "properties": { "DAMAGE": "Affected (1-9%)", "STRUCTURETYPE": "Single Family Residence Single Story", "index_right": 6136, "score": 0.164, "d_ndvi": -0.068, "ssim": 0.833, "damage_class": "moderate" }, "geometry": { "type": "Point", "coordinates": [ -118.070080696004993, 34.174129647482701 ] } },
{ "type": "Feature", "properties": { "DAMAGE": "No Damage", "STRUCTURETYPE": "Single Family Residence Multi Story", "index_right": 5970, "score": 0.182, "d_ndvi": -0.125, "ssim": 0.87, "damage_class": "moderate" }, "geometry": { "type": "Point", "coordinates": [ -118.056920641196996, 34.175211947673802 ] } },
{ "type": "Feature", "properties": { "DAMAGE": "Affected (1-9%)", "STRUCTURETYPE": "Single Family Residence Multi Story", "index_right": 5969, "score": 0.316, "d_ndvi": -0.171, "ssim": 0.763, "damage_class": "severe" }, "geometry": { "type": "Point", "coordinates": [ -118.057368883455993, 34.174982637489599 ] } },
{ "type": "Feature", "properties": { "DAMAGE": "No Damage", "STRUCTURETYPE": "Single Family Residence Single Story", "index_right": 6831, "score": 0.045, "d_ndvi": -0.007, "ssim": 0.924, "damage_class": "none" }, "geometry": { "type": "Point", "coordinates": [ -118.053972376722996, 34.171211689680398 ] } },
{ "type": "Feature", "properties": { "DAMAGE": "No Damage", "STRUCTURETYPE": "Single Family Residence Single Story", "index_right": 6831, "score": 0.045, "d_ndvi": -0.007, "ssim": 0.924, "damage_class": "none" }, "geometry": { "type": "Point", "coordinates": [ -118.053841178170998, 34.171137975593098 ] } },
{ "type": "Feature", "properties": { "DAMAGE": "No Damage", "STRUCTURETYPE": "Single Family Residence Single Story", "index_right": 6830, "score": 0.096, "d_ndvi": 0.001, "ssim": 0.873, "damage_class": "none" }, "geometry": { "type": "Point", "coordinates": [ -118.054265611985002, 34.1712203371928 ] } },
{ "type": "Feature", "properties": { "DAMAGE": "No Damage", "STRUCTURETYPE": "Utility Misc Structure", "index_right": 6801, "score": 0.136, "d_ndvi": -0.04, "ssim": 0.834, "damage_class": "none" }, "geometry": { "type": "Point", "coordinates": [ -118.069998906194996, 34.170968712430202 ] } },
{ "type": "Feature", "properties": { "DAMAGE": "No Damage", "STRUCTURETYPE": "Single Family Residence Single Story", "index_right": 6801, "score": 0.136, "d_ndvi": -0.04, "ssim": 0.834, "damage_class": "none" }, "geometry": { "type": "Point", "coordinates": [ -118.069895614309999, 34.1710046158694 ] } },
{ "type": "Feature", "properties": { "DAMAGE": "Destroyed (>50%)", "STRUCTURETYPE": "Single Family Residence Multi Story", "index_right": 6030, "score": 0.237, "d_ndvi": -0.143, "ssim": 0.827, "damage_class": "moderate" }, "geometry": { "type": "Point", "coordinates": [ -118.075705392952003, 34.1743819933914 ] } },
{ "type": "Feature", "properties": { "DAMAGE": "No Damage", "STRUCTURETYPE": "Single Family Residence Single Story", "index_right": 5995, "score": 0.053, "d_ndvi": 0.018, "ssim": 0.897, "damage_class": "none" }, "geometry": { "type": "Point", "coordinates": [ -118.043557741409003, 34.175264077759998 ] } },
{ "type": "Feature", "properties": { "DAMAGE": "No Damage", "STRUCTURETYPE": "Single Family Residence Single Story", "index_right": 5995, "score": 0.053, "d_ndvi": 0.018, "ssim": 0.897, "damage_class": "none" }, "geometry": { "type": "Point", "coordinates": [ -118.043707999911007, 34.175300500352698 ] } },
{ "type": "Feature", "properties": { "DAMAGE": "No Damage", "STRUCTURETYPE": "Utility Misc Structure", "index_right": 5995, "score": 0.053, "d_ndvi": 0.018, "ssim": 0.897, "damage_class": "none" }, "geometry": { "type": "Point", "coordinates": [ -118.043661589349995, 34.175370610529399 ] } },
{ "type": "Feature", "properties": { "DAMAGE": "No Damage", "STRUCTURETYPE": "Single Family Residence Single Story", "index_right": 6801, "score": 0.136, "d_ndvi": -0.04, "ssim": 0.834, "damage_class": "none" }, "geometry": { "type": "Point", "coordinates": [ -118.069853848937996, 34.170815486247399 ] } },
{ "type": "Feature", "properties": { "DAMAGE": "Affected (1-9%)", "STRUCTURETYPE": "Utility Misc Structure", "index_right": 6801, "score": 0.136, "d_ndvi": -0.04, "ssim": 0.834, "damage_class": "none" }, "geometry": { "type": "Point", "coordinates": [ -118.069994365211002, 34.170864334690499 ] } },
{ "type": "Feature", "properties": { "DAMAGE": "No Damage", "STRUCTURETYPE": "Single Family Residence Single Story", "index_right": 6886, "score": 0.087, "d_ndvi": -0.015, "ssim": 0.879, "damage_class": "none" }, "geometry": { "type": "Point", "coordinates": [ -118.075293951077001, 34.170548525781101 ] } },
{ "type": "Feature", "properties": { "DAMAGE": "No Damage", "STRUCTURETYPE": "Utility Misc Structure", "index_right": 6886, "score": 0.087, "d_ndvi": -0.015, "ssim": 0.879, "damage_class": "none" }, "geometry": { "type": "Point", "coordinates": [ -118.075242874666998, 34.170474285134297 ] } },
{ "type": "Feature", "properties": { "DAMAGE": "No Damage", "STRUCTURETYPE": "Single Family Residence Multi Story", "index_right": 5743, "score": 0.045, "d_ndvi": -0.023, "ssim": 0.949, "damage_class": "none" }, "geometry": { "type": "Point", "coordinates": [ -118.076698926961001, 34.175986360374701 ] } },
{ "type": "Feature", "properties": { "DAMAGE": "No Damage", "STRUCTURETYPE": "Single Family Residence Single Story", "index_right": 6137, "score": 0.12, "d_ndvi": -0.024, "ssim": 0.853, "damage_class": "none" }, "geometry": { "type": "Point", "coordinates": [ -118.069587601761995, 34.174113793388798 ] } },
{ "type": "Feature", "properties": { "DAMAGE": "Destroyed (>50%)", "STRUCTURETYPE": "Single Family Residence Multi Story", "index_right": 6040, "score": 0.307, "d_ndvi": -0.124, "ssim": 0.723, "damage_class": "severe" }, "geometry": { "type": "Point", "coordinates": [ -118.070251550181993, 34.174476416766403 ] } },
{ "type": "Feature", "properties": { "DAMAGE": "No Damage", "STRUCTURETYPE": "Single Family Residence Single Story", "index_right": 6040, "score": 0.307, "d_ndvi": -0.124, "ssim": 0.723, "damage_class": "severe" }, "geometry": { "type": "Point", "coordinates": [ -118.070587992612005, 34.1744956107501 ] } },
{ "type": "Feature", "properties": { "DAMAGE": "No Damage", "STRUCTURETYPE": "Single Family Residence Multi Story", "index_right": 5552, "score": 0.043, "d_ndvi": -0.016, "ssim": 0.96, "damage_class": "none" }, "geometry": { "type": "Point", "coordinates": [ -118.077569634322003, 34.176559093126102 ] } },
{ "type": "Feature", "properties": { "DAMAGE": "No Damage", "STRUCTURETYPE": "Single Family Residence Multi Story", "index_right": 4503, "score": 0.059, "d_ndvi": -0.011, "ssim": 0.912, "damage_class": "none" }, "geometry": { "type": "Point", "coordinates": [ -118.079559883274996, 34.181690402777903 ] } },
{ "type": "Feature", "properties": { "DAMAGE": "No Damage", "STRUCTURETYPE": "Single Family Residence Multi Story", "index_right": 4598, "score": 0.062, "d_ndvi": -0.033, "ssim": 0.934, "damage_class": "none" }, "geometry": { "type": "Point", "coordinates": [ -118.079664676243993, 34.181295763812898 ] } },
{ "type": "Feature", "properties": { "DAMAGE": "No Damage", "STRUCTURETYPE": "Single Family Residence Multi Story", "index_right": 4693, "score": 0.042, "d_ndvi": -0.014, "ssim": 0.941, "damage_class": "none" }, "geometry": { "type": "Point", "coordinates": [ -118.079470114627995, 34.180732116995898 ] } },
{ "type": "Feature", "properties": { "DAMAGE": "No Damage", "STRUCTURETYPE": "Single Family Residence Multi Story", "index_right": 5647, "score": 0.033, "d_ndvi": -0.003, "ssim": 0.954, "damage_class": "none" }, "geometry": { "type": "Point", "coordinates": [ -118.077400398009999, 34.176322429044497 ] } },
{ "type": "Feature", "properties": { "DAMAGE": "No Damage", "STRUCTURETYPE": "Single Family Residence Multi Story", "index_right": 6836, "score": 0.038, "d_ndvi": -0.0, "ssim": 0.956, "damage_class": "none" }, "geometry": { "type": "Point", "coordinates": [ -118.051362822925, 34.170942586234098 ] } },
{ "type": "Feature", "properties": { "DAMAGE": "No Damage", "STRUCTURETYPE": "Single Family Residence Multi Story", "index_right": 5935, "score": 0.147, "d_ndvi": -0.08, "ssim": 0.896, "damage_class": "none" }, "geometry": { "type": "Point", "coordinates": [ -118.075537932643996, 34.174850985007197 ] } },
{ "type": "Feature", "properties": { "DAMAGE": "No Damage", "STRUCTURETYPE": "Single Family Residence Single Story", "index_right": 5835, "score": 0.133, "d_ndvi": -0.043, "ssim": 0.863, "damage_class": "none" }, "geometry": { "type": "Point", "coordinates": [ -118.078326027469004, 34.175463573905802 ] } },
{ "type": "Feature", "properties": { "DAMAGE": "No Damage", "STRUCTURETYPE": "Single Family Residence Single Story", "index_right": 5835, "score": 0.133, "d_ndvi": -0.043, "ssim": 0.863, "damage_class": "none" }, "geometry": { "type": "Point", "coordinates": [ -118.078234887094993, 34.175290986691003 ] } },
{ "type": "Feature", "properties": { "DAMAGE": "No Damage", "STRUCTURETYPE": "Single Family Residence Single Story", "index_right": 5931, "score": 0.086, "d_ndvi": -0.046, "ssim": 0.911, "damage_class": "none" }, "geometry": { "type": "Point", "coordinates": [ -118.078188815198999, 34.175132455231797 ] } },
{ "type": "Feature", "properties": { "DAMAGE": "No Damage", "STRUCTURETYPE": "Utility Misc Structure", "index_right": 5836, "score": 0.11, "d_ndvi": -0.033, "ssim": 0.877, "damage_class": "none" }, "geometry": { "type": "Point", "coordinates": [ -118.078018157752993, 34.175190765799201 ] } },
{ "type": "Feature", "properties": { "DAMAGE": "No Damage", "STRUCTURETYPE": "Single Family Residence Multi Story", "index_right": 6836, "score": 0.038, "d_ndvi": -0.0, "ssim": 0.956, "damage_class": "none" }, "geometry": { "type": "Point", "coordinates": [ -118.051347030542004, 34.171145750790203 ] } },
{ "type": "Feature", "properties": { "DAMAGE": "No Damage", "STRUCTURETYPE": "Single Family Residence Multi Story", "index_right": 6930, "score": 0.045, "d_ndvi": -0.02, "ssim": 0.951, "damage_class": "none" }, "geometry": { "type": "Point", "coordinates": [ -118.051743643028004, 34.170871593130897 ] } },
{ "type": "Feature", "properties": { "DAMAGE": "No Damage", "STRUCTURETYPE": "Single Family Residence Single Story", "index_right": 6159, "score": 0.09, "d_ndvi": -0.061, "ssim": 0.93, "damage_class": "none" }, "geometry": { "type": "Point", "coordinates": [ -118.05740510263, 34.174404956930402 ] } },
{ "type": "Feature", "properties": { "DAMAGE": "No Damage", "STRUCTURETYPE": "Single Family Residence Multi Story", "index_right": 5647, "score": 0.033, "d_ndvi": -0.003, "ssim": 0.954, "damage_class": "none" }, "geometry": { "type": "Point", "coordinates": [ -118.077455274295005, 34.176056351814303 ] } },
{ "type": "Feature", "properties": { "DAMAGE": "No Damage", "STRUCTURETYPE": "Single Family Residence Multi Story", "index_right": 6830, "score": 0.096, "d_ndvi": 0.001, "ssim": 0.873, "damage_class": "none" }, "geometry": { "type": "Point", "coordinates": [ -118.054486263371004, 34.171281768322103 ] } },
{ "type": "Feature", "properties": { "DAMAGE": "No Damage", "STRUCTURETYPE": "Utility Misc Structure", "index_right": 6830, "score": 0.096, "d_ndvi": 0.001, "ssim": 0.873, "damage_class": "none" }, "geometry": { "type": "Point", "coordinates": [ -118.054419537409998, 34.171184416751103 ] } },
{ "type": "Feature", "properties": { "DAMAGE": "No Damage", "STRUCTURETYPE": "Single Family Residence Single Story", "index_right": 6039, "score": 0.081, "d_ndvi": -0.019, "ssim": 0.891, "damage_class": "none" }, "geometry": { "type": "Point", "coordinates": [ -118.070838778883001, 34.174554624827898 ] } },
{ "type": "Feature", "properties": { "DAMAGE": "No Damage", "STRUCTURETYPE": "Single Family Residence Single Story", "index_right": 6896, "score": 0.086, "d_ndvi": -0.024, "ssim": 0.894, "damage_class": "none" }, "geometry": { "type": "Point", "coordinates": [ -118.069885944844998, 34.1706730240955 ] } },
{ "type": "Feature", "properties": { "DAMAGE": "No Damage", "STRUCTURETYPE": "Mobile Home Single Wide", "index_right": 5930, "score": 0.074, "d_ndvi": -0.038, "ssim": 0.924, "damage_class": "none" }, "geometry": { "type": "Point", "coordinates": [ -118.078440029966998, 34.174917079091301 ] } },
{ "type": "Feature", "properties": { "DAMAGE": "No Damage", "STRUCTURETYPE": "Single Family Residence Multi Story", "index_right": 5930, "score": 0.074, "d_ndvi": -0.038, "ssim": 0.924, "damage_class": "none" }, "geometry": { "type": "Point", "coordinates": [ -118.078396990783006, 34.1747930611999 ] } },
{ "type": "Feature", "properties": { "DAMAGE": "No Damage", "STRUCTURETYPE": "Single Family Residence Single Story", "index_right": 6025, "score": 0.107, "d_ndvi": -0.028, "ssim": 0.867, "damage_class": "none" }, "geometry": { "type": "Point", "coordinates": [ -118.078221883981996, 34.174546529857302 ] } },
{ "type": "Feature", "properties": { "DAMAGE": "No Damage", "STRUCTURETYPE": "Single Family Residence Multi Story", "index_right": 5931, "score": 0.086, "d_ndvi": -0.046, "ssim": 0.911, "damage_class": "none" }, "geometry": { "type": "Point", "coordinates": [ -118.078095255662006, 34.174899448153496 ] } },
{ "type": "Feature", "properties": { "DAMAGE": "No Damage", "STRUCTURETYPE": "Single Family Residence Single Story", "index_right": 6257, "score": 0.08, "d_ndvi": -0.028, "ssim": 0.893, "damage_class": "none" }, "geometry": { "type": "Point", "coordinates": [ -118.056190991793997, 34.173589132087201 ] } },
{ "type": "Feature", "properties": { "DAMAGE": "No Damage", "STRUCTURETYPE": "Single Family Residence Single Story", "index_right": 6734, "score": 0.093, "d_ndvi": 0.022, "ssim": 0.855, "damage_class": "none" }, "geometry": { "type": "Point", "coordinates": [ -118.054862105910004, 34.171738103429497 ] } },
{ "type": "Feature", "properties": { "DAMAGE": "No Damage", "STRUCTURETYPE": "Single Family Residence Multi Story", "index_right": 5746, "score": 0.146, "d_ndvi": -0.094, "ssim": 0.896, "damage_class": "none" }, "geometry": { "type": "Point", "coordinates": [ -118.075370879204996, 34.1758060621232 ] } },
{ "type": "Feature", "properties": { "DAMAGE": "No Damage", "STRUCTURETYPE": "Single Family Residence Single Story", "index_right": 6793, "score": 0.037, "d_ndvi": -0.005, "ssim": 0.938, "damage_class": "none" }, "geometry": { "type": "Point", "coordinates": [ -118.074130986719993, 34.1709603688752 ] } },
{ "type": "Feature", "properties": { "DAMAGE": "No Damage", "STRUCTURETYPE": "Single Family Residence Single Story", "index_right": 6793, "score": 0.037, "d_ndvi": -0.005, "ssim": 0.938, "damage_class": "none" }, "geometry": { "type": "Point", "coordinates": [ -118.074286107803999, 34.170838589742097 ] } },
{ "type": "Feature", "properties": { "DAMAGE": "No Damage", "STRUCTURETYPE": "Single Family Residence Single Story", "index_right": 6793, "score": 0.037, "d_ndvi": -0.005, "ssim": 0.938, "damage_class": "none" }, "geometry": { "type": "Point", "coordinates": [ -118.074036954670007, 34.171105363482603 ] } },
{ "type": "Feature", "properties": { "DAMAGE": "No Damage", "STRUCTURETYPE": "Single Family Residence Single Story", "index_right": 6351, "score": 0.03, "d_ndvi": 0.004, "ssim": 0.947, "damage_class": "none" }, "geometry": { "type": "Point", "coordinates": [ -118.056335940354998, 34.173176391382 ] } },
{ "type": "Feature", "properties": { "DAMAGE": "No Damage", "STRUCTURETYPE": "Single Family Residence Multi Story", "index_right": 6476, "score": 0.1, "d_ndvi": -0.037, "ssim": 0.901, "damage_class": "none" }, "geometry": { "type": "Point", "coordinates": [ -118.040573184997001, 34.173176160242001 ] } },
{ "type": "Feature", "properties": { "DAMAGE": "No Damage", "STRUCTURETYPE": "Single Family Residence Multi Story", "index_right": 6476, "score": 0.1, "d_ndvi": -0.037, "ssim": 0.901, "damage_class": "none" }, "geometry": { "type": "Point", "coordinates": [ -118.040509866346, 34.172979243597901 ] } },
{ "type": "Feature", "properties": { "DAMAGE": "No Damage", "STRUCTURETYPE": "Single Family Residence Multi Story", "index_right": 5841, "score": 0.081, "d_ndvi": -0.059, "ssim": 0.953, "damage_class": "none" }, "geometry": { "type": "Point", "coordinates": [ -118.075475685648996, 34.175353307435898 ] } },
{ "type": "Feature", "properties": { "DAMAGE": "No Damage", "STRUCTURETYPE": "Utility Misc Structure", "index_right": 5742, "score": 0.035, "d_ndvi": -0.005, "ssim": 0.941, "damage_class": "none" }, "geometry": { "type": "Point", "coordinates": [ -118.077582377821997, 34.175840291322501 ] } },
{ "type": "Feature", "properties": { "DAMAGE": "No Damage", "STRUCTURETYPE": "Single Family Residence Single Story", "index_right": 6039, "score": 0.081, "d_ndvi": -0.019, "ssim": 0.891, "damage_class": "none" }, "geometry": { "type": "Point", "coordinates": [ -118.071189889904005, 34.174506376799798 ] } },
{ "type": "Feature", "properties": { "DAMAGE": "No Damage", "STRUCTURETYPE": "Single Family Residence Single Story", "index_right": 6991, "score": 0.122, "d_ndvi": -0.011, "ssim": 0.834, "damage_class": "none" }, "geometry": { "type": "Point", "coordinates": [ -118.069860287164005, 34.170164778943899 ] } },
{ "type": "Feature", "properties": { "DAMAGE": "No Damage", "STRUCTURETYPE": "Single Family Residence Multi Story", "index_right": 6802, "score": 0.075, "d_ndvi": -0.025, "ssim": 0.893, "damage_class": "none" }, "geometry": { "type": "Point", "coordinates": [ -118.069503575146996, 34.171042602578801 ] } },
{ "type": "Feature", "properties": { "DAMAGE": "No Damage", "STRUCTURETYPE": "Single Family Residence Multi Story", "index_right": 6897, "score": 0.073, "d_ndvi": -0.015, "ssim": 0.889, "damage_class": "none" }, "geometry": { "type": "Point", "coordinates": [ -118.069511501880996, 34.1706797273539 ] } },
{ "type": "Feature", "properties": { "DAMAGE": "No Damage", "STRUCTURETYPE": "Single Family Residence Single Story", "index_right": 6897, "score": 0.073, "d_ndvi": -0.015, "ssim": 0.889, "damage_class": "none" }, "geometry": { "type": "Point", "coordinates": [ -118.069520647629005, 34.170359212299999 ] } },
{ "type": "Feature", "properties": { "DAMAGE": "No Damage", "STRUCTURETYPE": "Single Family Residence Single Story", "index_right": 6992, "score": 0.088, "d_ndvi": -0.019, "ssim": 0.869, "damage_class": "none" }, "geometry": { "type": "Point", "coordinates": [ -118.069547606968996, 34.1701841775565 ] } },
{ "type": "Feature", "properties": { "DAMAGE": "No Damage", "STRUCTURETYPE": "Single Family Residence Single Story", "index_right": 7087, "score": 0.139, "d_ndvi": -0.037, "ssim": 0.825, "damage_class": "none" }, "geometry": { "type": "Point", "coordinates": [ -118.069522594278993, 34.169689490731301 ] } },
{ "type": "Feature", "properties": { "DAMAGE": "No Damage", "STRUCTURETYPE": "Single Family Residence Single Story", "index_right": 7182, "score": 0.118, "d_ndvi": -0.037, "ssim": 0.851, "damage_class": "none" }, "geometry": { "type": "Point", "coordinates": [ -118.069502122572004, 34.169373063502398 ] } },
{ "type": "Feature", "properties": { "DAMAGE": "No Damage", "STRUCTURETYPE": "Single Family Residence Single Story", "index_right": 6802, "score": 0.075, "d_ndvi": -0.025, "ssim": 0.893, "damage_class": "none" }, "geometry": { "type": "Point", "coordinates": [ -118.069460766831, 34.170843597666199 ] } },
{ "type": "Feature", "properties": { "DAMAGE": "No Damage", "STRUCTURETYPE": "Single Family Residence Single Story", "index_right": 6897, "score": 0.073, "d_ndvi": -0.015, "ssim": 0.889, "damage_class": "none" }, "geometry": { "type": "Point", "coordinates": [ -118.069450650901999, 34.170527876381399 ] } },
{ "type": "Feature", "properties": { "DAMAGE": "No Damage", "STRUCTURETYPE": "Single Family Residence Single Story", "index_right": 6992, "score": 0.088, "d_ndvi": -0.019, "ssim": 0.869, "damage_class": "none" }, "geometry": { "type": "Point", "coordinates": [ -118.069487468353998, 34.170015116639597 ] } },
{ "type": "Feature", "properties": { "DAMAGE": "No Damage", "STRUCTURETYPE": "Single Family Residence Single Story", "index_right": 7087, "score": 0.139, "d_ndvi": -0.037, "ssim": 0.825, "damage_class": "none" }, "geometry": { "type": "Point", "coordinates": [ -118.069471648123994, 34.1698393067214 ] } },
{ "type": "Feature", "properties": { "DAMAGE": "No Damage", "STRUCTURETYPE": "Single Family Residence Single Story", "index_right": 7087, "score": 0.139, "d_ndvi": -0.037, "ssim": 0.825, "damage_class": "none" }, "geometry": { "type": "Point", "coordinates": [ -118.069445847610993, 34.1695251268916 ] } },
{ "type": "Feature", "properties": { "DAMAGE": "No Damage", "STRUCTURETYPE": "Single Family Residence Multi Story", "index_right": 5742, "score": 0.035, "d_ndvi": -0.005, "ssim": 0.941, "damage_class": "none" }, "geometry": { "type": "Point", "coordinates": [ -118.077312390062005, 34.175694395181502 ] } },
{ "type": "Feature", "properties": { "DAMAGE": "No Damage", "STRUCTURETYPE": "Single Family Residence Single Story", "index_right": 6735, "score": 0.136, "d_ndvi": -0.041, "ssim": 0.855, "damage_class": "none" }, "geometry": { "type": "Point", "coordinates": [ -118.054609023544998, 34.1717714186221 ] } },
{ "type": "Feature", "properties": { "DAMAGE": "No Damage", "STRUCTURETYPE": "Single Family Residence Multi Story", "index_right": 6939, "score": 0.035, "d_ndvi": 0.021, "ssim": 0.916, "damage_class": "none" }, "geometry": { "type": "Point", "coordinates": [ -118.046814412790994, 34.170830226850001 ] } },
{ "type": "Feature", "properties": { "DAMAGE": "Destroyed (>50%)", "STRUCTURETYPE": "Single Family Residence Multi Story", "index_right": 6844, "score": 0.211, "d_ndvi": -0.059, "ssim": 0.772, "damage_class": "moderate" }, "geometry": { "type": "Point", "coordinates": [ -118.046632044907, 34.171143748519697 ] } },
{ "type": "Feature", "properties": { "DAMAGE": "Destroyed (>50%)", "STRUCTURETYPE": "Single Family Residence Single Story", "index_right": 6844, "score": 0.211, "d_ndvi": -0.059, "ssim": 0.772, "damage_class": "moderate" }, "geometry": { "type": "Point", "coordinates": [ -118.046765550727997, 34.1714075937087 ] } },
{ "type": "Feature", "properties": { "DAMAGE": "No Damage", "STRUCTURETYPE": "Single Family Residence Single Story", "index_right": 6896, "score": 0.086, "d_ndvi": -0.024, "ssim": 0.894, "damage_class": "none" }, "geometry": { "type": "Point", "coordinates": [ -118.069870498312994, 34.170505828201001 ] } },
{ "type": "Feature", "properties": { "DAMAGE": "No Damage", "STRUCTURETYPE": "Multi Family Residence Multi Story", "index_right": 6376, "score": 0.049, "d_ndvi": 0.026, "ssim": 0.923, "damage_class": "none" }, "geometry": { "type": "Point", "coordinates": [ -118.043368407987998, 34.173294824906897 ] } },
{ "type": "Feature", "properties": { "DAMAGE": "No Damage", "STRUCTURETYPE": "Single Family Residence Multi Story", "index_right": 6185, "score": 0.038, "d_ndvi": 0.031, "ssim": 0.919, "damage_class": "none" }, "geometry": { "type": "Point", "coordinates": [ -118.043453676075004, 34.174365870304698 ] } },
{ "type": "Feature", "properties": { "DAMAGE": "No Damage", "STRUCTURETYPE": "Single Family Residence Multi Story", "index_right": 6186, "score": 0.107, "d_ndvi": 0.02, "ssim": 0.859, "damage_class": "none" }, "geometry": { "type": "Point", "coordinates": [ -118.043425863495997, 34.174413422545101 ] } },
{ "type": "Feature", "properties": { "DAMAGE": "No Damage", "STRUCTURETYPE": "Utility Misc Structure", "index_right": 6186, "score": 0.107, "d_ndvi": 0.02, "ssim": 0.859, "damage_class": "none" }, "geometry": { "type": "Point", "coordinates": [ -118.043427062586005, 34.174482621033 ] } },
{ "type": "Feature", "properties": { "DAMAGE": "No Damage", "STRUCTURETYPE": "Single Family Residence Multi Story", "index_right": 6090, "score": 0.146, "d_ndvi": -0.005, "ssim": 0.807, "damage_class": "none" }, "geometry": { "type": "Point", "coordinates": [ -118.043512499556002, 34.174952500000501 ] } },
{ "type": "Feature", "properties": { "DAMAGE": "No Damage", "STRUCTURETYPE": "Single Family Residence Multi Story", "index_right": 5996, "score": 0.092, "d_ndvi": 0.07, "ssim": 0.85, "damage_class": "none" }, "geometry": { "type": "Point", "coordinates": [ -118.043403684829002, 34.175111376641702 ] } },
{ "type": "Feature", "properties": { "DAMAGE": "No Damage", "STRUCTURETYPE": "Utility Misc Structure", "index_right": 5996, "score": 0.092, "d_ndvi": 0.07, "ssim": 0.85, "damage_class": "none" }, "geometry": { "type": "Point", "coordinates": [ -118.043327362135003, 34.175237555638503 ] } },
{ "type": "Feature", "properties": { "DAMAGE": "No Damage", "STRUCTURETYPE": "Single Family Residence Single Story", "index_right": 6280, "score": 0.018, "d_ndvi": 0.043, "ssim": 0.944, "damage_class": "none" }, "geometry": { "type": "Point", "coordinates": [ -118.043499811751005, 34.173929019249101 ] } },
{ "type": "Feature", "properties": { "DAMAGE": "No Damage", "STRUCTURETYPE": "Single Family Residence Multi Story", "index_right": 6280, "score": 0.018, "d_ndvi": 0.043, "ssim": 0.944, "damage_class": "none" }, "geometry": { "type": "Point", "coordinates": [ -118.043470200583997, 34.173980241927197 ] } },
{ "type": "Feature", "properties": { "DAMAGE": "No Damage", "STRUCTURETYPE": "Single Family Residence Single Story", "index_right": 6280, "score": 0.018, "d_ndvi": 0.043, "ssim": 0.944, "damage_class": "none" }, "geometry": { "type": "Point", "coordinates": [ -118.043476999933006, 34.17406399998 ] } },
{ "type": "Feature", "properties": { "DAMAGE": "No Damage", "STRUCTURETYPE": "Single Family Residence Multi Story", "index_right": 6185, "score": 0.038, "d_ndvi": 0.031, "ssim": 0.919, "damage_class": "none" }, "geometry": { "type": "Point", "coordinates": [ -118.043729278304994, 34.174458399270399 ] } },
{ "type": "Feature", "properties": { "DAMAGE": "No Damage", "STRUCTURETYPE": "Single Family Residence Multi Story", "index_right": 6090, "score": 0.146, "d_ndvi": -0.005, "ssim": 0.807, "damage_class": "none" }, "geometry": { "type": "Point", "coordinates": [ -118.043731611230001, 34.174582898505903 ] } },
{ "type": "Feature", "properties": { "DAMAGE": "No Damage", "STRUCTURETYPE": "Single Family Residence Single Story", "index_right": 6090, "score": 0.146, "d_ndvi": -0.005, "ssim": 0.807, "damage_class": "none" }, "geometry": { "type": "Point", "coordinates": [ -118.043726729785007, 34.174688255646402 ] } },
{ "type": "Feature", "properties": { "DAMAGE": "Affected (1-9%)", "STRUCTURETYPE": "Single Family Residence Single Story", "index_right": 6636, "score": 0.067, "d_ndvi": -0.012, "ssim": 0.914, "damage_class": "none" }, "geometry": { "type": "Point", "coordinates": [ -118.056361413882001, 34.172103918017598 ] } },
{ "type": "Feature", "properties": { "DAMAGE": "No Damage", "STRUCTURETYPE": "Single Family Residence Single Story", "index_right": 7086, "score": 0.078, "d_ndvi": -0.006, "ssim": 0.891, "damage_class": "none" }, "geometry": { "type": "Point", "coordinates": [ -118.069884565931005, 34.169854043778301 ] } },
{ "type": "Feature", "properties": { "DAMAGE": "No Damage", "STRUCTURETYPE": "Single Family Residence Single Story", "index_right": 6829, "score": 0.064, "d_ndvi": 0.012, "ssim": 0.899, "damage_class": "none" }, "geometry": { "type": "Point", "coordinates": [ -118.054812046392001, 34.171307526513502 ] } },
{ "type": "Feature", "properties": { "DAMAGE": "No Damage", "STRUCTURETYPE": "Single Family Residence Single Story", "index_right": 6570, "score": 0.02, "d_ndvi": 0.027, "ssim": 0.948, "damage_class": "none" }, "geometry": { "type": "Point", "coordinates": [ -118.041039694497002, 34.172575230524203 ] } },
{ "type": "Feature", "properties": { "DAMAGE": "No Damage", "STRUCTURETYPE": "Single Family Residence Single Story", "index_right": 6570, "score": 0.02, "d_ndvi": 0.027, "ssim": 0.948, "damage_class": "none" }, "geometry": { "type": "Point", "coordinates": [ -118.041099567211006, 34.172455415826803 ] } },
{ "type": "Feature", "properties": { "DAMAGE": "No Damage", "STRUCTURETYPE": "Single Family Residence Single Story", "index_right": 6665, "score": 0.025, "d_ndvi": 0.02, "ssim": 0.953, "damage_class": "none" }, "geometry": { "type": "Point", "coordinates": [ -118.041245486850002, 34.172211484884798 ] } },
{ "type": "Feature", "properties": { "DAMAGE": "No Damage", "STRUCTURETYPE": "Single Family Residence Single Story", "index_right": 6665, "score": 0.025, "d_ndvi": 0.02, "ssim": 0.953, "damage_class": "none" }, "geometry": { "type": "Point", "coordinates": [ -118.041234190135995, 34.172043254431799 ] } },
{ "type": "Feature", "properties": { "DAMAGE": "No Damage", "STRUCTURETYPE": "Utility Misc Structure", "index_right": 6664, "score": 0.044, "d_ndvi": 0.031, "ssim": 0.916, "damage_class": "none" }, "geometry": { "type": "Point", "coordinates": [ -118.041442446069993, 34.172068512263799 ] } },
{ "type": "Feature", "properties": { "DAMAGE": "No Damage", "STRUCTURETYPE": "Single Family Residence Multi Story", "index_right": 5838, "score": 0.08, "d_ndvi": -0.029, "ssim": 0.893, "damage_class": "none" }, "geometry": { "type": "Point", "coordinates": [ -118.076779111481997, 34.175570434915301 ] } },
{ "type": "Feature", "properties": { "DAMAGE": "No Damage", "STRUCTURETYPE": "Single Family Residence Multi Story", "index_right": 5838, "score": 0.08, "d_ndvi": -0.029, "ssim": 0.893, "damage_class": "none" }, "geometry": { "type": "Point", "coordinates": [ -118.076804611059003, 34.175216065731 ] } },
{ "type": "Feature", "properties": { "DAMAGE": "No Damage", "STRUCTURETYPE": "Single Family Residence Multi Story", "index_right": 5933, "score": 0.056, "d_ndvi": -0.032, "ssim": 0.943, "damage_class": "none" }, "geometry": { "type": "Point", "coordinates": [ -118.076993772902, 34.174830713250202 ] } },
{ "type": "Feature", "properties": { "DAMAGE": "No Damage", "STRUCTURETYPE": "Single Family Residence Multi Story", "index_right": 5932, "score": 0.065, "d_ndvi": -0.001, "ssim": 0.908, "damage_class": "none" }, "geometry": { "type": "Point", "coordinates": [ -118.077532974074998, 34.1749638969684 ] } },
{ "type": "Feature", "properties": { "DAMAGE": "No Damage", "STRUCTURETYPE": "Utility Misc Structure", "index_right": 6541, "score": 0.052, "d_ndvi": 0.015, "ssim": 0.914, "damage_class": "none" }, "geometry": { "type": "Point", "coordinates": [ -118.056397026693006, 34.172247048141998 ] } },
{ "type": "Feature", "properties": { "DAMAGE": "No Damage", "STRUCTURETYPE": "Single Family Residence Single Story", "index_right": 6896, "score": 0.086, "d_ndvi": -0.024, "ssim": 0.894, "damage_class": "none" }, "geometry": { "type": "Point", "coordinates": [ -118.069910827279998, 34.1703544354949 ] } },
{ "type": "Feature", "properties": { "DAMAGE": "No Damage", "STRUCTURETYPE": "Utility Misc Structure", "index_right": 6829, "score": 0.064, "d_ndvi": 0.012, "ssim": 0.899, "damage_class": "none" }, "geometry": { "type": "Point", "coordinates": [ -118.054916146761002, 34.171186048147398 ] } },
{ "type": "Feature", "properties": { "DAMAGE": "No Damage", "STRUCTURETYPE": "Single Family Residence Multi Story", "index_right": 5552, "score": 0.043, "d_ndvi": -0.016, "ssim": 0.96, "damage_class": "none" }, "geometry": { "type": "Point", "coordinates": [ -118.077297740335993, 34.176844874273797 ] } },
{ "type": "Feature", "properties": { "DAMAGE": "No Damage", "STRUCTURETYPE": "Utility Misc Structure", "index_right": 5552, "score": 0.043, "d_ndvi": -0.016, "ssim": 0.96, "damage_class": "none" }, "geometry": { "type": "Point", "coordinates": [ -118.077213160358994, 34.176719149891902 ] } },
{ "type": "Feature", "properties": { "DAMAGE": "Affected (1-9%)", "STRUCTURETYPE": "Single Family Residence Multi Story", "index_right": 6123, "score": 0.113, "d_ndvi": -0.066, "ssim": 0.914, "damage_class": "none" }, "geometry": { "type": "Point", "coordinates": [ -118.076812243145994, 34.174096553210198 ] } },
{ "type": "Feature", "properties": { "DAMAGE": "No Damage", "STRUCTURETYPE": "Single Family Residence Multi Story", "index_right": 6122, "score": 0.127, "d_ndvi": -0.065, "ssim": 0.883, "damage_class": "none" }, "geometry": { "type": "Point", "coordinates": [ -118.077353090930998, 34.174063037526203 ] } },
{ "type": "Feature", "properties": { "DAMAGE": "No Damage", "STRUCTURETYPE": "Single Family Residence Multi Story", "index_right": 6027, "score": 0.061, "d_ndvi": -0.017, "ssim": 0.943, "damage_class": "none" }, "geometry": { "type": "Point", "coordinates": [ -118.077539666524004, 34.174453314267602 ] } },
{ "type": "Feature", "properties": { "DAMAGE": "Affected (1-9%)", "STRUCTURETYPE": "Single Family Residence Multi Story", "index_right": 6028, "score": 0.043, "d_ndvi": -0.023, "ssim": 0.965, "damage_class": "none" }, "geometry": { "type": "Point", "coordinates": [ -118.076899179403995, 34.174546445875301 ] } },
{ "type": "Feature", "properties": { "DAMAGE": "Affected (1-9%)", "STRUCTURETYPE": "Single Family Residence Single Story", "index_right": 7278, "score": 0.132, "d_ndvi": 0.01, "ssim": 0.811, "damage_class": "none" }, "geometry": { "type": "Point", "coordinates": [ -118.068896941937993, 34.168867582114899 ] } },
{ "type": "Feature", "properties": { "DAMAGE": "Destroyed (>50%)", "STRUCTURETYPE": "Single Family Residence Single Story", "index_right": 6637, "score": 0.123, "d_ndvi": -0.027, "ssim": 0.855, "damage_class": "none" }, "geometry": { "type": "Point", "coordinates": [ -118.056145880196993, 34.172129735416 ] } },
{ "type": "Feature", "properties": { "DAMAGE": "No Damage", "STRUCTURETYPE": "Utility Misc Structure", "index_right": 7086, "score": 0.078, "d_ndvi": -0.006, "ssim": 0.891, "damage_class": "none" }, "geometry": { "type": "Point", "coordinates": [ -118.069968656325997, 34.169645820550201 ] } },
{ "type": "Feature", "properties": { "DAMAGE": "No Damage", "STRUCTURETYPE": "Single Family Residence Single Story", "index_right": 7086, "score": 0.078, "d_ndvi": -0.006, "ssim": 0.891, "damage_class": "none" }, "geometry": { "type": "Point", "coordinates": [ -118.069847536476004, 34.169712708250799 ] } },
{ "type": "Feature", "properties": { "DAMAGE": "No Damage", "STRUCTURETYPE": "Single Family Residence Multi Story", "index_right": 5836, "score": 0.11, "d_ndvi": -0.033, "ssim": 0.877, "damage_class": "none" }, "geometry": { "type": "Point", "coordinates": [ -118.077736749710994, 34.175465385815997 ] } },
{ "type": "Feature", "properties": { "DAMAGE": "No Damage", "STRUCTURETYPE": "Single Family Residence Multi Story", "index_right": 5741, "score": 0.051, "d_ndvi": 0.018, "ssim": 0.906, "damage_class": "none" }, "geometry": { "type": "Point", "coordinates": [ -118.077979028935999, 34.175701922242403 ] } },
{ "type": "Feature", "properties": { "DAMAGE": "No Damage", "STRUCTURETYPE": "Single Family Residence Single Story", "index_right": 6991, "score": 0.122, "d_ndvi": -0.011, "ssim": 0.834, "damage_class": "none" }, "geometry": { "type": "Point", "coordinates": [ -118.069867016442998, 34.170025249274502 ] } },
{ "type": "Feature", "properties": { "DAMAGE": "No Damage", "STRUCTURETYPE": "Utility Misc Structure", "index_right": 6991, "score": 0.122, "d_ndvi": -0.011, "ssim": 0.834, "damage_class": "none" }, "geometry": { "type": "Point", "coordinates": [ -118.069991580434007, 34.169978549806203 ] } },
{ "type": "Feature", "properties": { "DAMAGE": "No Damage", "STRUCTURETYPE": "Single Family Residence Multi Story", "index_right": 6570, "score": 0.02, "d_ndvi": 0.027, "ssim": 0.948, "damage_class": "none" }, "geometry": { "type": "Point", "coordinates": [ -118.040853631841998, 34.172786862359203 ] } },
{ "type": "Feature", "properties": { "DAMAGE": "No Damage", "STRUCTURETYPE": "Single Family Residence Single Story", "index_right": 6185, "score": 0.038, "d_ndvi": 0.031, "ssim": 0.919, "damage_class": "none" }, "geometry": { "type": "Point", "coordinates": [ -118.043951692186994, 34.174387979162702 ] } },
{ "type": "Feature", "properties": { "DAMAGE": "No Damage", "STRUCTURETYPE": "Single Family Residence Multi Story", "index_right": 6185, "score": 0.038, "d_ndvi": 0.031, "ssim": 0.919, "damage_class": "none" }, "geometry": { "type": "Point", "coordinates": [ -118.043963000179005, 34.174313000174301 ] } },
{ "type": "Feature", "properties": { "DAMAGE": "No Damage", "STRUCTURETYPE": "Single Family Residence Multi Story", "index_right": 6467, "score": 0.017, "d_ndvi": 0.032, "ssim": 0.956, "damage_class": "none" }, "geometry": { "type": "Point", "coordinates": [ -118.045532792664005, 34.172860132558398 ] } },
{ "type": "Feature", "properties": { "DAMAGE": "No Damage", "STRUCTURETYPE": "Single Family Residence Multi Story", "index_right": 6467, "score": 0.017, "d_ndvi": 0.032, "ssim": 0.956, "damage_class": "none" }, "geometry": { "type": "Point", "coordinates": [ -118.045395256101997, 34.173109077590702 ] } },
{ "type": "Feature", "properties": { "DAMAGE": "No Damage", "STRUCTURETYPE": "Single Family Residence Multi Story", "index_right": 6372, "score": 0.084, "d_ndvi": 0.02, "ssim": 0.874, "damage_class": "none" }, "geometry": { "type": "Point", "coordinates": [ -118.045432599967, 34.1732811854353 ] } },
{ "type": "Feature", "properties": { "DAMAGE": "No Damage", "STRUCTURETYPE": "Single Family Residence Multi Story", "index_right": 6372, "score": 0.084, "d_ndvi": 0.02, "ssim": 0.874, "damage_class": "none" }, "geometry": { "type": "Point", "coordinates": [ -118.045558363208002, 34.173432721534198 ] } },
{ "type": "Feature", "properties": { "DAMAGE": "No Damage", "STRUCTURETYPE": "Single Family Residence Multi Story", "index_right": 6371, "score": 0.088, "d_ndvi": 0.003, "ssim": 0.899, "damage_class": "none" }, "geometry": { "type": "Point", "coordinates": [ -118.045766954711993, 34.173575294225699 ] } },
{ "type": "Feature", "properties": { "DAMAGE": "No Damage", "STRUCTURETYPE": "Single Family Residence Single Story", "index_right": 7086, "score": 0.078, "d_ndvi": -0.006, "ssim": 0.891, "damage_class": "none" }, "geometry": { "type": "Point", "coordinates": [ -118.069861856520006, 34.169494387652598 ] } },
{ "type": "Feature", "properties": { "DAMAGE": "Destroyed (>50%)", "STRUCTURETYPE": "Single Family Residence Single Story", "index_right": 6641, "score": 0.364, "d_ndvi": -0.178, "ssim": 0.717, "damage_class": "severe" }, "geometry": { "type": "Point", "coordinates": [ -118.053976296971001, 34.172124816012001 ] } },
{ "type": "Feature", "properties": { "DAMAGE": "No Damage", "STRUCTURETYPE": "Single Family Residence Single Story", "index_right": 6665, "score": 0.025, "d_ndvi": 0.02, "ssim": 0.953, "damage_class": "none" }, "geometry": { "type": "Point", "coordinates": [ -118.041241940302001, 34.171907762908702 ] } },
{ "type": "Feature", "properties": { "DAMAGE": "No Damage", "STRUCTURETYPE": "Single Family Residence Multi Story", "index_right": 6759, "score": 0.024, "d_ndvi": 0.024, "ssim": 0.956, "damage_class": "none" }, "geometry": { "type": "Point", "coordinates": [ -118.041292621452996, 34.171729900420601 ] } },
{ "type": "Feature", "properties": { "DAMAGE": "No Damage", "STRUCTURETYPE": "Utility Misc Structure", "index_right": 6759, "score": 0.024, "d_ndvi": 0.024, "ssim": 0.956, "damage_class": "none" }, "geometry": { "type": "Point", "coordinates": [ -118.041479577931995, 34.1717133844027 ] } },
{ "type": "Feature", "properties": { "DAMAGE": "No Damage", "STRUCTURETYPE": "Single Family Residence Single Story", "index_right": 7181, "score": 0.081, "d_ndvi": -0.02, "ssim": 0.893, "damage_class": "none" }, "geometry": { "type": "Point", "coordinates": [ -118.069868663953997, 34.169357716897302 ] } },
{ "type": "Feature", "properties": { "DAMAGE": "No Damage", "STRUCTURETYPE": "Single Family Residence Multi Story", "index_right": 7181, "score": 0.081, "d_ndvi": -0.02, "ssim": 0.893, "damage_class": "none" }, "geometry": { "type": "Point", "coordinates": [ -118.069848600081997, 34.169186318288503 ] } },
{ "type": "Feature", "properties": { "DAMAGE": "No Damage", "STRUCTURETYPE": "Single Family Residence Single Story", "index_right": 5837, "score": 0.081, "d_ndvi": -0.013, "ssim": 0.892, "damage_class": "none" }, "geometry": { "type": "Point", "coordinates": [ -118.077639871797004, 34.175224082601702 ] } },
{ "type": "Feature", "properties": { "DAMAGE": "No Damage", "STRUCTURETYPE": "Utility Misc Structure", "index_right": 5836, "score": 0.11, "d_ndvi": -0.033, "ssim": 0.877, "damage_class": "none" }, "geometry": { "type": "Point", "coordinates": [ -118.077687622644007, 34.175307504238297 ] } },
{ "type": "Feature", "properties": { "DAMAGE": "No Damage", "STRUCTURETYPE": "Utility Misc Structure", "index_right": 5836, "score": 0.11, "d_ndvi": -0.033, "ssim": 0.877, "damage_class": "none" }, "geometry": { "type": "Point", "coordinates": [ -118.077819780094003, 34.1751596800638 ] } },
{ "type": "Feature", "properties": { "DAMAGE": "No Damage", "STRUCTURETYPE": "Single Family Residence Single Story", "index_right": 6637, "score": 0.123, "d_ndvi": -0.027, "ssim": 0.855, "damage_class": "none" }, "geometry": { "type": "Point", "coordinates": [ -118.055963387446994, 34.172106974901503 ] } },
{ "type": "Feature", "properties": { "DAMAGE": "No Damage", "STRUCTURETYPE": "Utility Misc Structure", "index_right": 6542, "score": 0.115, "d_ndvi": -0.006, "ssim": 0.838, "damage_class": "none" }, "geometry": { "type": "Point", "coordinates": [ -118.056011090683995, 34.172283943240501 ] } },
{ "type": "Feature", "properties": { "DAMAGE": "Destroyed (>50%)", "STRUCTURETYPE": "Single Family Residence Single Story", "index_right": 6041, "score": 0.308, "d_ndvi": -0.171, "ssim": 0.768, "damage_class": "severe" }, "geometry": { "type": "Point", "coordinates": [ -118.069859594562004, 34.174528068683799 ] } },
{ "type": "Feature", "properties": { "DAMAGE": "Destroyed (>50%)", "STRUCTURETYPE": "Single Family Residence Multi Story", "index_right": 5946, "score": 0.398, "d_ndvi": -0.236, "ssim": 0.719, "damage_class": "severe" }, "geometry": { "type": "Point", "coordinates": [ -118.070105888358995, 34.1747768192796 ] } },
{ "type": "Feature", "properties": { "DAMAGE": "Affected (1-9%)", "STRUCTURETYPE": "Single Family Residence Single Story", "index_right": 5945, "score": 0.154, "d_ndvi": -0.053, "ssim": 0.854, "damage_class": "moderate" }, "geometry": { "type": "Point", "coordinates": [ -118.070362647528, 34.174916211776697 ] } },
{ "type": "Feature", "properties": { "DAMAGE": "No Damage", "STRUCTURETYPE": "Single Family Residence Single Story", "index_right": 5945, "score": 0.154, "d_ndvi": -0.053, "ssim": 0.854, "damage_class": "moderate" }, "geometry": { "type": "Point", "coordinates": [ -118.070563277264, 34.175058458670499 ] } },
{ "type": "Feature", "properties": { "DAMAGE": "Affected (1-9%)", "STRUCTURETYPE": "Single Family Residence Single Story", "index_right": 5944, "score": 0.088, "d_ndvi": -0.042, "ssim": 0.912, "damage_class": "none" }, "geometry": { "type": "Point", "coordinates": [ -118.070820440675007, 34.175140394817703 ] } },
{ "type": "Feature", "properties": { "DAMAGE": "No Damage", "STRUCTURETYPE": "Single Family Residence Multi Story", "index_right": 6545, "score": 0.14, "d_ndvi": -0.092, "ssim": 0.887, "damage_class": "none" }, "geometry": { "type": "Point", "coordinates": [ -118.054205989002995, 34.172307696653299 ] } },
{ "type": "Feature", "properties": { "DAMAGE": "Destroyed (>50%)", "STRUCTURETYPE": "Single Family Residence Multi Story", "index_right": 5934, "score": 0.26, "d_ndvi": -0.133, "ssim": 0.795, "damage_class": "moderate" }, "geometry": { "type": "Point", "coordinates": [ -118.076205659343998, 34.175041604405202 ] } },
{ "type": "Feature", "properties": { "DAMAGE": "Destroyed (>50%)", "STRUCTURETYPE": "Utility Misc Structure", "index_right": 6030, "score": 0.237, "d_ndvi": -0.143, "ssim": 0.827, "damage_class": "moderate" }, "geometry": { "type": "Point", "coordinates": [ -118.075995114004002, 34.1747118129204 ] } },
{ "type": "Feature", "properties": { "DAMAGE": "No Damage", "STRUCTURETYPE": "Single Family Residence Single Story", "index_right": 6038, "score": 0.065, "d_ndvi": -0.02, "ssim": 0.914, "damage_class": "none" }, "geometry": { "type": "Point", "coordinates": [ -118.071409421091005, 34.174635034926297 ] } },
{ "type": "Feature", "properties": { "DAMAGE": "No Damage", "STRUCTURETYPE": "Single Family Residence Single Story", "index_right": 5944, "score": 0.088, "d_ndvi": -0.042, "ssim": 0.912, "damage_class": "none" }, "geometry": { "type": "Point", "coordinates": [ -118.071181552639999, 34.174918468875397 ] } },
{ "type": "Feature", "properties": { "DAMAGE": "No Damage", "STRUCTURETYPE": "Single Family Residence Single Story", "index_right": 5944, "score": 0.088, "d_ndvi": -0.042, "ssim": 0.912, "damage_class": "none" }, "geometry": { "type": "Point", "coordinates": [ -118.071121461635002, 34.175195748939501 ] } },
{ "type": "Feature", "properties": { "DAMAGE": "No Damage", "STRUCTURETYPE": "Single Family Residence Multi Story", "index_right": 6371, "score": 0.088, "d_ndvi": 0.003, "ssim": 0.899, "damage_class": "none" }, "geometry": { "type": "Point", "coordinates": [ -118.046010318203997, 34.173609165358698 ] } },
{ "type": "Feature", "properties": { "DAMAGE": "No Damage", "STRUCTURETYPE": "Utility Misc Structure", "index_right": 6275, "score": 0.134, "d_ndvi": -0.066, "ssim": 0.877, "damage_class": "none" }, "geometry": { "type": "Point", "coordinates": [ -118.046160255109996, 34.173655020759703 ] } },
{ "type": "Feature", "properties": { "DAMAGE": "Destroyed (>50%)", "STRUCTURETYPE": "Single Family Residence Single Story", "index_right": 6275, "score": 0.134, "d_ndvi": -0.066, "ssim": 0.877, "damage_class": "none" }, "geometry": { "type": "Point", "coordinates": [ -118.046408985137006, 34.173680878560198 ] } },
{ "type": "Feature", "properties": { "DAMAGE": "No Damage", "STRUCTURETYPE": "Single Family Residence Multi Story", "index_right": 5995, "score": 0.053, "d_ndvi": 0.018, "ssim": 0.897, "damage_class": "none" }, "geometry": { "type": "Point", "coordinates": [ -118.043643937962997, 34.175161929354402 ] } },
{ "type": "Feature", "properties": { "DAMAGE": "No Damage", "STRUCTURETYPE": "Single Family Residence Multi Story", "index_right": 5995, "score": 0.053, "d_ndvi": 0.018, "ssim": 0.897, "damage_class": "none" }, "geometry": { "type": "Point", "coordinates": [ -118.043677500311006, 34.175016499882503 ] } },
{ "type": "Feature", "properties": { "DAMAGE": "No Damage", "STRUCTURETYPE": "Utility Misc Structure", "index_right": 5995, "score": 0.053, "d_ndvi": 0.018, "ssim": 0.897, "damage_class": "none" }, "geometry": { "type": "Point", "coordinates": [ -118.043655295753993, 34.175041232805803 ] } },
{ "type": "Feature", "properties": { "DAMAGE": "No Damage", "STRUCTURETYPE": "Single Family Residence Multi Story", "index_right": 6090, "score": 0.146, "d_ndvi": -0.005, "ssim": 0.807, "damage_class": "none" }, "geometry": { "type": "Point", "coordinates": [ -118.043746389415006, 34.174963798866102 ] } },
{ "type": "Feature", "properties": { "DAMAGE": "No Damage", "STRUCTURETYPE": "Single Family Residence Multi Story", "index_right": 6090, "score": 0.146, "d_ndvi": -0.005, "ssim": 0.807, "damage_class": "none" }, "geometry": { "type": "Point", "coordinates": [ -118.043617659038006, 34.174790824907497 ] } },
{ "type": "Feature", "properties": { "DAMAGE": "No Damage", "STRUCTURETYPE": "Single Family Residence Multi Story", "index_right": 6185, "score": 0.038, "d_ndvi": 0.031, "ssim": 0.919, "damage_class": "none" }, "geometry": { "type": "Point", "coordinates": [ -118.043902500442002, 34.174227999727897 ] } },
{ "type": "Feature", "properties": { "DAMAGE": "No Damage", "STRUCTURETYPE": "Utility Misc Structure", "index_right": 6185, "score": 0.038, "d_ndvi": 0.031, "ssim": 0.919, "damage_class": "none" }, "geometry": { "type": "Point", "coordinates": [ -118.043700000414006, 34.1742005003521 ] } },
{ "type": "Feature", "properties": { "DAMAGE": "No Damage", "STRUCTURETYPE": "Single Family Residence Single Story", "index_right": 6280, "score": 0.018, "d_ndvi": 0.043, "ssim": 0.944, "damage_class": "none" }, "geometry": { "type": "Point", "coordinates": [ -118.043756722736006, 34.173948938728998 ] } },
{ "type": "Feature", "properties": { "DAMAGE": "No Damage", "STRUCTURETYPE": "Single Family Residence Single Story", "index_right": 6570, "score": 0.02, "d_ndvi": 0.027, "ssim": 0.948, "damage_class": "none" }, "geometry": { "type": "Point", "coordinates": [ -118.041094211455004, 34.172738208265898 ] } },
{ "type": "Feature", "properties": { "DAMAGE": "No Damage", "STRUCTURETYPE": "Single Family Residence Single Story", "index_right": 6280, "score": 0.018, "d_ndvi": 0.043, "ssim": 0.944, "damage_class": "none" }, "geometry": { "type": "Point", "coordinates": [ -118.043956660768004, 34.174098930730402 ] } },
{ "type": "Feature", "properties": { "DAMAGE": "No Damage", "STRUCTURETYPE": "Single Family Residence Single Story", "index_right": 6185, "score": 0.038, "d_ndvi": 0.031, "ssim": 0.919, "damage_class": "none" }, "geometry": { "type": "Point", "coordinates": [ -118.043722140292004, 34.174113833521901 ] } },
{ "type": "Feature", "properties": { "DAMAGE": "No Damage", "STRUCTURETYPE": "Single Family Residence Single Story", "index_right": 6280, "score": 0.018, "d_ndvi": 0.043, "ssim": 0.944, "damage_class": "none" }, "geometry": { "type": "Point", "coordinates": [ -118.043810086256997, 34.173792745116899 ] } },
{ "type": "Feature", "properties": { "DAMAGE": "Affected (1-9%)", "STRUCTURETYPE": "Single Family Residence Multi Story", "index_right": 6124, "score": 0.145, "d_ndvi": -0.118, "ssim": 0.911, "damage_class": "none" }, "geometry": { "type": "Point", "coordinates": [ -118.076073970815003, 34.174212000727202 ] } },
{ "type": "Feature", "properties": { "DAMAGE": "No Damage", "STRUCTURETYPE": "Utility Misc Structure", "index_right": 6030, "score": 0.237, "d_ndvi": -0.143, "ssim": 0.827, "damage_class": "moderate" }, "geometry": { "type": "Point", "coordinates": [ -118.075996607901999, 34.174455179710002 ] } },
{ "type": "Feature", "properties": { "DAMAGE": "No Damage", "STRUCTURETYPE": "Utility Misc Structure", "index_right": 6124, "score": 0.145, "d_ndvi": -0.118, "ssim": 0.911, "damage_class": "none" }, "geometry": { "type": "Point", "coordinates": [ -118.076332541886003, 34.1741446966805 ] } },
{ "type": "Feature", "properties": { "DAMAGE": "Affected (1-9%)", "STRUCTURETYPE": "Single Family Residence Multi Story", "index_right": 6449, "score": 0.072, "d_ndvi": -0.05, "ssim": 0.923, "damage_class": "none" }, "geometry": { "type": "Point", "coordinates": [ -118.054677318863, 34.172935063042097 ] } },
{ "type": "Feature", "properties": { "DAMAGE": "No Damage", "STRUCTURETYPE": "Single Family Residence Multi Story", "index_right": 6845, "score": 0.147, "d_ndvi": 0.013, "ssim": 0.801, "damage_class": "none" }, "geometry": { "type": "Point", "coordinates": [ -118.046208557523002, 34.171143947706199 ] } },
{ "type": "Feature", "properties": { "DAMAGE": "No Damage", "STRUCTURETYPE": "Single Family Residence Single Story", "index_right": 6846, "score": 0.043, "d_ndvi": 0.038, "ssim": 0.913, "damage_class": "none" }, "geometry": { "type": "Point", "coordinates": [ -118.045962437998995, 34.171120287613199 ] } },
{ "type": "Feature", "properties": { "DAMAGE": "No Damage", "STRUCTURETYPE": "Single Family Residence Multi Story", "index_right": 6751, "score": 0.018, "d_ndvi": 0.048, "ssim": 0.939, "damage_class": "none" }, "geometry": { "type": "Point", "coordinates": [ -118.045914569472998, 34.171556589839703 ] } },
{ "type": "Feature", "properties": { "DAMAGE": "No Damage", "STRUCTURETYPE": "Single Family Residence Multi Story", "index_right": 6544, "score": 0.039, "d_ndvi": -0.009, "ssim": 0.943, "damage_class": "none" }, "geometry": { "type": "Point", "coordinates": [ -118.054946802667999, 34.172353295606499 ] } },
{ "type": "Feature", "properties": { "DAMAGE": "No Damage", "STRUCTURETYPE": "Single Family Residence Single Story", "index_right": 6260, "score": 0.089, "d_ndvi": -0.039, "ssim": 0.9, "damage_class": "none" }, "geometry": { "type": "Point", "coordinates": [ -118.054648697638996, 34.173859522508998 ] } },
{ "type": "Feature", "properties": { "DAMAGE": "No Damage", "STRUCTURETYPE": "Single Family Residence Multi Story", "index_right": 6354, "score": 0.048, "d_ndvi": -0.013, "ssim": 0.931, "damage_class": "none" }, "geometry": { "type": "Point", "coordinates": [ -118.055118689009007, 34.173481688119701 ] } },
{ "type": "Feature", "properties": { "DAMAGE": "No Damage", "STRUCTURETYPE": "Single Family Residence Multi Story", "index_right": 6165, "score": 0.119, "d_ndvi": -0.053, "ssim": 0.875, "damage_class": "none" }, "geometry": { "type": "Point", "coordinates": [ -118.054437240509998, 34.174070436900898 ] } },
{ "type": "Feature", "properties": { "DAMAGE": "No Damage", "STRUCTURETYPE": "Single Family Residence Single Story", "index_right": 6355, "score": 0.056, "d_ndvi": -0.001, "ssim": 0.922, "damage_class": "none" }, "geometry": { "type": "Point", "coordinates": [ -118.054248542197996, 34.173264605061398 ] } },
{ "type": "Feature", "properties": { "DAMAGE": "No Damage", "STRUCTURETYPE": "Single Family Residence Multi Story", "index_right": 6355, "score": 0.056, "d_ndvi": -0.001, "ssim": 0.922, "damage_class": "none" }, "geometry": { "type": "Point", "coordinates": [ -118.054394315411997, 34.1733630489869 ] } },
{ "type": "Feature", "properties": { "DAMAGE": "No Damage", "STRUCTURETYPE": "Utility Misc Structure", "index_right": 6544, "score": 0.039, "d_ndvi": -0.009, "ssim": 0.943, "damage_class": "none" }, "geometry": { "type": "Point", "coordinates": [ -118.055128509227998, 34.172643221482801 ] } },
{ "type": "Feature", "properties": { "DAMAGE": "Destroyed (>50%)", "STRUCTURETYPE": "Single Family Residence Multi Story", "index_right": 5744, "score": 0.169, "d_ndvi": -0.058, "ssim": 0.831, "damage_class": "moderate" }, "geometry": { "type": "Point", "coordinates": [ -118.076109526134005, 34.175854756809699 ] } },
{ "type": "Feature", "properties": { "DAMAGE": "No Damage", "STRUCTURETYPE": "Single Family Residence Single Story", "index_right": 6854, "score": 0.021, "d_ndvi": 0.031, "ssim": 0.949, "damage_class": "none" }, "geometry": { "type": "Point", "coordinates": [ -118.041296833654002, 34.171133405684003 ] } },
{ "type": "Feature", "properties": { "DAMAGE": "No Damage", "STRUCTURETYPE": "Utility Misc Structure", "index_right": 6854, "score": 0.021, "d_ndvi": 0.031, "ssim": 0.949, "damage_class": "none" }, "geometry": { "type": "Point", "coordinates": [ -118.041489562706005, 34.171130652747401 ] } },
{ "type": "Feature", "properties": { "DAMAGE": "No Damage", "STRUCTURETYPE": "Single Family Residence Multi Story", "index_right": 6854, "score": 0.021, "d_ndvi": 0.031, "ssim": 0.949, "damage_class": "none" }, "geometry": { "type": "Point", "coordinates": [ -118.041333518155, 34.1712519877494 ] } },
{ "type": "Feature", "properties": { "DAMAGE": "No Damage", "STRUCTURETYPE": "Utility Misc Structure", "index_right": 6854, "score": 0.021, "d_ndvi": 0.031, "ssim": 0.949, "damage_class": "none" }, "geometry": { "type": "Point", "coordinates": [ -118.041540843933006, 34.171259612569997 ] } },
{ "type": "Feature", "properties": { "DAMAGE": "No Damage", "STRUCTURETYPE": "Single Family Residence Multi Story", "index_right": 6854, "score": 0.021, "d_ndvi": 0.031, "ssim": 0.949, "damage_class": "none" }, "geometry": { "type": "Point", "coordinates": [ -118.041388017147, 34.1713722218513 ] } },
{ "type": "Feature", "properties": { "DAMAGE": "No Damage", "STRUCTURETYPE": "Utility Misc Structure", "index_right": 6854, "score": 0.021, "d_ndvi": 0.031, "ssim": 0.949, "damage_class": "none" }, "geometry": { "type": "Point", "coordinates": [ -118.041526899385005, 34.171338519277398 ] } },
{ "type": "Feature", "properties": { "DAMAGE": "No Damage", "STRUCTURETYPE": "Single Family Residence Multi Story", "index_right": 6569, "score": 0.013, "d_ndvi": 0.042, "ssim": 0.963, "damage_class": "none" }, "geometry": { "type": "Point", "coordinates": [ -118.041489420773004, 34.172604585507898 ] } },
{ "type": "Feature", "properties": { "DAMAGE": "No Damage", "STRUCTURETYPE": "Utility Misc Structure", "index_right": 6475, "score": 0.018, "d_ndvi": 0.022, "ssim": 0.945, "damage_class": "none" }, "geometry": { "type": "Point", "coordinates": [ -118.041239420527006, 34.172831602636101 ] } },
{ "type": "Feature", "properties": { "DAMAGE": "Destroyed (>50%)", "STRUCTURETYPE": "Single Family Residence Single Story", "index_right": 5839, "score": 0.235, "d_ndvi": -0.125, "ssim": 0.833, "damage_class": "moderate" }, "geometry": { "type": "Point", "coordinates": [ -118.076123017032998, 34.175350096827998 ] } },
{ "type": "Feature", "properties": { "DAMAGE": "No Damage", "STRUCTURETYPE": "Single Family Residence Single Story", "index_right": 6450, "score": 0.077, "d_ndvi": -0.042, "ssim": 0.928, "damage_class": "none" }, "geometry": { "type": "Point", "coordinates": [ -118.054642925964004, 34.173102504588002 ] } },
{ "type": "Feature", "properties": { "DAMAGE": "No Damage", "STRUCTURETYPE": "Single Family Residence Multi Story", "index_right": 6451, "score": 0.285, "d_ndvi": -0.189, "ssim": 0.805, "damage_class": "moderate" }, "geometry": { "type": "Point", "coordinates": [ -118.054073791128999, 34.172712784216699 ] } },
{ "type": "Feature", "properties": { "DAMAGE": "No Damage", "STRUCTURETYPE": "Single Family Residence Multi Story", "index_right": 6486, "score": 0.083, "d_ndvi": -0.026, "ssim": 0.903, "damage_class": "none" }, "geometry": { "type": "Point", "coordinates": [ -118.085753809379995, 34.172026965965799 ] } },
{ "type": "Feature", "properties": { "DAMAGE": "No Damage", "STRUCTURETYPE": "Single Family Residence Multi Story", "index_right": 6581, "score": 0.073, "d_ndvi": -0.045, "ssim": 0.943, "damage_class": "none" }, "geometry": { "type": "Point", "coordinates": [ -118.085861327838003, 34.171790913485097 ] } },
{ "type": "Feature", "properties": { "DAMAGE": "No Damage", "STRUCTURETYPE": "Utility Misc Structure", "index_right": 7175, "score": 0.075, "d_ndvi": -0.022, "ssim": 0.9, "damage_class": "none" }, "geometry": { "type": "Point", "coordinates": [ -118.072960170190001, 34.169192748892101 ] } },
{ "type": "Feature", "properties": { "DAMAGE": "No Damage", "STRUCTURETYPE": "Single Family Residence Single Story", "index_right": 7175, "score": 0.075, "d_ndvi": -0.022, "ssim": 0.9, "damage_class": "none" }, "geometry": { "type": "Point", "coordinates": [ -118.072862505352006, 34.169149230820501 ] } },
{ "type": "Feature", "properties": { "DAMAGE": "No Damage", "STRUCTURETYPE": "Single Family Residence Multi Story", "index_right": 6676, "score": 0.054, "d_ndvi": -0.021, "ssim": 0.938, "damage_class": "none" }, "geometry": { "type": "Point", "coordinates": [ -118.086097810233994, 34.171268720138201 ] } },
{ "type": "Feature", "properties": { "DAMAGE": "No Damage", "STRUCTURETYPE": "Single Family Residence Multi Story", "index_right": 6676, "score": 0.054, "d_ndvi": -0.021, "ssim": 0.938, "damage_class": "none" }, "geometry": { "type": "Point", "coordinates": [ -118.085949846028996, 34.171457795975101 ] } },
{ "type": "Feature", "properties": { "DAMAGE": "No Damage", "STRUCTURETYPE": "Single Family Residence Multi Story", "index_right": 6950, "score": 0.035, "d_ndvi": 0.007, "ssim": 0.938, "damage_class": "none" }, "geometry": { "type": "Point", "coordinates": [ -118.040974485790997, 34.1710118482845 ] } },
{ "type": "Feature", "properties": { "DAMAGE": "No Damage", "STRUCTURETYPE": "Single Family Residence Single Story", "index_right": 6855, "score": 0.023, "d_ndvi": 0.018, "ssim": 0.956, "damage_class": "none" }, "geometry": { "type": "Point", "coordinates": [ -118.040908579990997, 34.171190573692698 ] } },
{ "type": "Feature", "properties": { "DAMAGE": "No Damage", "STRUCTURETYPE": "Single Family Residence Multi Story", "index_right": 6950, "score": 0.035, "d_ndvi": 0.007, "ssim": 0.938, "damage_class": "none" }, "geometry": { "type": "Point", "coordinates": [ -118.040929827843001, 34.1709061082476 ] } },
{ "type": "Feature", "properties": { "DAMAGE": "No Damage", "STRUCTURETYPE": "Single Family Residence Multi Story", "index_right": 6855, "score": 0.023, "d_ndvi": 0.018, "ssim": 0.956, "damage_class": "none" }, "geometry": { "type": "Point", "coordinates": [ -118.041052828765004, 34.171435229262499 ] } },
{ "type": "Feature", "properties": { "DAMAGE": "No Damage", "STRUCTURETYPE": "Single Family Residence Multi Story", "index_right": 6759, "score": 0.024, "d_ndvi": 0.024, "ssim": 0.956, "damage_class": "none" }, "geometry": { "type": "Point", "coordinates": [ -118.041492404077999, 34.171488443081699 ] } },
{ "type": "Feature", "properties": { "DAMAGE": "No Damage", "STRUCTURETYPE": "Utility Misc Structure", "index_right": 6854, "score": 0.021, "d_ndvi": 0.031, "ssim": 0.949, "damage_class": "none" }, "geometry": { "type": "Point", "coordinates": [ -118.041357236373997, 34.171437307335701 ] } },
{ "type": "Feature", "properties": { "DAMAGE": "No Damage", "STRUCTURETYPE": "Single Family Residence Multi Story", "index_right": 6759, "score": 0.024, "d_ndvi": 0.024, "ssim": 0.956, "damage_class": "none" }, "geometry": { "type": "Point", "coordinates": [ -118.041430934158996, 34.171593738681203 ] } },
{ "type": "Feature", "properties": { "DAMAGE": "No Damage", "STRUCTURETYPE": "Single Family Residence Multi Story", "index_right": 6929, "score": 0.059, "d_ndvi": -0.018, "ssim": 0.921, "damage_class": "none" }, "geometry": { "type": "Point", "coordinates": [ -118.052420427474999, 34.170486902362398 ] } },
{ "type": "Feature", "properties": { "DAMAGE": "No Damage", "STRUCTURETYPE": "Single Family Residence Multi Story", "index_right": 7023, "score": 0.058, "d_ndvi": -0.004, "ssim": 0.914, "damage_class": "none" }, "geometry": { "type": "Point", "coordinates": [ -118.052666760798004, 34.170437224245603 ] } },
{ "type": "Feature", "properties": { "DAMAGE": "No Damage", "STRUCTURETYPE": "Single Family Residence Multi Story", "index_right": 6183, "score": 0.031, "d_ndvi": 0.022, "ssim": 0.945, "damage_class": "none" }, "geometry": { "type": "Point", "coordinates": [ -118.044723513899001, 34.174477378472297 ] } },
{ "type": "Feature", "properties": { "DAMAGE": "No Damage", "STRUCTURETYPE": "Single Family Residence Multi Story", "index_right": 6183, "score": 0.031, "d_ndvi": 0.022, "ssim": 0.945, "damage_class": "none" }, "geometry": { "type": "Point", "coordinates": [ -118.044988787300994, 34.174333879041498 ] } },
{ "type": "Feature", "properties": { "DAMAGE": "No Damage", "STRUCTURETYPE": "Single Family Residence Single Story", "index_right": 6183, "score": 0.031, "d_ndvi": 0.022, "ssim": 0.945, "damage_class": "none" }, "geometry": { "type": "Point", "coordinates": [ -118.044884820780993, 34.1744479795478 ] } },
{ "type": "Feature", "properties": { "DAMAGE": "No Damage", "STRUCTURETYPE": "Single Family Residence Multi Story", "index_right": 6182, "score": 0.073, "d_ndvi": -0.023, "ssim": 0.904, "damage_class": "none" }, "geometry": { "type": "Point", "coordinates": [ -118.045247008028994, 34.174241697759598 ] } },
{ "type": "Feature", "properties": { "DAMAGE": "No Damage", "STRUCTURETYPE": "Single Family Residence Multi Story", "index_right": 6758, "score": 0.031, "d_ndvi": 0.015, "ssim": 0.951, "damage_class": "none" }, "geometry": { "type": "Point", "coordinates": [ -118.041837747914002, 34.171634618516002 ] } },
{ "type": "Feature", "properties": { "DAMAGE": "No Damage", "STRUCTURETYPE": "Single Family Residence Multi Story", "index_right": 6759, "score": 0.024, "d_ndvi": 0.024, "ssim": 0.956, "damage_class": "none" }, "geometry": { "type": "Point", "coordinates": [ -118.041745001492998, 34.171829814457901 ] } },
{ "type": "Feature", "properties": { "DAMAGE": "No Damage", "STRUCTURETYPE": "Single Family Residence Multi Story", "index_right": 6759, "score": 0.024, "d_ndvi": 0.024, "ssim": 0.956, "damage_class": "none" }, "geometry": { "type": "Point", "coordinates": [ -118.041795966372007, 34.171741537886398 ] } },
{ "type": "Feature", "properties": { "DAMAGE": "No Damage", "STRUCTURETYPE": "Single Family Residence Multi Story", "index_right": 6664, "score": 0.044, "d_ndvi": 0.031, "ssim": 0.916, "damage_class": "none" }, "geometry": { "type": "Point", "coordinates": [ -118.041663459476993, 34.1719369739386 ] } },
{ "type": "Feature", "properties": { "DAMAGE": "No Damage", "STRUCTURETYPE": "Single Family Residence Multi Story", "index_right": 6929, "score": 0.059, "d_ndvi": -0.018, "ssim": 0.921, "damage_class": "none" }, "geometry": { "type": "Point", "coordinates": [ -118.052369389692004, 34.170869255654502 ] } },
{ "type": "Feature", "properties": { "DAMAGE": "No Damage", "STRUCTURETYPE": "Single Family Residence Multi Story", "index_right": 6834, "score": 0.217, "d_ndvi": -0.134, "ssim": 0.845, "damage_class": "moderate" }, "geometry": { "type": "Point", "coordinates": [ -118.052317559596005, 34.170979050083403 ] } },
{ "type": "Feature", "properties": { "DAMAGE": "No Damage", "STRUCTURETYPE": "Single Family Residence Multi Story", "index_right": 6664, "score": 0.044, "d_ndvi": 0.031, "ssim": 0.916, "damage_class": "none" }, "geometry": { "type": "Point", "coordinates": [ -118.041671863217005, 34.172165194656301 ] } },
{ "type": "Feature", "properties": { "DAMAGE": "No Damage", "STRUCTURETYPE": "Single Family Residence Single Story", "index_right": 6927, "score": 0.049, "d_ndvi": -0.0, "ssim": 0.924, "damage_class": "none" }, "geometry": { "type": "Point", "coordinates": [ -118.053046290021996, 34.170847058172797 ] } },
{ "type": "Feature", "properties": { "DAMAGE": "No Damage", "STRUCTURETYPE": "Single Family Residence Single Story", "index_right": 6928, "score": 0.06, "d_ndvi": -0.017, "ssim": 0.916, "damage_class": "none" }, "geometry": { "type": "Point", "coordinates": [ -118.052738810175001, 34.170834730117399 ] } },
{ "type": "Feature", "properties": { "DAMAGE": "No Damage", "STRUCTURETYPE": "Single Family Residence Single Story", "index_right": 6834, "score": 0.217, "d_ndvi": -0.134, "ssim": 0.845, "damage_class": "moderate" }, "geometry": { "type": "Point", "coordinates": [ -118.052424212976007, 34.170985886356597 ] } },
{ "type": "Feature", "properties": { "DAMAGE": "No Damage", "STRUCTURETYPE": "Single Family Residence Multi Story", "index_right": 6664, "score": 0.044, "d_ndvi": 0.031, "ssim": 0.916, "damage_class": "none" }, "geometry": { "type": "Point", "coordinates": [ -118.041684518682999, 34.172040766919899 ] } },
{ "type": "Feature", "properties": { "DAMAGE": "No Damage", "STRUCTURETYPE": "Single Family Residence Multi Story", "index_right": 6664, "score": 0.044, "d_ndvi": 0.031, "ssim": 0.916, "damage_class": "none" }, "geometry": { "type": "Point", "coordinates": [ -118.041622601403006, 34.1723061187908 ] } },
{ "type": "Feature", "properties": { "DAMAGE": "No Damage", "STRUCTURETYPE": "Utility Misc Structure", "index_right": 6569, "score": 0.013, "d_ndvi": 0.042, "ssim": 0.963, "damage_class": "none" }, "geometry": { "type": "Point", "coordinates": [ -118.041695480824004, 34.172398548193399 ] } },
{ "type": "Feature", "properties": { "DAMAGE": "No Damage", "STRUCTURETYPE": "Single Family Residence Multi Story", "index_right": 6089, "score": 0.048, "d_ndvi": 0.044, "ssim": 0.894, "damage_class": "none" }, "geometry": { "type": "Point", "coordinates": [ -118.044041815667001, 34.174663232027498 ] } },
{ "type": "Feature", "properties": { "DAMAGE": "No Damage", "STRUCTURETYPE": "Single Family Residence Multi Story", "index_right": 6183, "score": 0.031, "d_ndvi": 0.022, "ssim": 0.945, "damage_class": "none" }, "geometry": { "type": "Point", "coordinates": [ -118.044543352277003, 34.1743245837731 ] } },
{ "type": "Feature", "properties": { "DAMAGE": "No Damage", "STRUCTURETYPE": "Single Family Residence Multi Story", "index_right": 6183, "score": 0.031, "d_ndvi": 0.022, "ssim": 0.945, "damage_class": "none" }, "geometry": { "type": "Point", "coordinates": [ -118.044720311323999, 34.174172257108303 ] } },
{ "type": "Feature", "properties": { "DAMAGE": "No Damage", "STRUCTURETYPE": "Single Family Residence Multi Story", "index_right": 6183, "score": 0.031, "d_ndvi": 0.022, "ssim": 0.945, "damage_class": "none" }, "geometry": { "type": "Point", "coordinates": [ -118.044846140963003, 34.174099894514399 ] } },
{ "type": "Feature", "properties": { "DAMAGE": "No Damage", "STRUCTURETYPE": "Single Family Residence Multi Story", "index_right": 6278, "score": 0.021, "d_ndvi": 0.03, "ssim": 0.955, "damage_class": "none" }, "geometry": { "type": "Point", "coordinates": [ -118.044870445940006, 34.173974529627699 ] } },
{ "type": "Feature", "properties": { "DAMAGE": "No Damage", "STRUCTURETYPE": "Single Family Residence Multi Story", "index_right": 6278, "score": 0.021, "d_ndvi": 0.03, "ssim": 0.955, "damage_class": "none" }, "geometry": { "type": "Point", "coordinates": [ -118.044960139127994, 34.1739088522759 ] } },
{ "type": "Feature", "properties": { "DAMAGE": "No Damage", "STRUCTURETYPE": "Single Family Residence Multi Story", "index_right": 6277, "score": 0.034, "d_ndvi": 0.003, "ssim": 0.944, "damage_class": "none" }, "geometry": { "type": "Point", "coordinates": [ -118.045077980127004, 34.173731567763703 ] } },
{ "type": "Feature", "properties": { "DAMAGE": "No Damage", "STRUCTURETYPE": "Utility Misc Structure", "index_right": 6277, "score": 0.034, "d_ndvi": 0.003, "ssim": 0.944, "damage_class": "none" }, "geometry": { "type": "Point", "coordinates": [ -118.045103821962996, 34.173864357086003 ] } },
{ "type": "Feature", "properties": { "DAMAGE": "No Damage", "STRUCTURETYPE": "Utility Misc Structure", "index_right": 6277, "score": 0.034, "d_ndvi": 0.003, "ssim": 0.944, "damage_class": "none" }, "geometry": { "type": "Point", "coordinates": [ -118.045070200717007, 34.173942088574798 ] } },
{ "type": "Feature", "properties": { "DAMAGE": "No Damage", "STRUCTURETYPE": "Single Family Residence Multi Story", "index_right": 6372, "score": 0.084, "d_ndvi": 0.02, "ssim": 0.874, "damage_class": "none" }, "geometry": { "type": "Point", "coordinates": [ -118.045269033959002, 34.173523385182101 ] } },
{ "type": "Feature", "properties": { "DAMAGE": "No Damage", "STRUCTURETYPE": "Single Family Residence Multi Story", "index_right": 6277, "score": 0.034, "d_ndvi": 0.003, "ssim": 0.944, "damage_class": "none" }, "geometry": { "type": "Point", "coordinates": [ -118.045500534134007, 34.173686586698899 ] } },
{ "type": "Feature", "properties": { "DAMAGE": "No Damage", "STRUCTURETYPE": "Single Family Residence Single Story", "index_right": 6276, "score": 0.027, "d_ndvi": 0.038, "ssim": 0.933, "damage_class": "none" }, "geometry": { "type": "Point", "coordinates": [ -118.045576694229993, 34.173799176856001 ] } },
{ "type": "Feature", "properties": { "DAMAGE": "No Damage", "STRUCTURETYPE": "Single Family Residence Multi Story", "index_right": 6182, "score": 0.073, "d_ndvi": -0.023, "ssim": 0.904, "damage_class": "none" }, "geometry": { "type": "Point", "coordinates": [ -118.045447930614998, 34.1741965494667 ] } },
{ "type": "Feature", "properties": { "DAMAGE": "No Damage", "STRUCTURETYPE": "Single Family Residence Multi Story", "index_right": 6182, "score": 0.073, "d_ndvi": -0.023, "ssim": 0.904, "damage_class": "none" }, "geometry": { "type": "Point", "coordinates": [ -118.045551761488994, 34.174109295498901 ] } },
{ "type": "Feature", "properties": { "DAMAGE": "No Damage", "STRUCTURETYPE": "Single Family Residence Multi Story", "index_right": 6181, "score": 0.093, "d_ndvi": -0.042, "ssim": 0.896, "damage_class": "none" }, "geometry": { "type": "Point", "coordinates": [ -118.0456112623, 34.174251629964701 ] } },
{ "type": "Feature", "properties": { "DAMAGE": "No Damage", "STRUCTURETYPE": "Single Family Residence Multi Story", "index_right": 6181, "score": 0.093, "d_ndvi": -0.042, "ssim": 0.896, "damage_class": "none" }, "geometry": { "type": "Point", "coordinates": [ -118.045789552730994, 34.174338347191203 ] } },
{ "type": "Feature", "properties": { "DAMAGE": "No Damage", "STRUCTURETYPE": "Infrastructure", "index_right": 4123, "score": 0.446, "d_ndvi": -0.17, "ssim": 0.607, "damage_class": "severe" }, "geometry": { "type": "Point", "coordinates": [ -118.079811166314002, 34.183257266402499 ] } },
{ "type": "Feature", "properties": { "DAMAGE": "No Damage", "STRUCTURETYPE": "Single Family Residence Multi Story", "index_right": 6276, "score": 0.027, "d_ndvi": 0.038, "ssim": 0.933, "damage_class": "none" }, "geometry": { "type": "Point", "coordinates": [ -118.045977652765004, 34.173908003531302 ] } },
{ "type": "Feature", "properties": { "DAMAGE": "No Damage", "STRUCTURETYPE": "Single Family Residence Multi Story", "index_right": 6741, "score": 0.075, "d_ndvi": -0.022, "ssim": 0.913, "damage_class": "none" }, "geometry": { "type": "Point", "coordinates": [ -118.051095200429003, 34.171691490380297 ] } },
{ "type": "Feature", "properties": { "DAMAGE": "No Damage", "STRUCTURETYPE": "Single Family Residence Multi Story", "index_right": 6277, "score": 0.034, "d_ndvi": 0.003, "ssim": 0.944, "damage_class": "none" }, "geometry": { "type": "Point", "coordinates": [ -118.045406670993998, 34.1739196087388 ] } },
{ "type": "Feature", "properties": { "DAMAGE": "No Damage", "STRUCTURETYPE": "Single Family Residence Multi Story", "index_right": 6277, "score": 0.034, "d_ndvi": 0.003, "ssim": 0.944, "damage_class": "none" }, "geometry": { "type": "Point", "coordinates": [ -118.045301795379999, 34.1739834882612 ] } },
{ "type": "Feature", "properties": { "DAMAGE": "No Damage", "STRUCTURETYPE": "Single Family Residence Multi Story", "index_right": 6277, "score": 0.034, "d_ndvi": 0.003, "ssim": 0.944, "damage_class": "none" }, "geometry": { "type": "Point", "coordinates": [ -118.045164356735, 34.174035187302501 ] } },
{ "type": "Feature", "properties": { "DAMAGE": "No Damage", "STRUCTURETYPE": "Single Family Residence Multi Story", "index_right": 6183, "score": 0.031, "d_ndvi": 0.022, "ssim": 0.945, "damage_class": "none" }, "geometry": { "type": "Point", "coordinates": [ -118.04502956812, 34.174114710506402 ] } },
{ "type": "Feature", "properties": { "DAMAGE": "No Damage", "STRUCTURETYPE": "Single Family Residence Single Story", "index_right": 6732, "score": 0.062, "d_ndvi": 0.013, "ssim": 0.904, "damage_class": "none" }, "geometry": { "type": "Point", "coordinates": [ -118.056193812504006, 34.171659787962497 ] } },
{ "type": "Feature", "properties": { "DAMAGE": "No Damage", "STRUCTURETYPE": "Single Family Residence Multi Story", "index_right": 6732, "score": 0.062, "d_ndvi": 0.013, "ssim": 0.904, "damage_class": "none" }, "geometry": { "type": "Point", "coordinates": [ -118.055791484935995, 34.171671348142198 ] } },
{ "type": "Feature", "properties": { "DAMAGE": "No Damage", "STRUCTURETYPE": "Single Family Residence Multi Story", "index_right": 6184, "score": 0.023, "d_ndvi": 0.045, "ssim": 0.921, "damage_class": "none" }, "geometry": { "type": "Point", "coordinates": [ -118.044343582726995, 34.174212229812099 ] } },
{ "type": "Feature", "properties": { "DAMAGE": "No Damage", "STRUCTURETYPE": "Utility Misc Structure", "index_right": 6184, "score": 0.023, "d_ndvi": 0.045, "ssim": 0.921, "damage_class": "none" }, "geometry": { "type": "Point", "coordinates": [ -118.044381485534998, 34.1741581770317 ] } },
{ "type": "Feature", "properties": { "DAMAGE": "No Damage", "STRUCTURETYPE": "Single Family Residence Single Story", "index_right": 6279, "score": 0.021, "d_ndvi": 0.032, "ssim": 0.937, "damage_class": "none" }, "geometry": { "type": "Point", "coordinates": [ -118.044350186643001, 34.173952751389102 ] } },
{ "type": "Feature", "properties": { "DAMAGE": "No Damage", "STRUCTURETYPE": "Utility Misc Structure", "index_right": 6279, "score": 0.021, "d_ndvi": 0.032, "ssim": 0.937, "damage_class": "none" }, "geometry": { "type": "Point", "coordinates": [ -118.044414151173001, 34.174056945233602 ] } },
{ "type": "Feature", "properties": { "DAMAGE": "No Damage", "STRUCTURETYPE": "Single Family Residence Multi Story", "index_right": 6467, "score": 0.017, "d_ndvi": 0.032, "ssim": 0.956, "damage_class": "none" }, "geometry": { "type": "Point", "coordinates": [ -118.045142385739993, 34.173198186914803 ] } },
{ "type": "Feature", "properties": { "DAMAGE": "No Damage", "STRUCTURETYPE": "Single Family Residence Multi Story", "index_right": 6467, "score": 0.017, "d_ndvi": 0.032, "ssim": 0.956, "damage_class": "none" }, "geometry": { "type": "Point", "coordinates": [ -118.045191401414996, 34.172905796616298 ] } },
{ "type": "Feature", "properties": { "DAMAGE": "No Damage", "STRUCTURETYPE": "Single Family Residence Multi Story", "index_right": 6562, "score": 0.013, "d_ndvi": 0.037, "ssim": 0.964, "damage_class": "none" }, "geometry": { "type": "Point", "coordinates": [ -118.045305649152994, 34.172563550809798 ] } },
{ "type": "Feature", "properties": { "DAMAGE": "No Damage", "STRUCTURETYPE": "Single Family Residence Multi Story", "index_right": 6562, "score": 0.013, "d_ndvi": 0.037, "ssim": 0.964, "damage_class": "none" }, "geometry": { "type": "Point", "coordinates": [ -118.045071415238993, 34.172616279337902 ] } },
{ "type": "Feature", "properties": { "DAMAGE": "No Damage", "STRUCTURETYPE": "Single Family Residence Single Story", "index_right": 6279, "score": 0.021, "d_ndvi": 0.032, "ssim": 0.937, "damage_class": "none" }, "geometry": { "type": "Point", "coordinates": [ -118.044402614706996, 34.173787966804099 ] } },
{ "type": "Feature", "properties": { "DAMAGE": "No Damage", "STRUCTURETYPE": "Single Family Residence Single Story", "index_right": 6279, "score": 0.021, "d_ndvi": 0.032, "ssim": 0.937, "damage_class": "none" }, "geometry": { "type": "Point", "coordinates": [ -118.044413322037997, 34.1736546038182 ] } },
{ "type": "Feature", "properties": { "DAMAGE": "No Damage", "STRUCTURETYPE": "Single Family Residence Single Story", "index_right": 6278, "score": 0.021, "d_ndvi": 0.03, "ssim": 0.955, "damage_class": "none" }, "geometry": { "type": "Point", "coordinates": [ -118.044515229614007, 34.173701149772299 ] } },
{ "type": "Feature", "properties": { "DAMAGE": "No Damage", "STRUCTURETYPE": "Single Family Residence Multi Story", "index_right": 6373, "score": 0.064, "d_ndvi": 0.016, "ssim": 0.894, "damage_class": "none" }, "geometry": { "type": "Point", "coordinates": [ -118.044910411089006, 34.173395227164697 ] } },
{ "type": "Feature", "properties": { "DAMAGE": "No Damage", "STRUCTURETYPE": "Utility Misc Structure", "index_right": 6373, "score": 0.064, "d_ndvi": 0.016, "ssim": 0.894, "damage_class": "none" }, "geometry": { "type": "Point", "coordinates": [ -118.044821938750999, 34.1732655619995 ] } },
{ "type": "Feature", "properties": { "DAMAGE": "No Damage", "STRUCTURETYPE": "Single Family Residence Multi Story", "index_right": 6635, "score": 0.06, "d_ndvi": -0.031, "ssim": 0.939, "damage_class": "none" }, "geometry": { "type": "Point", "coordinates": [ -118.056818240441999, 34.171851364625802 ] } },
{ "type": "Feature", "properties": { "DAMAGE": "No Damage", "STRUCTURETYPE": "Single Family Residence Multi Story", "index_right": 6636, "score": 0.067, "d_ndvi": -0.012, "ssim": 0.914, "damage_class": "none" }, "geometry": { "type": "Point", "coordinates": [ -118.056653020498004, 34.171949968507001 ] } },
{ "type": "Feature", "properties": { "DAMAGE": "No Damage", "STRUCTURETYPE": "Single Family Residence Single Story", "index_right": 6373, "score": 0.064, "d_ndvi": 0.016, "ssim": 0.894, "damage_class": "none" }, "geometry": { "type": "Point", "coordinates": [ -118.044597272101996, 34.173462147510797 ] } },
{ "type": "Feature", "properties": { "DAMAGE": "No Damage", "STRUCTURETYPE": "Single Family Residence Single Story", "index_right": 6373, "score": 0.064, "d_ndvi": 0.016, "ssim": 0.894, "damage_class": "none" }, "geometry": { "type": "Point", "coordinates": [ -118.044736809742005, 34.173616641528298 ] } },
{ "type": "Feature", "properties": { "DAMAGE": "No Damage", "STRUCTURETYPE": "Single Family Residence Single Story", "index_right": 6278, "score": 0.021, "d_ndvi": 0.03, "ssim": 0.955, "damage_class": "none" }, "geometry": { "type": "Point", "coordinates": [ -118.044542227586007, 34.173907440178901 ] } },
{ "type": "Feature", "properties": { "DAMAGE": "No Damage", "STRUCTURETYPE": "Single Family Residence Multi Story", "index_right": 6278, "score": 0.021, "d_ndvi": 0.03, "ssim": 0.955, "damage_class": "none" }, "geometry": { "type": "Point", "coordinates": [ -118.044658402210999, 34.173751399591403 ] } },
{ "type": "Feature", "properties": { "DAMAGE": "No Damage", "STRUCTURETYPE": "Utility Misc Structure", "index_right": 6278, "score": 0.021, "d_ndvi": 0.03, "ssim": 0.955, "damage_class": "none" }, "geometry": { "type": "Point", "coordinates": [ -118.044595168000995, 34.173679991909502 ] } },
{ "type": "Feature", "properties": { "DAMAGE": "No Damage", "STRUCTURETYPE": "Single Family Residence Single Story", "index_right": 6730, "score": 0.033, "d_ndvi": 0.001, "ssim": 0.943, "damage_class": "none" }, "geometry": { "type": "Point", "coordinates": [ -118.056783831372996, 34.171546253743699 ] } },
{ "type": "Feature", "properties": { "DAMAGE": "No Damage", "STRUCTURETYPE": "Single Family Residence Single Story", "index_right": 6783, "score": 0.097, "d_ndvi": -0.021, "ssim": 0.867, "damage_class": "none" }, "geometry": { "type": "Point", "coordinates": [ -118.079361592751994, 34.171100239629503 ] } },
{ "type": "Feature", "properties": { "DAMAGE": "No Damage", "STRUCTURETYPE": "Single Family Residence Multi Story", "index_right": 6825, "score": 0.037, "d_ndvi": -0.008, "ssim": 0.962, "damage_class": "none" }, "geometry": { "type": "Point", "coordinates": [ -118.057282974871001, 34.171226522374702 ] } },
{ "type": "Feature", "properties": { "DAMAGE": "No Damage", "STRUCTURETYPE": "Single Family Residence Multi Story", "index_right": 6825, "score": 0.037, "d_ndvi": -0.008, "ssim": 0.962, "damage_class": "none" }, "geometry": { "type": "Point", "coordinates": [ -118.056821749261005, 34.171273522161499 ] } },
{ "type": "Feature", "properties": { "DAMAGE": "Affected (1-9%)", "STRUCTURETYPE": "Single Family Residence Multi Story", "index_right": 6689, "score": 0.062, "d_ndvi": -0.039, "ssim": 0.93, "damage_class": "none" }, "geometry": { "type": "Point", "coordinates": [ -118.079224903302006, 34.171207836761901 ] } },
{ "type": "Feature", "properties": { "DAMAGE": "No Damage", "STRUCTURETYPE": "Single Family Residence Multi Story", "index_right": 6823, "score": 0.055, "d_ndvi": -0.005, "ssim": 0.927, "damage_class": "none" }, "geometry": { "type": "Point", "coordinates": [ -118.058001697166006, 34.171244484074997 ] } },
{ "type": "Feature", "properties": { "DAMAGE": "No Damage", "STRUCTURETYPE": "Single Family Residence Single Story", "index_right": 6728, "score": 0.049, "d_ndvi": 0.01, "ssim": 0.907, "damage_class": "none" }, "geometry": { "type": "Point", "coordinates": [ -118.057974134158997, 34.171664763135801 ] } },
{ "type": "Feature", "properties": { "DAMAGE": "No Damage", "STRUCTURETYPE": "Infrastructure", "index_right": 6761, "score": 0.044, "d_ndvi": -0.007, "ssim": 0.93, "damage_class": "none" }, "geometry": { "type": "Point", "coordinates": [ -118.040514700179997, 34.171845363066801 ] } },
{ "type": "Feature", "properties": { "DAMAGE": "No Damage", "STRUCTURETYPE": "Single Family Residence Single Story", "index_right": 6663, "score": 0.034, "d_ndvi": 0.037, "ssim": 0.931, "damage_class": "none" }, "geometry": { "type": "Point", "coordinates": [ -118.042294874511001, 34.172160278970502 ] } },
{ "type": "Feature", "properties": { "DAMAGE": "No Damage", "STRUCTURETYPE": "Utility Misc Structure", "index_right": 6663, "score": 0.034, "d_ndvi": 0.037, "ssim": 0.931, "damage_class": "none" }, "geometry": { "type": "Point", "coordinates": [ -118.042336051486998, 34.172029713670597 ] } },
{ "type": "Feature", "properties": { "DAMAGE": "No Damage", "STRUCTURETYPE": "Single Family Residence Multi Story", "index_right": 6728, "score": 0.049, "d_ndvi": 0.01, "ssim": 0.907, "damage_class": "none" }, "geometry": { "type": "Point", "coordinates": [ -118.057984122525994, 34.171471825193997 ] } },
{ "type": "Feature", "properties": { "DAMAGE": "No Damage", "STRUCTURETYPE": "Utility Misc Structure", "index_right": 6688, "score": 0.071, "d_ndvi": -0.031, "ssim": 0.9, "damage_class": "none" }, "geometry": { "type": "Point", "coordinates": [ -118.079616328916003, 34.171422226439397 ] } },
{ "type": "Feature", "properties": { "DAMAGE": "No Damage", "STRUCTURETYPE": "Utility Misc Structure", "index_right": 6688, "score": 0.071, "d_ndvi": -0.031, "ssim": 0.9, "damage_class": "none" }, "geometry": { "type": "Point", "coordinates": [ -118.079471414490996, 34.171366377080098 ] } },
{ "type": "Feature", "properties": { "DAMAGE": "No Damage", "STRUCTURETYPE": "Single Family Residence Single Story", "index_right": 6663, "score": 0.034, "d_ndvi": 0.037, "ssim": 0.931, "damage_class": "none" }, "geometry": { "type": "Point", "coordinates": [ -118.041982240411002, 34.172019034000499 ] } },
{ "type": "Feature", "properties": { "DAMAGE": "No Damage", "STRUCTURETYPE": "Single Family Residence Single Story", "index_right": 6663, "score": 0.034, "d_ndvi": 0.037, "ssim": 0.931, "damage_class": "none" }, "geometry": { "type": "Point", "coordinates": [ -118.041934789720997, 34.172108183545099 ] } },
{ "type": "Feature", "properties": { "DAMAGE": "No Damage", "STRUCTURETYPE": "Single Family Residence Multi Story", "index_right": 6568, "score": 0.031, "d_ndvi": 0.029, "ssim": 0.941, "damage_class": "none" }, "geometry": { "type": "Point", "coordinates": [ -118.041865891591996, 34.172345446364098 ] } },
{ "type": "Feature", "properties": { "DAMAGE": "No Damage", "STRUCTURETYPE": "Utility Misc Structure", "index_right": 6663, "score": 0.034, "d_ndvi": 0.037, "ssim": 0.931, "damage_class": "none" }, "geometry": { "type": "Point", "coordinates": [ -118.042004579863999, 34.172209235477403 ] } },
{ "type": "Feature", "properties": { "DAMAGE": "No Damage", "STRUCTURETYPE": "Single Family Residence Multi Story", "index_right": 6567, "score": 0.048, "d_ndvi": 0.073, "ssim": 0.9, "damage_class": "none" }, "geometry": { "type": "Point", "coordinates": [ -118.042447048222002, 34.1725961908325 ] } },
{ "type": "Feature", "properties": { "DAMAGE": "No Damage", "STRUCTURETYPE": "Single Family Residence Multi Story", "index_right": 6567, "score": 0.048, "d_ndvi": 0.073, "ssim": 0.9, "damage_class": "none" }, "geometry": { "type": "Point", "coordinates": [ -118.042384679988004, 34.172477878215503 ] } },
{ "type": "Feature", "properties": { "DAMAGE": "No Damage", "STRUCTURETYPE": "Single Family Residence Multi Story", "index_right": 4591, "score": 0.054, "d_ndvi": -0.027, "ssim": 0.921, "damage_class": "none" }, "geometry": { "type": "Point", "coordinates": [ -118.083171231989994, 34.1808783061444 ] } },
{ "type": "Feature", "properties": { "DAMAGE": "No Damage", "STRUCTURETYPE": "Single Family Residence Single Story", "index_right": 6443, "score": 0.043, "d_ndvi": -0.007, "ssim": 0.943, "damage_class": "none" }, "geometry": { "type": "Point", "coordinates": [ -118.057989286042996, 34.172815728231498 ] } },
{ "type": "Feature", "properties": { "DAMAGE": "No Damage", "STRUCTURETYPE": "Single Family Residence Single Story", "index_right": 6444, "score": 0.067, "d_ndvi": 0.019, "ssim": 0.896, "damage_class": "none" }, "geometry": { "type": "Point", "coordinates": [ -118.057770798697007, 34.172875252588398 ] } },
{ "type": "Feature", "properties": { "DAMAGE": "No Damage", "STRUCTURETYPE": "Utility Misc Structure", "index_right": 6444, "score": 0.067, "d_ndvi": 0.019, "ssim": 0.896, "damage_class": "none" }, "geometry": { "type": "Point", "coordinates": [ -118.057807043023999, 34.172709945861399 ] } },
{ "type": "Feature", "properties": { "DAMAGE": "No Damage", "STRUCTURETYPE": "Single Family Residence Multi Story", "index_right": 6538, "score": 0.068, "d_ndvi": -0.009, "ssim": 0.899, "damage_class": "none" }, "geometry": { "type": "Point", "coordinates": [ -118.057958991258005, 34.172504131770502 ] } },
{ "type": "Feature", "properties": { "DAMAGE": "No Damage", "STRUCTURETYPE": "Single Family Residence Multi Story", "index_right": 6634, "score": 0.191, "d_ndvi": -0.121, "ssim": 0.873, "damage_class": "moderate" }, "geometry": { "type": "Point", "coordinates": [ -118.057772896263998, 34.1720685174663 ] } },
{ "type": "Feature", "properties": { "DAMAGE": "No Damage", "STRUCTURETYPE": "Utility Misc Structure", "index_right": 4873, "score": 0.201, "d_ndvi": -0.04, "ssim": 0.782, "damage_class": "moderate" }, "geometry": { "type": "Point", "coordinates": [ -118.084956331783005, 34.179938819672202 ] } },
{ "type": "Feature", "properties": { "DAMAGE": "No Damage", "STRUCTURETYPE": "Single Family Residence Multi Story", "index_right": 6538, "score": 0.068, "d_ndvi": -0.009, "ssim": 0.899, "damage_class": "none" }, "geometry": { "type": "Point", "coordinates": [ -118.057968233126005, 34.172245352848897 ] } },
{ "type": "Feature", "properties": { "DAMAGE": "No Damage", "STRUCTURETYPE": "Single Family Residence Multi Story", "index_right": 6633, "score": 0.08, "d_ndvi": -0.018, "ssim": 0.907, "damage_class": "none" }, "geometry": { "type": "Point", "coordinates": [ -118.058022943221005, 34.172038000634799 ] } },
{ "type": "Feature", "properties": { "DAMAGE": "No Damage", "STRUCTURETYPE": "Utility Misc Structure", "index_right": 6634, "score": 0.191, "d_ndvi": -0.121, "ssim": 0.873, "damage_class": "moderate" }, "geometry": { "type": "Point", "coordinates": [ -118.057711620380999, 34.171910962499098 ] } },
{ "type": "Feature", "properties": { "DAMAGE": "No Damage", "STRUCTURETYPE": "Single Family Residence Single Story", "index_right": 4874, "score": 0.164, "d_ndvi": -0.062, "ssim": 0.833, "damage_class": "moderate" }, "geometry": { "type": "Point", "coordinates": [ -118.084643650689998, 34.179912171584903 ] } },
{ "type": "Feature", "properties": { "DAMAGE": "No Damage", "STRUCTURETYPE": "Single Family Residence Multi Story", "index_right": 6662, "score": 0.062, "d_ndvi": 0.074, "ssim": 0.876, "damage_class": "none" }, "geometry": { "type": "Point", "coordinates": [ -118.042652152466005, 34.172171960970402 ] } },
{ "type": "Feature", "properties": { "DAMAGE": "No Damage", "STRUCTURETYPE": "Single Family Residence Multi Story", "index_right": 6662, "score": 0.062, "d_ndvi": 0.074, "ssim": 0.876, "damage_class": "none" }, "geometry": { "type": "Point", "coordinates": [ -118.042481249779996, 34.172325580085101 ] } },
{ "type": "Feature", "properties": { "DAMAGE": "No Damage", "STRUCTURETYPE": "Single Family Residence Multi Story", "index_right": 6567, "score": 0.048, "d_ndvi": 0.073, "ssim": 0.9, "damage_class": "none" }, "geometry": { "type": "Point", "coordinates": [ -118.042443313026993, 34.1723918093967 ] } },
{ "type": "Feature", "properties": { "DAMAGE": "No Damage", "STRUCTURETYPE": "Single Family Residence Single Story", "index_right": 6908, "score": 0.06, "d_ndvi": -0.004, "ssim": 0.914, "damage_class": "none" }, "geometry": { "type": "Point", "coordinates": [ -118.063713326778, 34.170634125266901 ] } },
{ "type": "Feature", "properties": { "DAMAGE": "No Damage", "STRUCTURETYPE": "Utility Misc Structure", "index_right": 6907, "score": 0.115, "d_ndvi": -0.023, "ssim": 0.855, "damage_class": "none" }, "geometry": { "type": "Point", "coordinates": [ -118.063828613867003, 34.170743401222403 ] } },
{ "type": "Feature", "properties": { "DAMAGE": "No Damage", "STRUCTURETYPE": "Single Family Residence Single Story", "index_right": 6907, "score": 0.115, "d_ndvi": -0.023, "ssim": 0.855, "damage_class": "none" }, "geometry": { "type": "Point", "coordinates": [ -118.063966330989999, 34.170642805540901 ] } },
{ "type": "Feature", "properties": { "DAMAGE": "No Damage", "STRUCTURETYPE": "Utility Misc Structure", "index_right": 6907, "score": 0.115, "d_ndvi": -0.023, "ssim": 0.855, "damage_class": "none" }, "geometry": { "type": "Point", "coordinates": [ -118.064138783269996, 34.170565164661298 ] } },
{ "type": "Feature", "properties": { "DAMAGE": "No Damage", "STRUCTURETYPE": "Single Family Residence Single Story", "index_right": 6657, "score": 0.044, "d_ndvi": 0.012, "ssim": 0.926, "damage_class": "none" }, "geometry": { "type": "Point", "coordinates": [ -118.045165788649001, 34.172262747996101 ] } },
{ "type": "Feature", "properties": { "DAMAGE": "No Damage", "STRUCTURETYPE": "Utility Misc Structure", "index_right": 6657, "score": 0.044, "d_ndvi": 0.012, "ssim": 0.926, "damage_class": "none" }, "geometry": { "type": "Point", "coordinates": [ -118.045253378881, 34.172227942090501 ] } },
{ "type": "Feature", "properties": { "DAMAGE": "No Damage", "STRUCTURETYPE": "Single Family Residence Multi Story", "index_right": 6562, "score": 0.013, "d_ndvi": 0.037, "ssim": 0.964, "damage_class": "none" }, "geometry": { "type": "Point", "coordinates": [ -118.045459113795005, 34.172318332255102 ] } },
{ "type": "Feature", "properties": { "DAMAGE": "No Damage", "STRUCTURETYPE": "Single Family Residence Multi Story", "index_right": 6656, "score": 0.041, "d_ndvi": 0.033, "ssim": 0.912, "damage_class": "none" }, "geometry": { "type": "Point", "coordinates": [ -118.045569496927996, 34.172091463797599 ] } },
{ "type": "Feature", "properties": { "DAMAGE": "No Damage", "STRUCTURETYPE": "Single Family Residence Multi Story", "index_right": 6752, "score": 0.055, "d_ndvi": 0.02, "ssim": 0.901, "damage_class": "none" }, "geometry": { "type": "Point", "coordinates": [ -118.045454101142994, 34.1716060539908 ] } },
{ "type": "Feature", "properties": { "DAMAGE": "No Damage", "STRUCTURETYPE": "Single Family Residence Single Story", "index_right": 6752, "score": 0.055, "d_ndvi": 0.02, "ssim": 0.901, "damage_class": "none" }, "geometry": { "type": "Point", "coordinates": [ -118.045151436959003, 34.171731158765198 ] } },
{ "type": "Feature", "properties": { "DAMAGE": "No Damage", "STRUCTURETYPE": "Single Family Residence Single Story", "index_right": 6941, "score": 0.035, "d_ndvi": 0.046, "ssim": 0.914, "damage_class": "none" }, "geometry": { "type": "Point", "coordinates": [ -118.045667947791003, 34.170950457836703 ] } },
{ "type": "Feature", "properties": { "DAMAGE": "No Damage", "STRUCTURETYPE": "Single Family Residence Single Story", "index_right": 6942, "score": 0.025, "d_ndvi": 0.069, "ssim": 0.926, "damage_class": "none" }, "geometry": { "type": "Point", "coordinates": [ -118.045358823129007, 34.1709772328743 ] } },
{ "type": "Feature", "properties": { "DAMAGE": "No Damage", "STRUCTURETYPE": "Single Family Residence Single Story", "index_right": 6942, "score": 0.025, "d_ndvi": 0.069, "ssim": 0.926, "damage_class": "none" }, "geometry": { "type": "Point", "coordinates": [ -118.045136850294, 34.1707588431142 ] } },
{ "type": "Feature", "properties": { "DAMAGE": "No Damage", "STRUCTURETYPE": "Utility Misc Structure", "index_right": 6942, "score": 0.025, "d_ndvi": 0.069, "ssim": 0.926, "damage_class": "none" }, "geometry": { "type": "Point", "coordinates": [ -118.045182916526997, 34.170627140680701 ] } },
{ "type": "Feature", "properties": { "DAMAGE": "No Damage", "STRUCTURETYPE": "Single Family Residence Single Story", "index_right": 7037, "score": 0.01, "d_ndvi": 0.059, "ssim": 0.944, "damage_class": "none" }, "geometry": { "type": "Point", "coordinates": [ -118.045324683074, 34.1704525024549 ] } },
{ "type": "Feature", "properties": { "DAMAGE": "No Damage", "STRUCTURETYPE": "Single Family Residence Multi Story", "index_right": 7036, "score": 0.028, "d_ndvi": 0.032, "ssim": 0.926, "damage_class": "none" }, "geometry": { "type": "Point", "coordinates": [ -118.045581439130999, 34.170448615877397 ] } },
{ "type": "Feature", "properties": { "DAMAGE": "No Damage", "STRUCTURETYPE": "Utility Misc Structure", "index_right": 7036, "score": 0.028, "d_ndvi": 0.032, "ssim": 0.926, "damage_class": "none" }, "geometry": { "type": "Point", "coordinates": [ -118.045689458848997, 34.170372301502802 ] } },
{ "type": "Feature", "properties": { "DAMAGE": "No Damage", "STRUCTURETYPE": "Single Family Residence Multi Story", "index_right": 6941, "score": 0.035, "d_ndvi": 0.046, "ssim": 0.914, "damage_class": "none" }, "geometry": { "type": "Point", "coordinates": [ -118.045768286015004, 34.170582185562701 ] } },
{ "type": "Feature", "properties": { "DAMAGE": "No Damage", "STRUCTURETYPE": "Single Family Residence Single Story", "index_right": 6941, "score": 0.035, "d_ndvi": 0.046, "ssim": 0.914, "damage_class": "none" }, "geometry": { "type": "Point", "coordinates": [ -118.045963493520006, 34.170604013724699 ] } },
{ "type": "Feature", "properties": { "DAMAGE": "No Damage", "STRUCTURETYPE": "Utility Misc Structure", "index_right": 6941, "score": 0.035, "d_ndvi": 0.046, "ssim": 0.914, "damage_class": "none" }, "geometry": { "type": "Point", "coordinates": [ -118.045902153857, 34.170608880447503 ] } },
{ "type": "Feature", "properties": { "DAMAGE": "No Damage", "STRUCTURETYPE": "Single Family Residence Multi Story", "index_right": 6846, "score": 0.043, "d_ndvi": 0.038, "ssim": 0.913, "damage_class": "none" }, "geometry": { "type": "Point", "coordinates": [ -118.045570328143, 34.171165841870703 ] } },
{ "type": "Feature", "properties": { "DAMAGE": "No Damage", "STRUCTURETYPE": "Single Family Residence Single Story", "index_right": 7129, "score": 0.05, "d_ndvi": 0.039, "ssim": 0.893, "damage_class": "none" }, "geometry": { "type": "Point", "coordinates": [ -118.046598999481006, 34.169994000352503 ] } },
{ "type": "Feature", "properties": { "DAMAGE": "No Damage", "STRUCTURETYPE": "Single Family Residence Multi Story", "index_right": 7129, "score": 0.05, "d_ndvi": 0.039, "ssim": 0.893, "damage_class": "none" }, "geometry": { "type": "Point", "coordinates": [ -118.046937349933003, 34.170042992716901 ] } },
{ "type": "Feature", "properties": { "DAMAGE": "No Damage", "STRUCTURETYPE": "Single Family Residence Multi Story", "index_right": 7034, "score": 0.025, "d_ndvi": 0.029, "ssim": 0.935, "damage_class": "none" }, "geometry": { "type": "Point", "coordinates": [ -118.046848645790007, 34.170178787566996 ] } },
{ "type": "Feature", "properties": { "DAMAGE": "No Damage", "STRUCTURETYPE": "Single Family Residence Single Story", "index_right": 7034, "score": 0.025, "d_ndvi": 0.029, "ssim": 0.935, "damage_class": "none" }, "geometry": { "type": "Point", "coordinates": [ -118.046813190183997, 34.170324120948202 ] } },
{ "type": "Feature", "properties": { "DAMAGE": "No Damage", "STRUCTURETYPE": "Single Family Residence Single Story", "index_right": 7035, "score": 0.023, "d_ndvi": 0.042, "ssim": 0.929, "damage_class": "none" }, "geometry": { "type": "Point", "coordinates": [ -118.046567692295, 34.170309840323199 ] } },
{ "type": "Feature", "properties": { "DAMAGE": "No Damage", "STRUCTURETYPE": "Single Family Residence Multi Story", "index_right": 6847, "score": 0.049, "d_ndvi": 0.052, "ssim": 0.89, "damage_class": "none" }, "geometry": { "type": "Point", "coordinates": [ -118.045471362084996, 34.171349045572804 ] } },
{ "type": "Feature", "properties": { "DAMAGE": "No Damage", "STRUCTURETYPE": "Utility Misc Structure", "index_right": 6751, "score": 0.018, "d_ndvi": 0.048, "ssim": 0.939, "damage_class": "none" }, "geometry": { "type": "Point", "coordinates": [ -118.045630230227999, 34.171578106336497 ] } },
{ "type": "Feature", "properties": { "DAMAGE": "No Damage", "STRUCTURETYPE": "Single Family Residence Multi Story", "index_right": 7034, "score": 0.025, "d_ndvi": 0.029, "ssim": 0.935, "damage_class": "none" }, "geometry": { "type": "Point", "coordinates": [ -118.046601110522005, 34.170214135397501 ] } },
{ "type": "Feature", "properties": { "DAMAGE": "No Damage", "STRUCTURETYPE": "Single Family Residence Single Story", "index_right": 7035, "score": 0.023, "d_ndvi": 0.042, "ssim": 0.929, "damage_class": "none" }, "geometry": { "type": "Point", "coordinates": [ -118.046302117059994, 34.170239950400997 ] } },
{ "type": "Feature", "properties": { "DAMAGE": "No Damage", "STRUCTURETYPE": "Single Family Residence Single Story", "index_right": 7130, "score": 0.023, "d_ndvi": 0.07, "ssim": 0.935, "damage_class": "none" }, "geometry": { "type": "Point", "coordinates": [ -118.046436744876004, 34.169944796135198 ] } },
{ "type": "Feature", "properties": { "DAMAGE": "No Damage", "STRUCTURETYPE": "Single Family Residence Single Story", "index_right": 7130, "score": 0.023, "d_ndvi": 0.07, "ssim": 0.935, "damage_class": "none" }, "geometry": { "type": "Point", "coordinates": [ -118.046060000428994, 34.169752500142003 ] } },
{ "type": "Feature", "properties": { "DAMAGE": "No Damage", "STRUCTURETYPE": "Single Family Residence Single Story", "index_right": 7131, "score": 0.029, "d_ndvi": 0.014, "ssim": 0.947, "damage_class": "none" }, "geometry": { "type": "Point", "coordinates": [ -118.045897499686006, 34.169691000264201 ] } },
{ "type": "Feature", "properties": { "DAMAGE": "No Damage", "STRUCTURETYPE": "Single Family Residence Single Story", "index_right": 7226, "score": 0.033, "d_ndvi": 0.03, "ssim": 0.939, "damage_class": "none" }, "geometry": { "type": "Point", "coordinates": [ -118.045682000137006, 34.1696070000324 ] } },
{ "type": "Feature", "properties": { "DAMAGE": "No Damage", "STRUCTURETYPE": "Single Family Residence Single Story", "index_right": 7131, "score": 0.029, "d_ndvi": 0.014, "ssim": 0.947, "damage_class": "none" }, "geometry": { "type": "Point", "coordinates": [ -118.045603643687997, 34.1697707609407 ] } },
{ "type": "Feature", "properties": { "DAMAGE": "No Damage", "STRUCTURETYPE": "Single Family Residence Single Story", "index_right": 7131, "score": 0.029, "d_ndvi": 0.014, "ssim": 0.947, "damage_class": "none" }, "geometry": { "type": "Point", "coordinates": [ -118.045818579992996, 34.169873407529899 ] } },
{ "type": "Feature", "properties": { "DAMAGE": "No Damage", "STRUCTURETYPE": "Single Family Residence Single Story", "index_right": 7131, "score": 0.029, "d_ndvi": 0.014, "ssim": 0.947, "damage_class": "none" }, "geometry": { "type": "Point", "coordinates": [ -118.045547000417997, 34.1699214998957 ] } },
{ "type": "Feature", "properties": { "DAMAGE": "No Damage", "STRUCTURETYPE": "Single Family Residence Single Story", "index_right": 7131, "score": 0.029, "d_ndvi": 0.014, "ssim": 0.947, "damage_class": "none" }, "geometry": { "type": "Point", "coordinates": [ -118.045737122559999, 34.1700648210184 ] } },
{ "type": "Feature", "properties": { "DAMAGE": "No Damage", "STRUCTURETYPE": "Single Family Residence Single Story", "index_right": 7132, "score": 0.025, "d_ndvi": 0.067, "ssim": 0.925, "damage_class": "none" }, "geometry": { "type": "Point", "coordinates": [ -118.045429499880996, 34.169840499629302 ] } },
{ "type": "Feature", "properties": { "DAMAGE": "No Damage", "STRUCTURETYPE": "Single Family Residence Single Story", "index_right": 7132, "score": 0.025, "d_ndvi": 0.067, "ssim": 0.925, "damage_class": "none" }, "geometry": { "type": "Point", "coordinates": [ -118.045446499598995, 34.169705500251503 ] } },
{ "type": "Feature", "properties": { "DAMAGE": "No Damage", "STRUCTURETYPE": "Single Family Residence Single Story", "index_right": 7227, "score": 0.023, "d_ndvi": 0.038, "ssim": 0.946, "damage_class": "none" }, "geometry": { "type": "Point", "coordinates": [ -118.045513300120007, 34.169577508735102 ] } },
{ "type": "Feature", "properties": { "DAMAGE": "No Damage", "STRUCTURETYPE": "Single Family Residence Single Story", "index_right": 7037, "score": 0.01, "d_ndvi": 0.059, "ssim": 0.944, "damage_class": "none" }, "geometry": { "type": "Point", "coordinates": [ -118.045434140577996, 34.170105821999002 ] } },
{ "type": "Feature", "properties": { "DAMAGE": "No Damage", "STRUCTURETYPE": "Single Family Residence Single Story", "index_right": 7036, "score": 0.028, "d_ndvi": 0.032, "ssim": 0.926, "damage_class": "none" }, "geometry": { "type": "Point", "coordinates": [ -118.045580999855005, 34.170168999814798 ] } },
{ "type": "Feature", "properties": { "DAMAGE": "No Damage", "STRUCTURETYPE": "Single Family Residence Single Story", "index_right": 7130, "score": 0.023, "d_ndvi": 0.07, "ssim": 0.935, "damage_class": "none" }, "geometry": { "type": "Point", "coordinates": [ -118.046315519923994, 34.169857995610201 ] } },
{ "type": "Feature", "properties": { "DAMAGE": "No Damage", "STRUCTURETYPE": "Single Family Residence Single Story", "index_right": 7130, "score": 0.023, "d_ndvi": 0.07, "ssim": 0.935, "damage_class": "none" }, "geometry": { "type": "Point", "coordinates": [ -118.046227603603, 34.169828966699001 ] } },
{ "type": "Feature", "properties": { "DAMAGE": "No Damage", "STRUCTURETYPE": "Single Family Residence Multi Story", "index_right": 7130, "score": 0.023, "d_ndvi": 0.07, "ssim": 0.935, "damage_class": "none" }, "geometry": { "type": "Point", "coordinates": [ -118.046183119928997, 34.169986950688099 ] } },
{ "type": "Feature", "properties": { "DAMAGE": "No Damage", "STRUCTURETYPE": "Single Family Residence Single Story", "index_right": 7035, "score": 0.023, "d_ndvi": 0.042, "ssim": 0.929, "damage_class": "none" }, "geometry": { "type": "Point", "coordinates": [ -118.046130667298996, 34.170164378336501 ] } },
{ "type": "Feature", "properties": { "DAMAGE": "No Damage", "STRUCTURETYPE": "Single Family Residence Single Story", "index_right": 7131, "score": 0.029, "d_ndvi": 0.014, "ssim": 0.947, "damage_class": "none" }, "geometry": { "type": "Point", "coordinates": [ -118.046004089286001, 34.169873397124398 ] } },
{ "type": "Feature", "properties": { "DAMAGE": "No Damage", "STRUCTURETYPE": "Single Family Residence Single Story", "index_right": 7131, "score": 0.029, "d_ndvi": 0.014, "ssim": 0.947, "damage_class": "none" }, "geometry": { "type": "Point", "coordinates": [ -118.045899955679999, 34.170042707311602 ] } },
{ "type": "Feature", "properties": { "DAMAGE": "No Damage", "STRUCTURETYPE": "Single Family Residence Multi Story", "index_right": 7036, "score": 0.028, "d_ndvi": 0.032, "ssim": 0.926, "damage_class": "none" }, "geometry": { "type": "Point", "coordinates": [ -118.045709088834997, 34.170242059719797 ] } },
{ "type": "Feature", "properties": { "DAMAGE": "No Damage", "STRUCTURETYPE": "Single Family Residence Single Story", "index_right": 7036, "score": 0.028, "d_ndvi": 0.032, "ssim": 0.926, "damage_class": "none" }, "geometry": { "type": "Point", "coordinates": [ -118.045849513479993, 34.170304216964098 ] } },
{ "type": "Feature", "properties": { "DAMAGE": "No Damage", "STRUCTURETYPE": "Single Family Residence Single Story", "index_right": 7035, "score": 0.023, "d_ndvi": 0.042, "ssim": 0.929, "damage_class": "none" }, "geometry": { "type": "Point", "coordinates": [ -118.046518846401995, 34.170498913848803 ] } },
{ "type": "Feature", "properties": { "DAMAGE": "No Damage", "STRUCTURETYPE": "Single Family Residence Single Story", "index_right": 7035, "score": 0.023, "d_ndvi": 0.042, "ssim": 0.929, "damage_class": "none" }, "geometry": { "type": "Point", "coordinates": [ -118.046261773720005, 34.170441655439603 ] } },
{ "type": "Feature", "properties": { "DAMAGE": "No Damage", "STRUCTURETYPE": "Utility Misc Structure", "index_right": 7035, "score": 0.023, "d_ndvi": 0.042, "ssim": 0.929, "damage_class": "none" }, "geometry": { "type": "Point", "coordinates": [ -118.046370433039002, 34.170475448303698 ] } },
{ "type": "Feature", "properties": { "DAMAGE": "No Damage", "STRUCTURETYPE": "Single Family Residence Single Story", "index_right": 7035, "score": 0.023, "d_ndvi": 0.042, "ssim": 0.929, "damage_class": "none" }, "geometry": { "type": "Point", "coordinates": [ -118.046106702044, 34.170394015260101 ] } },
{ "type": "Feature", "properties": { "DAMAGE": "No Damage", "STRUCTURETYPE": "Single Family Residence Multi Story", "index_right": 6088, "score": 0.323, "d_ndvi": -0.144, "ssim": 0.72, "damage_class": "severe" }, "geometry": { "type": "Point", "coordinates": [ -118.044565084320993, 34.174638418727604 ] } },
{ "type": "Feature", "properties": { "DAMAGE": "No Damage", "STRUCTURETYPE": "Single Family Residence Single Story", "index_right": 7130, "score": 0.023, "d_ndvi": 0.07, "ssim": 0.935, "damage_class": "none" }, "geometry": { "type": "Point", "coordinates": [ -118.046341261148001, 34.169674588645002 ] } },
{ "type": "Feature", "properties": { "DAMAGE": "No Damage", "STRUCTURETYPE": "Single Family Residence Single Story", "index_right": 7225, "score": 0.069, "d_ndvi": 0.039, "ssim": 0.882, "damage_class": "none" }, "geometry": { "type": "Point", "coordinates": [ -118.046489127436999, 34.1694330622501 ] } },
{ "type": "Feature", "properties": { "DAMAGE": "No Damage", "STRUCTURETYPE": "Single Family Residence Multi Story", "index_right": 7319, "score": 0.03, "d_ndvi": 0.036, "ssim": 0.946, "damage_class": "none" }, "geometry": { "type": "Point", "coordinates": [ -118.046694439191995, 34.1689709812307 ] } },
{ "type": "Feature", "properties": { "DAMAGE": "No Damage", "STRUCTURETYPE": "Single Family Residence Single Story", "index_right": 7129, "score": 0.05, "d_ndvi": 0.039, "ssim": 0.893, "damage_class": "none" }, "geometry": { "type": "Point", "coordinates": [ -118.046702666862004, 34.169765469776301 ] } },
{ "type": "Feature", "properties": { "DAMAGE": "No Damage", "STRUCTURETYPE": "Single Family Residence Multi Story", "index_right": 7224, "score": 0.033, "d_ndvi": 0.054, "ssim": 0.926, "damage_class": "none" }, "geometry": { "type": "Point", "coordinates": [ -118.046771206521001, 34.169433775025297 ] } },
{ "type": "Feature", "properties": { "DAMAGE": "No Damage", "STRUCTURETYPE": "Single Family Residence Multi Story", "index_right": 7224, "score": 0.033, "d_ndvi": 0.054, "ssim": 0.926, "damage_class": "none" }, "geometry": { "type": "Point", "coordinates": [ -118.046799851100999, 34.169328588961797 ] } },
{ "type": "Feature", "properties": { "DAMAGE": "No Damage", "STRUCTURETYPE": "Single Family Residence Multi Story", "index_right": 7224, "score": 0.033, "d_ndvi": 0.054, "ssim": 0.926, "damage_class": "none" }, "geometry": { "type": "Point", "coordinates": [ -118.046829874593996, 34.169223717905403 ] } },
{ "type": "Feature", "properties": { "DAMAGE": "No Damage", "STRUCTURETYPE": "Single Family Residence Multi Story", "index_right": 7319, "score": 0.03, "d_ndvi": 0.036, "ssim": 0.946, "damage_class": "none" }, "geometry": { "type": "Point", "coordinates": [ -118.046859827120997, 34.169111173393297 ] } },
{ "type": "Feature", "properties": { "DAMAGE": "No Damage", "STRUCTURETYPE": "Single Family Residence Single Story", "index_right": 7130, "score": 0.023, "d_ndvi": 0.07, "ssim": 0.935, "damage_class": "none" }, "geometry": { "type": "Point", "coordinates": [ -118.046518284954999, 34.169720432805399 ] } },
{ "type": "Feature", "properties": { "DAMAGE": "No Damage", "STRUCTURETYPE": "Single Family Residence Single Story", "index_right": 7225, "score": 0.069, "d_ndvi": 0.039, "ssim": 0.882, "damage_class": "none" }, "geometry": { "type": "Point", "coordinates": [ -118.046511643710005, 34.169563303795002 ] } },
{ "type": "Feature", "properties": { "DAMAGE": "No Damage", "STRUCTURETYPE": "Single Family Residence Multi Story", "index_right": 7224, "score": 0.033, "d_ndvi": 0.054, "ssim": 0.926, "damage_class": "none" }, "geometry": { "type": "Point", "coordinates": [ -118.046610100861002, 34.169192976326798 ] } },
{ "type": "Feature", "properties": { "DAMAGE": "No Damage", "STRUCTURETYPE": "Single Family Residence Multi Story", "index_right": 7319, "score": 0.03, "d_ndvi": 0.036, "ssim": 0.946, "damage_class": "none" }, "geometry": { "type": "Point", "coordinates": [ -118.046864715751994, 34.168978071858902 ] } },
{ "type": "Feature", "properties": { "DAMAGE": "No Damage", "STRUCTURETYPE": "Single Family Residence Multi Story", "index_right": 7319, "score": 0.03, "d_ndvi": 0.036, "ssim": 0.946, "damage_class": "none" }, "geometry": { "type": "Point", "coordinates": [ -118.047001163556004, 34.168994945173097 ] } },
{ "type": "Feature", "properties": { "DAMAGE": "No Damage", "STRUCTURETYPE": "Single Family Residence Multi Story", "index_right": 4586, "score": 0.179, "d_ndvi": -0.06, "ssim": 0.823, "damage_class": "moderate" }, "geometry": { "type": "Point", "coordinates": [ -118.085934766009998, 34.181083838966899 ] } },
{ "type": "Feature", "properties": { "DAMAGE": "No Damage", "STRUCTURETYPE": "Utility Misc Structure", "index_right": 4586, "score": 0.179, "d_ndvi": -0.06, "ssim": 0.823, "damage_class": "moderate" }, "geometry": { "type": "Point", "coordinates": [ -118.086037573702995, 34.180906721874102 ] } },
{ "type": "Feature", "properties": { "DAMAGE": "No Damage", "STRUCTURETYPE": "Single Family Residence Multi Story", "index_right": 4681, "score": 0.252, "d_ndvi": -0.076, "ssim": 0.764, "damage_class": "moderate" }, "geometry": { "type": "Point", "coordinates": [ -118.086241330473996, 34.180829693873797 ] } },
{ "type": "Feature", "properties": { "DAMAGE": "No Damage", "STRUCTURETYPE": "Single Family Residence Single Story", "index_right": 7225, "score": 0.069, "d_ndvi": 0.039, "ssim": 0.882, "damage_class": "none" }, "geometry": { "type": "Point", "coordinates": [ -118.046143209576996, 34.1693748197996 ] } },
{ "type": "Feature", "properties": { "DAMAGE": "No Damage", "STRUCTURETYPE": "Single Family Residence Multi Story", "index_right": 6375, "score": 0.028, "d_ndvi": 0.048, "ssim": 0.93, "damage_class": "none" }, "geometry": { "type": "Point", "coordinates": [ -118.043701946165001, 34.173650094755601 ] } },
{ "type": "Feature", "properties": { "DAMAGE": "No Damage", "STRUCTURETYPE": "Utility Misc Structure", "index_right": 6375, "score": 0.028, "d_ndvi": 0.048, "ssim": 0.93, "damage_class": "none" }, "geometry": { "type": "Point", "coordinates": [ -118.043864167532007, 34.173633444592298 ] } },
{ "type": "Feature", "properties": { "DAMAGE": "No Damage", "STRUCTURETYPE": "Single Family Residence Single Story", "index_right": 7225, "score": 0.069, "d_ndvi": 0.039, "ssim": 0.882, "damage_class": "none" }, "geometry": { "type": "Point", "coordinates": [ -118.046056962327, 34.169540402857798 ] } },
{ "type": "Feature", "properties": { "DAMAGE": "No Damage", "STRUCTURETYPE": "Single Family Residence Single Story", "index_right": 7226, "score": 0.033, "d_ndvi": 0.03, "ssim": 0.939, "damage_class": "none" }, "geometry": { "type": "Point", "coordinates": [ -118.045902401792006, 34.169449298509697 ] } },
{ "type": "Feature", "properties": { "DAMAGE": "No Damage", "STRUCTURETYPE": "Single Family Residence Multi Story", "index_right": 6475, "score": 0.018, "d_ndvi": 0.022, "ssim": 0.945, "damage_class": "none" }, "geometry": { "type": "Point", "coordinates": [ -118.040885999937998, 34.172995499985397 ] } },
{ "type": "Feature", "properties": { "DAMAGE": "No Damage", "STRUCTURETYPE": "Single Family Residence Single Story", "index_right": 6940, "score": 0.025, "d_ndvi": 0.041, "ssim": 0.925, "damage_class": "none" }, "geometry": { "type": "Point", "coordinates": [ -118.046256974423997, 34.170609453606403 ] } },
{ "type": "Feature", "properties": { "DAMAGE": "No Damage", "STRUCTURETYPE": "Single Family Residence Multi Story", "index_right": 6657, "score": 0.044, "d_ndvi": 0.012, "ssim": 0.926, "damage_class": "none" }, "geometry": { "type": "Point", "coordinates": [ -118.045383037218002, 34.1719973246392 ] } },
{ "type": "Feature", "properties": { "DAMAGE": "No Damage", "STRUCTURETYPE": "Single Family Residence Multi Story", "index_right": 4680, "score": 0.132, "d_ndvi": -0.059, "ssim": 0.877, "damage_class": "none" }, "geometry": { "type": "Point", "coordinates": [ -118.086521650657005, 34.180549939053201 ] } },
{ "type": "Feature", "properties": { "DAMAGE": "No Damage", "STRUCTURETYPE": "Single Family Residence Multi Story", "index_right": 4775, "score": 0.192, "d_ndvi": -0.055, "ssim": 0.798, "damage_class": "moderate" }, "geometry": { "type": "Point", "coordinates": [ -118.086667767926002, 34.180362473933101 ] } },
{ "type": "Feature", "properties": { "DAMAGE": "Major (26-50%)", "STRUCTURETYPE": "Infrastructure", "index_right": 5561, "score": 0.488, "d_ndvi": -0.275, "ssim": 0.61, "damage_class": "severe" }, "geometry": { "type": "Point", "coordinates": [ -118.072418413310004, 34.176916973410002 ] } },
{ "type": "Feature", "properties": { "DAMAGE": "Destroyed (>50%)", "STRUCTURETYPE": "Commercial Building Single Story", "index_right": 6339, "score": 0.147, "d_ndvi": -0.088, "ssim": 0.883, "damage_class": "none" }, "geometry": { "type": "Point", "coordinates": [ -118.062759589932995, 34.173054878545102 ] } },
{ "type": "Feature", "properties": { "DAMAGE": "Affected (1-9%)", "STRUCTURETYPE": "Single Family Residence Single Story", "index_right": 6158, "score": 0.099, "d_ndvi": -0.015, "ssim": 0.865, "damage_class": "none" }, "geometry": { "type": "Point", "coordinates": [ -118.058069524461999, 34.174059890041796 ] } },
{ "type": "Feature", "properties": { "DAMAGE": "Affected (1-9%)", "STRUCTURETYPE": "Single Family Residence Single Story", "index_right": 6253, "score": 0.097, "d_ndvi": -0.036, "ssim": 0.891, "damage_class": "none" }, "geometry": { "type": "Point", "coordinates": [ -118.057983741640996, 34.173808441710698 ] } },
{ "type": "Feature", "properties": { "DAMAGE": "No Damage", "STRUCTURETYPE": "Single Family Residence Single Story", "index_right": 7682, "score": 0.233, "d_ndvi": -0.142, "ssim": 0.835, "damage_class": "moderate" }, "geometry": { "type": "Point", "coordinates": [ -118.055849919446999, 34.166977328639703 ] } },
{ "type": "Feature", "properties": { "DAMAGE": "Destroyed (>50%)", "STRUCTURETYPE": "Single Family Residence Single Story", "index_right": 7682, "score": 0.233, "d_ndvi": -0.142, "ssim": 0.835, "damage_class": "moderate" }, "geometry": { "type": "Point", "coordinates": [ -118.055881761131005, 34.167204035352398 ] } },
{ "type": "Feature", "properties": { "DAMAGE": "Destroyed (>50%)", "STRUCTURETYPE": "Single Family Residence Multi Story", "index_right": 7683, "score": 0.225, "d_ndvi": -0.1, "ssim": 0.8, "damage_class": "moderate" }, "geometry": { "type": "Point", "coordinates": [ -118.055591293578999, 34.167104151220599 ] } },
{ "type": "Feature", "properties": { "DAMAGE": "No Damage", "STRUCTURETYPE": "Single Family Residence Multi Story", "index_right": 7588, "score": 0.085, "d_ndvi": -0.033, "ssim": 0.921, "damage_class": "none" }, "geometry": { "type": "Point", "coordinates": [ -118.05537280803, 34.167745404770201 ] } },
{ "type": "Feature", "properties": { "DAMAGE": "No Damage", "STRUCTURETYPE": "Single Family Residence Multi Story", "index_right": 7588, "score": 0.085, "d_ndvi": -0.033, "ssim": 0.921, "damage_class": "none" }, "geometry": { "type": "Point", "coordinates": [ -118.055337167370993, 34.167598265275601 ] } },
{ "type": "Feature", "properties": { "DAMAGE": "No Damage", "STRUCTURETYPE": "Utility Misc Structure", "index_right": 7588, "score": 0.085, "d_ndvi": -0.033, "ssim": 0.921, "damage_class": "none" }, "geometry": { "type": "Point", "coordinates": [ -118.055564411494004, 34.167621050790501 ] } },
{ "type": "Feature", "properties": { "DAMAGE": "No Damage", "STRUCTURETYPE": "Single Family Residence Multi Story", "index_right": 7587, "score": 0.128, "d_ndvi": -0.026, "ssim": 0.855, "damage_class": "none" }, "geometry": { "type": "Point", "coordinates": [ -118.055696414433001, 34.167465054325199 ] } },
{ "type": "Feature", "properties": { "DAMAGE": "No Damage", "STRUCTURETYPE": "Single Family Residence Multi Story", "index_right": 7683, "score": 0.225, "d_ndvi": -0.1, "ssim": 0.8, "damage_class": "moderate" }, "geometry": { "type": "Point", "coordinates": [ -118.055293777844994, 34.167036316757297 ] } },
{ "type": "Feature", "properties": { "DAMAGE": "Destroyed (>50%)", "STRUCTURETYPE": "Utility Misc Structure", "index_right": 7683, "score": 0.225, "d_ndvi": -0.1, "ssim": 0.8, "damage_class": "moderate" }, "geometry": { "type": "Point", "coordinates": [ -118.055466537349005, 34.167201841968399 ] } },
{ "type": "Feature", "properties": { "DAMAGE": "No Damage", "STRUCTURETYPE": "Single Family Residence Multi Story", "index_right": 7493, "score": 0.067, "d_ndvi": 0.011, "ssim": 0.89, "damage_class": "none" }, "geometry": { "type": "Point", "coordinates": [ -118.055318373717, 34.167874618757899 ] } },
{ "type": "Feature", "properties": { "DAMAGE": "No Damage", "STRUCTURETYPE": "Utility Misc Structure", "index_right": 7493, "score": 0.067, "d_ndvi": 0.011, "ssim": 0.89, "damage_class": "none" }, "geometry": { "type": "Point", "coordinates": [ -118.055608357975999, 34.167895226440798 ] } },
{ "type": "Feature", "properties": { "DAMAGE": "Affected (1-9%)", "STRUCTURETYPE": "Single Family Residence Single Story", "index_right": 7683, "score": 0.225, "d_ndvi": -0.1, "ssim": 0.8, "damage_class": "moderate" }, "geometry": { "type": "Point", "coordinates": [ -118.055309144426005, 34.167313009522701 ] } },
{ "type": "Feature", "properties": { "DAMAGE": "No Damage", "STRUCTURETYPE": "Utility Misc Structure", "index_right": 7683, "score": 0.225, "d_ndvi": -0.1, "ssim": 0.8, "damage_class": "moderate" }, "geometry": { "type": "Point", "coordinates": [ -118.055175013378005, 34.167266531534104 ] } },
{ "type": "Feature", "properties": { "DAMAGE": "No Damage", "STRUCTURETYPE": "Single Family Residence Multi Story", "index_right": 7682, "score": 0.233, "d_ndvi": -0.142, "ssim": 0.835, "damage_class": "moderate" }, "geometry": { "type": "Point", "coordinates": [ -118.056053117466007, 34.167002588667401 ] } },
{ "type": "Feature", "properties": { "DAMAGE": "No Damage", "STRUCTURETYPE": "Single Family Residence Multi Story", "index_right": 7681, "score": 0.053, "d_ndvi": 0.0, "ssim": 0.922, "damage_class": "none" }, "geometry": { "type": "Point", "coordinates": [ -118.056296556416996, 34.166990233292701 ] } },
{ "type": "Feature", "properties": { "DAMAGE": "No Damage", "STRUCTURETYPE": "Utility Misc Structure", "index_right": 7681, "score": 0.053, "d_ndvi": 0.0, "ssim": 0.922, "damage_class": "none" }, "geometry": { "type": "Point", "coordinates": [ -118.056226238991002, 34.167189401147098 ] } },
{ "type": "Feature", "properties": { "DAMAGE": "No Damage", "STRUCTURETYPE": "Single Family Residence Single Story", "index_right": 7682, "score": 0.233, "d_ndvi": -0.142, "ssim": 0.835, "damage_class": "moderate" }, "geometry": { "type": "Point", "coordinates": [ -118.056146938412994, 34.167165763730097 ] } },
{ "type": "Feature", "properties": { "DAMAGE": "No Damage", "STRUCTURETYPE": "Single Family Residence Single Story", "index_right": 7681, "score": 0.053, "d_ndvi": 0.0, "ssim": 0.922, "damage_class": "none" }, "geometry": { "type": "Point", "coordinates": [ -118.056520207277998, 34.1669672461814 ] } },
{ "type": "Feature", "properties": { "DAMAGE": "No Damage", "STRUCTURETYPE": "Utility Misc Structure", "index_right": 7681, "score": 0.053, "d_ndvi": 0.0, "ssim": 0.922, "damage_class": "none" }, "geometry": { "type": "Point", "coordinates": [ -118.056464028437006, 34.167195049984798 ] } },
{ "type": "Feature", "properties": { "DAMAGE": "No Damage", "STRUCTURETYPE": "Single Family Residence Multi Story", "index_right": 7586, "score": 0.051, "d_ndvi": 0.015, "ssim": 0.925, "damage_class": "none" }, "geometry": { "type": "Point", "coordinates": [ -118.056300651835997, 34.167590070783497 ] } },
{ "type": "Feature", "properties": { "DAMAGE": "No Damage", "STRUCTURETYPE": "Single Family Residence Single Story", "index_right": 7491, "score": 0.032, "d_ndvi": 0.036, "ssim": 0.919, "damage_class": "none" }, "geometry": { "type": "Point", "coordinates": [ -118.056388474730994, 34.167947035497903 ] } },
{ "type": "Feature", "properties": { "DAMAGE": "No Damage", "STRUCTURETYPE": "Single Family Residence Multi Story", "index_right": 7492, "score": 0.03, "d_ndvi": 0.027, "ssim": 0.939, "damage_class": "none" }, "geometry": { "type": "Point", "coordinates": [ -118.055866853588995, 34.167973749054397 ] } },
{ "type": "Feature", "properties": { "DAMAGE": "No Damage", "STRUCTURETYPE": "Utility Misc Structure", "index_right": 7492, "score": 0.03, "d_ndvi": 0.027, "ssim": 0.939, "damage_class": "none" }, "geometry": { "type": "Point", "coordinates": [ -118.056152000419004, 34.167813500292198 ] } },
{ "type": "Feature", "properties": { "DAMAGE": "No Damage", "STRUCTURETYPE": "Utility Misc Structure", "index_right": 7491, "score": 0.032, "d_ndvi": 0.036, "ssim": 0.919, "damage_class": "none" }, "geometry": { "type": "Point", "coordinates": [ -118.056503251576999, 34.167793267193801 ] } },
{ "type": "Feature", "properties": { "DAMAGE": "No Damage", "STRUCTURETYPE": "Single Family Residence Multi Story", "index_right": 7586, "score": 0.051, "d_ndvi": 0.015, "ssim": 0.925, "damage_class": "none" }, "geometry": { "type": "Point", "coordinates": [ -118.056353705437999, 34.167748134032898 ] } },
{ "type": "Feature", "properties": { "DAMAGE": "No Damage", "STRUCTURETYPE": "Single Family Residence Multi Story", "index_right": 7586, "score": 0.051, "d_ndvi": 0.015, "ssim": 0.925, "damage_class": "none" }, "geometry": { "type": "Point", "coordinates": [ -118.056276320067994, 34.167402987898299 ] } },
{ "type": "Feature", "properties": { "DAMAGE": "Destroyed (>50%)", "STRUCTURETYPE": "Utility Misc Structure", "index_right": 7682, "score": 0.233, "d_ndvi": -0.142, "ssim": 0.835, "damage_class": "moderate" }, "geometry": { "type": "Point", "coordinates": [ -118.055994000235998, 34.167329999862602 ] } },
{ "type": "Feature", "properties": { "DAMAGE": "Affected (1-9%)", "STRUCTURETYPE": "Single Family Residence Multi Story", "index_right": 6249, "score": 0.077, "d_ndvi": -0.02, "ssim": 0.907, "damage_class": "none" }, "geometry": { "type": "Point", "coordinates": [ -118.060216911216003, 34.173804795522997 ] } },
{ "type": "Feature", "properties": { "DAMAGE": "No Damage", "STRUCTURETYPE": "Infrastructure", "index_right": 1911, "score": 0.331, "d_ndvi": -0.275, "ssim": 0.856, "damage_class": "severe" }, "geometry": { "type": "Point", "coordinates": [ -118.086799796017999, 34.193400927330899 ] } },
{ "type": "Feature", "properties": { "DAMAGE": "No Damage", "STRUCTURETYPE": "Utility Misc Structure", "index_right": 1720, "score": 0.328, "d_ndvi": -0.256, "ssim": 0.843, "damage_class": "severe" }, "geometry": { "type": "Point", "coordinates": [ -118.086322743889994, 34.194183539594199 ] } },
{ "type": "Feature", "properties": { "DAMAGE": "No Damage", "STRUCTURETYPE": "Infrastructure", "index_right": 1720, "score": 0.328, "d_ndvi": -0.256, "ssim": 0.843, "damage_class": "severe" }, "geometry": { "type": "Point", "coordinates": [ -118.086305865444004, 34.194263962191599 ] } },
{ "type": "Feature", "properties": { "DAMAGE": "Destroyed (>50%)", "STRUCTURETYPE": "Infrastructure", "index_right": 1153, "score": 0.477, "d_ndvi": -0.339, "ssim": 0.734, "damage_class": "severe" }, "geometry": { "type": "Point", "coordinates": [ -118.086484666117997, 34.197087046494303 ] } },
{ "type": "Feature", "properties": { "DAMAGE": "No Damage", "STRUCTURETYPE": "Single Family Residence Single Story", "index_right": 7176, "score": 0.166, "d_ndvi": -0.015, "ssim": 0.785, "damage_class": "moderate" }, "geometry": { "type": "Point", "coordinates": [ -118.072455030437993, 34.169012756468099 ] } },
{ "type": "Feature", "properties": { "DAMAGE": "No Damage", "STRUCTURETYPE": "Single Family Residence Single Story", "index_right": 7179, "score": 0.081, "d_ndvi": -0.022, "ssim": 0.888, "damage_class": "none" }, "geometry": { "type": "Point", "coordinates": [ -118.070827889506006, 34.168984591668703 ] } },
{ "type": "Feature", "properties": { "DAMAGE": "No Damage", "STRUCTURETYPE": "Utility Misc Structure", "index_right": 8576, "score": 0.013, "d_ndvi": 0.01, "ssim": 0.943, "damage_class": "none" }, "geometry": { "type": "Point", "coordinates": [ -118.085730642727, 34.162270302537401 ] } },
{ "type": "Feature", "properties": { "DAMAGE": "No Damage", "STRUCTURETYPE": "Single Family Residence Single Story", "index_right": 7920, "score": 0.113, "d_ndvi": -0.016, "ssim": 0.858, "damage_class": "none" }, "geometry": { "type": "Point", "coordinates": [ -118.080860743518997, 34.165513586132299 ] } },
{ "type": "Feature", "properties": { "DAMAGE": "No Damage", "STRUCTURETYPE": "Utility Misc Structure", "index_right": 4682, "score": 0.135, "d_ndvi": -0.041, "ssim": 0.856, "damage_class": "none" }, "geometry": { "type": "Point", "coordinates": [ -118.085272102182003, 34.1804110433701 ] } },
{ "type": "Feature", "properties": { "DAMAGE": "No Damage", "STRUCTURETYPE": "Utility Misc Structure", "index_right": 5847, "score": 0.25, "d_ndvi": -0.179, "ssim": 0.858, "damage_class": "moderate" }, "geometry": { "type": "Point", "coordinates": [ -118.071808362010998, 34.175476310785697 ] } },
{ "type": "Feature", "properties": { "DAMAGE": "No Damage", "STRUCTURETYPE": "Utility Misc Structure", "index_right": 6991, "score": 0.122, "d_ndvi": -0.011, "ssim": 0.834, "damage_class": "none" }, "geometry": { "type": "Point", "coordinates": [ -118.069984353487001, 34.170214307829497 ] } },
{ "type": "Feature", "properties": { "DAMAGE": "Destroyed (>50%)", "STRUCTURETYPE": "Utility Misc Structure", "index_right": 6474, "score": 0.05, "d_ndvi": -0.002, "ssim": 0.934, "damage_class": "none" }, "geometry": { "type": "Point", "coordinates": [ -118.041424667512004, 34.173149752307197 ] } },
{ "type": "Feature", "properties": { "DAMAGE": "Affected (1-9%)", "STRUCTURETYPE": "Commercial Building Single Story", "index_right": 6239, "score": 0.061, "d_ndvi": -0.022, "ssim": 0.916, "damage_class": "none" }, "geometry": { "type": "Point", "coordinates": [ -118.065423325617004, 34.173916075523699 ] } },
{ "type": "Feature", "properties": { "DAMAGE": "Affected (1-9%)", "STRUCTURETYPE": "Commercial Building Single Story", "index_right": 6145, "score": 0.292, "d_ndvi": -0.167, "ssim": 0.778, "damage_class": "moderate" }, "geometry": { "type": "Point", "coordinates": [ -118.064941516909997, 34.174245357306098 ] } },
{ "type": "Feature", "properties": { "DAMAGE": "Minor (10-25%)", "STRUCTURETYPE": "Commercial Building Single Story", "index_right": 6145, "score": 0.292, "d_ndvi": -0.167, "ssim": 0.778, "damage_class": "moderate" }, "geometry": { "type": "Point", "coordinates": [ -118.064834489830005, 34.174214842004901 ] } },
{ "type": "Feature", "properties": { "DAMAGE": "Major (26-50%)", "STRUCTURETYPE": "Infrastructure", "index_right": 5871, "score": 0.432, "d_ndvi": -0.212, "ssim": 0.672, "damage_class": "severe" }, "geometry": { "type": "Point", "coordinates": [ -118.059420827804999, 34.175476784944202 ] } },
{ "type": "Feature", "properties": { "DAMAGE": "No Damage", "STRUCTURETYPE": "Single Family Residence Multi Story", "index_right": 7143, "score": 0.025, "d_ndvi": 0.043, "ssim": 0.94, "damage_class": "none" }, "geometry": { "type": "Point", "coordinates": [ -118.039291183811002, 34.170051862203401 ] } },
{ "type": "Feature", "properties": { "DAMAGE": "No Damage", "STRUCTURETYPE": "Single Family Residence Multi Story", "index_right": 7046, "score": 0.027, "d_ndvi": 0.024, "ssim": 0.93, "damage_class": "none" }, "geometry": { "type": "Point", "coordinates": [ -118.040231862918006, 34.170533258173002 ] } },
{ "type": "Feature", "properties": { "DAMAGE": "No Damage", "STRUCTURETYPE": "Single Family Residence Multi Story", "index_right": 6759, "score": 0.024, "d_ndvi": 0.024, "ssim": 0.956, "damage_class": "none" }, "geometry": { "type": "Point", "coordinates": [ -118.041442063033998, 34.171826516205499 ] } },
{ "type": "Feature", "properties": { "DAMAGE": "No Damage", "STRUCTURETYPE": "Single Family Residence Multi Story", "index_right": 6758, "score": 0.031, "d_ndvi": 0.015, "ssim": 0.951, "damage_class": "none" }, "geometry": { "type": "Point", "coordinates": [ -118.042031085207, 34.171719169109402 ] } },
{ "type": "Feature", "properties": { "DAMAGE": "No Damage", "STRUCTURETYPE": "Single Family Residence Multi Story", "index_right": 6375, "score": 0.028, "d_ndvi": 0.048, "ssim": 0.93, "damage_class": "none" }, "geometry": { "type": "Point", "coordinates": [ -118.043784954987999, 34.173554817248601 ] } },
{ "type": "Feature", "properties": { "DAMAGE": "No Damage", "STRUCTURETYPE": "Single Family Residence Multi Story", "index_right": 7132, "score": 0.025, "d_ndvi": 0.067, "ssim": 0.925, "damage_class": "none" }, "geometry": { "type": "Point", "coordinates": [ -118.045302700882004, 34.170054853388201 ] } },
{ "type": "Feature", "properties": { "DAMAGE": "No Damage", "STRUCTURETYPE": "Single Family Residence Single Story", "index_right": 7007, "score": 0.028, "d_ndvi": -0.002, "ssim": 0.965, "damage_class": "none" }, "geometry": { "type": "Point", "coordinates": [ -118.061450110259003, 34.170376044522001 ] } },
{ "type": "Feature", "properties": { "DAMAGE": "No Damage", "STRUCTURETYPE": "Single Family Residence Multi Story", "index_right": 7005, "score": 0.072, "d_ndvi": -0.01, "ssim": 0.893, "damage_class": "none" }, "geometry": { "type": "Point", "coordinates": [ -118.062512036334994, 34.170176223527697 ] } },
{ "type": "Feature", "properties": { "DAMAGE": "No Damage", "STRUCTURETYPE": "Single Family Residence Single Story", "index_right": 7006, "score": 0.048, "d_ndvi": -0.003, "ssim": 0.924, "damage_class": "none" }, "geometry": { "type": "Point", "coordinates": [ -118.061995348164999, 34.170161961400702 ] } },
{ "type": "Feature", "properties": { "DAMAGE": "No Damage", "STRUCTURETYPE": "Utility Misc Structure", "index_right": 7006, "score": 0.048, "d_ndvi": -0.003, "ssim": 0.924, "damage_class": "none" }, "geometry": { "type": "Point", "coordinates": [ -118.062000929871999, 34.170049777213102 ] } },
{ "type": "Feature", "properties": { "DAMAGE": "No Damage", "STRUCTURETYPE": "Single Family Residence Single Story", "index_right": 6906, "score": 0.097, "d_ndvi": -0.046, "ssim": 0.901, "damage_class": "none" }, "geometry": { "type": "Point", "coordinates": [ -118.064518119837999, 34.170516906150503 ] } },
{ "type": "Feature", "properties": { "DAMAGE": "No Damage", "STRUCTURETYPE": "Single Family Residence Single Story", "index_right": 6906, "score": 0.097, "d_ndvi": -0.046, "ssim": 0.901, "damage_class": "none" }, "geometry": { "type": "Point", "coordinates": [ -118.064302275908005, 34.170505277506003 ] } },
{ "type": "Feature", "properties": { "DAMAGE": "No Damage", "STRUCTURETYPE": "Utility Misc Structure", "index_right": 6907, "score": 0.115, "d_ndvi": -0.023, "ssim": 0.855, "damage_class": "none" }, "geometry": { "type": "Point", "coordinates": [ -118.064233220730003, 34.170480970255397 ] } },
{ "type": "Feature", "properties": { "DAMAGE": "No Damage", "STRUCTURETYPE": "Utility Misc Structure", "index_right": 6907, "score": 0.115, "d_ndvi": -0.023, "ssim": 0.855, "damage_class": "none" }, "geometry": { "type": "Point", "coordinates": [ -118.064236114427999, 34.170571452728304 ] } },
{ "type": "Feature", "properties": { "DAMAGE": "No Damage", "STRUCTURETYPE": "Single Family Residence Single Story", "index_right": 6906, "score": 0.097, "d_ndvi": -0.046, "ssim": 0.901, "damage_class": "none" }, "geometry": { "type": "Point", "coordinates": [ -118.064501975732995, 34.170702445888899 ] } },
{ "type": "Feature", "properties": { "DAMAGE": "No Damage", "STRUCTURETYPE": "Single Family Residence Single Story", "index_right": 7001, "score": 0.111, "d_ndvi": -0.028, "ssim": 0.871, "damage_class": "none" }, "geometry": { "type": "Point", "coordinates": [ -118.064493549004993, 34.170342553989798 ] } },
{ "type": "Feature", "properties": { "DAMAGE": "No Damage", "STRUCTURETYPE": "Utility Misc Structure", "index_right": 7001, "score": 0.111, "d_ndvi": -0.028, "ssim": 0.871, "damage_class": "none" }, "geometry": { "type": "Point", "coordinates": [ -118.064277955663997, 34.170287705869903 ] } },
{ "type": "Feature", "properties": { "DAMAGE": "No Damage", "STRUCTURETYPE": "Single Family Residence Single Story", "index_right": 6508, "score": 0.048, "d_ndvi": -0.013, "ssim": 0.925, "damage_class": "none" }, "geometry": { "type": "Point", "coordinates": [ -118.074231768711996, 34.172112942996698 ] } },
{ "type": "Feature", "properties": { "DAMAGE": "No Damage", "STRUCTURETYPE": "Single Family Residence Single Story", "index_right": 6508, "score": 0.048, "d_ndvi": -0.013, "ssim": 0.925, "damage_class": "none" }, "geometry": { "type": "Point", "coordinates": [ -118.074040679983, 34.1720930706499 ] } },
{ "type": "Feature", "properties": { "DAMAGE": "No Damage", "STRUCTURETYPE": "Utility Misc Structure", "index_right": 6603, "score": 0.073, "d_ndvi": -0.007, "ssim": 0.894, "damage_class": "none" }, "geometry": { "type": "Point", "coordinates": [ -118.073908659077006, 34.171969651364897 ] } },
{ "type": "Feature", "properties": { "DAMAGE": "No Damage", "STRUCTURETYPE": "Single Family Residence Single Story", "index_right": 6509, "score": 0.05, "d_ndvi": 0.0, "ssim": 0.917, "damage_class": "none" }, "geometry": { "type": "Point", "coordinates": [ -118.073707478675004, 34.172179835431201 ] } },
{ "type": "Feature", "properties": { "DAMAGE": "No Damage", "STRUCTURETYPE": "Single Family Residence Single Story", "index_right": 4405, "score": 0.042, "d_ndvi": 0.017, "ssim": 0.939, "damage_class": "none" }, "geometry": { "type": "Point", "coordinates": [ -118.081156514279002, 34.182140190661698 ] } },
{ "type": "Feature", "properties": { "DAMAGE": "No Damage", "STRUCTURETYPE": "Utility Misc Structure", "index_right": 6604, "score": 0.049, "d_ndvi": -0.021, "ssim": 0.927, "damage_class": "none" }, "geometry": { "type": "Point", "coordinates": [ -118.073479758445004, 34.1719740884243 ] } },
{ "type": "Feature", "properties": { "DAMAGE": "Inaccessible", "STRUCTURETYPE": "Single Family Residence Multi Story", "index_right": 6950, "score": 0.035, "d_ndvi": 0.007, "ssim": 0.938, "damage_class": "none" }, "geometry": { "type": "Point", "coordinates": [ -118.041039528309, 34.170657733469596 ] } },
{ "type": "Feature", "properties": { "DAMAGE": "No Damage", "STRUCTURETYPE": "Single Family Residence Single Story", "index_right": 6509, "score": 0.05, "d_ndvi": 0.0, "ssim": 0.917, "damage_class": "none" }, "geometry": { "type": "Point", "coordinates": [ -118.073543248674, 34.172154230610303 ] } },
{ "type": "Feature", "properties": { "DAMAGE": "No Damage", "STRUCTURETYPE": "Single Family Residence Single Story", "index_right": 6604, "score": 0.049, "d_ndvi": -0.021, "ssim": 0.927, "damage_class": "none" }, "geometry": { "type": "Point", "coordinates": [ -118.073432216905005, 34.171746899533503 ] } },
{ "type": "Feature", "properties": { "DAMAGE": "No Damage", "STRUCTURETYPE": "Single Family Residence Single Story", "index_right": 6605, "score": 0.081, "d_ndvi": -0.042, "ssim": 0.912, "damage_class": "none" }, "geometry": { "type": "Point", "coordinates": [ -118.072953156143996, 34.171658262113802 ] } },
{ "type": "Feature", "properties": { "DAMAGE": "No Damage", "STRUCTURETYPE": "Single Family Residence Single Story", "index_right": 6414, "score": 0.091, "d_ndvi": 0.014, "ssim": 0.863, "damage_class": "none" }, "geometry": { "type": "Point", "coordinates": [ -118.073726870607004, 34.172513722298199 ] } },
{ "type": "Feature", "properties": { "DAMAGE": "No Damage", "STRUCTURETYPE": "Single Family Residence Single Story", "index_right": 6509, "score": 0.05, "d_ndvi": 0.0, "ssim": 0.917, "damage_class": "none" }, "geometry": { "type": "Point", "coordinates": [ -118.073469146647, 34.172512576994201 ] } },
{ "type": "Feature", "properties": { "DAMAGE": "No Damage", "STRUCTURETYPE": "Single Family Residence Single Story", "index_right": 6510, "score": 0.142, "d_ndvi": -0.093, "ssim": 0.887, "damage_class": "none" }, "geometry": { "type": "Point", "coordinates": [ -118.073242089374006, 34.172500984971201 ] } },
{ "type": "Feature", "properties": { "DAMAGE": "No Damage", "STRUCTURETYPE": "Single Family Residence Single Story", "index_right": 6415, "score": 0.186, "d_ndvi": -0.077, "ssim": 0.824, "damage_class": "moderate" }, "geometry": { "type": "Point", "coordinates": [ -118.073162000075001, 34.172863500080098 ] } },
{ "type": "Feature", "properties": { "DAMAGE": "No Damage", "STRUCTURETYPE": "Single Family Residence Single Story", "index_right": 6414, "score": 0.091, "d_ndvi": 0.014, "ssim": 0.863, "damage_class": "none" }, "geometry": { "type": "Point", "coordinates": [ -118.073402669518998, 34.172868591124498 ] } },
{ "type": "Feature", "properties": { "DAMAGE": "No Damage", "STRUCTURETYPE": "Single Family Residence Single Story", "index_right": 6414, "score": 0.091, "d_ndvi": 0.014, "ssim": 0.863, "damage_class": "none" }, "geometry": { "type": "Point", "coordinates": [ -118.073709209727994, 34.172868085736198 ] } },
{ "type": "Feature", "properties": { "DAMAGE": "No Damage", "STRUCTURETYPE": "Single Family Residence Single Story", "index_right": 6413, "score": 0.055, "d_ndvi": -0.019, "ssim": 0.942, "damage_class": "none" }, "geometry": { "type": "Point", "coordinates": [ -118.073993866977005, 34.172862565854899 ] } },
{ "type": "Feature", "properties": { "DAMAGE": "No Damage", "STRUCTURETYPE": "Single Family Residence Single Story", "index_right": 6413, "score": 0.055, "d_ndvi": -0.019, "ssim": 0.942, "damage_class": "none" }, "geometry": { "type": "Point", "coordinates": [ -118.074228035313993, 34.172512910700597 ] } },
{ "type": "Feature", "properties": { "DAMAGE": "No Damage", "STRUCTURETYPE": "Single Family Residence Single Story", "index_right": 6508, "score": 0.048, "d_ndvi": -0.013, "ssim": 0.925, "damage_class": "none" }, "geometry": { "type": "Point", "coordinates": [ -118.073955657137006, 34.172506407514199 ] } },
{ "type": "Feature", "properties": { "DAMAGE": "No Damage", "STRUCTURETYPE": "Single Family Residence Single Story", "index_right": 6510, "score": 0.142, "d_ndvi": -0.093, "ssim": 0.887, "damage_class": "none" }, "geometry": { "type": "Point", "coordinates": [ -118.073307932291002, 34.1721043758441 ] } },
{ "type": "Feature", "properties": { "DAMAGE": "No Damage", "STRUCTURETYPE": "Single Family Residence Multi Story", "index_right": 6701, "score": 0.044, "d_ndvi": -0.013, "ssim": 0.934, "damage_class": "none" }, "geometry": { "type": "Point", "coordinates": [ -118.072372265954996, 34.171547558112003 ] } },
{ "type": "Feature", "properties": { "DAMAGE": "No Damage", "STRUCTURETYPE": "Single Family Residence Multi Story", "index_right": 6701, "score": 0.044, "d_ndvi": -0.013, "ssim": 0.934, "damage_class": "none" }, "geometry": { "type": "Point", "coordinates": [ -118.072541783438993, 34.171586631921699 ] } },
{ "type": "Feature", "properties": { "DAMAGE": "No Damage", "STRUCTURETYPE": "Single Family Residence Multi Story", "index_right": 6701, "score": 0.044, "d_ndvi": -0.013, "ssim": 0.934, "damage_class": "none" }, "geometry": { "type": "Point", "coordinates": [ -118.072759179331001, 34.171622063147503 ] } },
{ "type": "Feature", "properties": { "DAMAGE": "No Damage", "STRUCTURETYPE": "Utility Misc Structure", "index_right": 6606, "score": 0.074, "d_ndvi": -0.008, "ssim": 0.884, "damage_class": "none" }, "geometry": { "type": "Point", "coordinates": [ -118.072647831354999, 34.171762023478998 ] } },
{ "type": "Feature", "properties": { "DAMAGE": "No Damage", "STRUCTURETYPE": "Single Family Residence Single Story", "index_right": 7633, "score": 0.055, "d_ndvi": -0.024, "ssim": 0.942, "damage_class": "none" }, "geometry": { "type": "Point", "coordinates": [ -118.082081284495999, 34.166949659665498 ] } },
{ "type": "Feature", "properties": { "DAMAGE": "No Damage", "STRUCTURETYPE": "Single Family Residence Single Story", "index_right": 7225, "score": 0.069, "d_ndvi": 0.039, "ssim": 0.882, "damage_class": "none" }, "geometry": { "type": "Point", "coordinates": [ -118.046173700194998, 34.169209413310099 ] } },
{ "type": "Feature", "properties": { "DAMAGE": "No Damage", "STRUCTURETYPE": "Single Family Residence Single Story", "index_right": 6886, "score": 0.087, "d_ndvi": -0.015, "ssim": 0.879, "damage_class": "none" }, "geometry": { "type": "Point", "coordinates": [ -118.075398769198998, 34.1704089432328 ] } },
{ "type": "Feature", "properties": { "DAMAGE": "No Damage", "STRUCTURETYPE": "Single Family Residence Single Story", "index_right": 6980, "score": 0.058, "d_ndvi": -0.01, "ssim": 0.918, "damage_class": "none" }, "geometry": { "type": "Point", "coordinates": [ -118.075510413619995, 34.170263578038202 ] } },
{ "type": "Feature", "properties": { "DAMAGE": "No Damage", "STRUCTURETYPE": "Single Family Residence Single Story", "index_right": 6980, "score": 0.058, "d_ndvi": -0.01, "ssim": 0.918, "damage_class": "none" }, "geometry": { "type": "Point", "coordinates": [ -118.075616729233005, 34.170135118382298 ] } },
{ "type": "Feature", "properties": { "DAMAGE": "No Damage", "STRUCTURETYPE": "Single Family Residence Single Story", "index_right": 7075, "score": 0.066, "d_ndvi": -0.026, "ssim": 0.923, "damage_class": "none" }, "geometry": { "type": "Point", "coordinates": [ -118.075977704653994, 34.169715864072998 ] } },
{ "type": "Feature", "properties": { "DAMAGE": "No Damage", "STRUCTURETYPE": "Single Family Residence Single Story", "index_right": 6980, "score": 0.058, "d_ndvi": -0.01, "ssim": 0.918, "damage_class": "none" }, "geometry": { "type": "Point", "coordinates": [ -118.075776925797996, 34.169851132488901 ] } },
{ "type": "Feature", "properties": { "DAMAGE": "No Damage", "STRUCTURETYPE": "Single Family Residence Single Story", "index_right": 6980, "score": 0.058, "d_ndvi": -0.01, "ssim": 0.918, "damage_class": "none" }, "geometry": { "type": "Point", "coordinates": [ -118.075708087, 34.169981655077898 ] } },
{ "type": "Feature", "properties": { "DAMAGE": "No Damage", "STRUCTURETYPE": "Single Family Residence Single Story", "index_right": 6887, "score": 0.08, "d_ndvi": -0.019, "ssim": 0.892, "damage_class": "none" }, "geometry": { "type": "Point", "coordinates": [ -118.074659859961997, 34.170453443960703 ] } },
{ "type": "Feature", "properties": { "DAMAGE": "No Damage", "STRUCTURETYPE": "Single Family Residence Multi Story", "index_right": 6563, "score": 0.032, "d_ndvi": 0.033, "ssim": 0.928, "damage_class": "none" }, "geometry": { "type": "Point", "coordinates": [ -118.044857968341006, 34.172597715920901 ] } },
{ "type": "Feature", "properties": { "DAMAGE": "No Damage", "STRUCTURETYPE": "Single Family Residence Multi Story", "index_right": 6212, "score": 0.073, "d_ndvi": -0.027, "ssim": 0.929, "damage_class": "none" }, "geometry": { "type": "Point", "coordinates": [ -118.079973935653996, 34.173465208861998 ] } },
{ "type": "Feature", "properties": { "DAMAGE": "No Damage", "STRUCTURETYPE": "Single Family Residence Single Story", "index_right": 6657, "score": 0.044, "d_ndvi": 0.012, "ssim": 0.926, "damage_class": "none" }, "geometry": { "type": "Point", "coordinates": [ -118.045178658812006, 34.172121863923401 ] } },
{ "type": "Feature", "properties": { "DAMAGE": "No Damage", "STRUCTURETYPE": "Single Family Residence Multi Story", "index_right": 6468, "score": 0.029, "d_ndvi": 0.036, "ssim": 0.942, "damage_class": "none" }, "geometry": { "type": "Point", "coordinates": [ -118.044872504878995, 34.172780970119902 ] } },
{ "type": "Feature", "properties": { "DAMAGE": "No Damage", "STRUCTURETYPE": "Single Family Residence Single Story", "index_right": 6213, "score": 0.085, "d_ndvi": -0.043, "ssim": 0.911, "damage_class": "none" }, "geometry": { "type": "Point", "coordinates": [ -118.079605520385996, 34.173445620740999 ] } },
{ "type": "Feature", "properties": { "DAMAGE": "No Damage", "STRUCTURETYPE": "Single Family Residence Multi Story", "index_right": 6658, "score": 0.014, "d_ndvi": 0.047, "ssim": 0.945, "damage_class": "none" }, "geometry": { "type": "Point", "coordinates": [ -118.044944972870994, 34.172092554851801 ] } },
{ "type": "Feature", "properties": { "DAMAGE": "No Damage", "STRUCTURETYPE": "Single Family Residence Multi Story", "index_right": 6563, "score": 0.032, "d_ndvi": 0.033, "ssim": 0.928, "damage_class": "none" }, "geometry": { "type": "Point", "coordinates": [ -118.044978682152006, 34.172317394227498 ] } },
{ "type": "Feature", "properties": { "DAMAGE": "No Damage", "STRUCTURETYPE": "Single Family Residence Single Story", "index_right": 6214, "score": 0.064, "d_ndvi": -0.027, "ssim": 0.912, "damage_class": "none" }, "geometry": { "type": "Point", "coordinates": [ -118.079242871404006, 34.173509695343803 ] } },
{ "type": "Feature", "properties": { "DAMAGE": "No Damage", "STRUCTURETYPE": "Single Family Residence Multi Story", "index_right": 6468, "score": 0.029, "d_ndvi": 0.036, "ssim": 0.942, "damage_class": "none" }, "geometry": { "type": "Point", "coordinates": [ -118.044995291103007, 34.172957369227603 ] } },
{ "type": "Feature", "properties": { "DAMAGE": "No Damage", "STRUCTURETYPE": "Utility Misc Structure", "index_right": 6214, "score": 0.064, "d_ndvi": -0.027, "ssim": 0.912, "damage_class": "none" }, "geometry": { "type": "Point", "coordinates": [ -118.079051143973004, 34.1733596569591 ] } },
{ "type": "Feature", "properties": { "DAMAGE": "No Damage", "STRUCTURETYPE": "Single Family Residence Multi Story", "index_right": 6468, "score": 0.029, "d_ndvi": 0.036, "ssim": 0.942, "damage_class": "none" }, "geometry": { "type": "Point", "coordinates": [ -118.044938090878006, 34.1731354424317 ] } },
{ "type": "Feature", "properties": { "DAMAGE": "No Damage", "STRUCTURETYPE": "Utility Misc Structure", "index_right": 6309, "score": 0.046, "d_ndvi": -0.013, "ssim": 0.924, "damage_class": "none" }, "geometry": { "type": "Point", "coordinates": [ -118.079143108102002, 34.173136385572498 ] } },
{ "type": "Feature", "properties": { "DAMAGE": "No Damage", "STRUCTURETYPE": "Single Family Residence Single Story", "index_right": 6308, "score": 0.087, "d_ndvi": -0.033, "ssim": 0.904, "damage_class": "none" }, "geometry": { "type": "Point", "coordinates": [ -118.079483184216997, 34.173086603478502 ] } },
{ "type": "Feature", "properties": { "DAMAGE": "No Damage", "STRUCTURETYPE": "Single Family Residence Single Story", "index_right": 7269, "score": 0.086, "d_ndvi": -0.024, "ssim": 0.883, "damage_class": "none" }, "geometry": { "type": "Point", "coordinates": [ -118.073497761582004, 34.168695063168897 ] } },
{ "type": "Feature", "properties": { "DAMAGE": "No Damage", "STRUCTURETYPE": "Single Family Residence Single Story", "index_right": 7365, "score": 0.073, "d_ndvi": -0.025, "ssim": 0.902, "damage_class": "none" }, "geometry": { "type": "Point", "coordinates": [ -118.072837268081997, 34.1683481779665 ] } },
{ "type": "Feature", "properties": { "DAMAGE": "No Damage", "STRUCTURETYPE": "Utility Misc Structure", "index_right": 7365, "score": 0.073, "d_ndvi": -0.025, "ssim": 0.902, "damage_class": "none" }, "geometry": { "type": "Point", "coordinates": [ -118.072959404824999, 34.168302591714699 ] } },
{ "type": "Feature", "properties": { "DAMAGE": "No Damage", "STRUCTURETYPE": "Single Family Residence Single Story", "index_right": 7365, "score": 0.073, "d_ndvi": -0.025, "ssim": 0.902, "damage_class": "none" }, "geometry": { "type": "Point", "coordinates": [ -118.072856137195004, 34.168505504715398 ] } },
{ "type": "Feature", "properties": { "DAMAGE": "No Damage", "STRUCTURETYPE": "Single Family Residence Single Story", "index_right": 7270, "score": 0.085, "d_ndvi": -0.007, "ssim": 0.88, "damage_class": "none" }, "geometry": { "type": "Point", "coordinates": [ -118.072867749717005, 34.1686748414307 ] } },
{ "type": "Feature", "properties": { "DAMAGE": "No Damage", "STRUCTURETYPE": "Utility Misc Structure", "index_right": 7270, "score": 0.085, "d_ndvi": -0.007, "ssim": 0.88, "damage_class": "none" }, "geometry": { "type": "Point", "coordinates": [ -118.072920638927002, 34.168630266182703 ] } },
{ "type": "Feature", "properties": { "DAMAGE": "No Damage", "STRUCTURETYPE": "Single Family Residence Single Story", "index_right": 7270, "score": 0.085, "d_ndvi": -0.007, "ssim": 0.88, "damage_class": "none" }, "geometry": { "type": "Point", "coordinates": [ -118.072880813018003, 34.1688333686687 ] } },
{ "type": "Feature", "properties": { "DAMAGE": "No Damage", "STRUCTURETYPE": "Utility Misc Structure", "index_right": 7270, "score": 0.085, "d_ndvi": -0.007, "ssim": 0.88, "damage_class": "none" }, "geometry": { "type": "Point", "coordinates": [ -118.072956634421004, 34.168862362246202 ] } },
{ "type": "Feature", "properties": { "DAMAGE": "No Damage", "STRUCTURETYPE": "Single Family Residence Single Story", "index_right": 7175, "score": 0.075, "d_ndvi": -0.022, "ssim": 0.9, "damage_class": "none" }, "geometry": { "type": "Point", "coordinates": [ -118.072877535963002, 34.168985184783999 ] } },
{ "type": "Feature", "properties": { "DAMAGE": "No Damage", "STRUCTURETYPE": "Utility Misc Structure", "index_right": 7175, "score": 0.075, "d_ndvi": -0.022, "ssim": 0.9, "damage_class": "none" }, "geometry": { "type": "Point", "coordinates": [ -118.072954462294007, 34.168966536580903 ] } },
{ "type": "Feature", "properties": { "DAMAGE": "No Damage", "STRUCTURETYPE": "Single Family Residence Single Story", "index_right": 7079, "score": 0.058, "d_ndvi": 0.004, "ssim": 0.902, "damage_class": "none" }, "geometry": { "type": "Point", "coordinates": [ -118.073510693729006, 34.169674674861596 ] } },
{ "type": "Feature", "properties": { "DAMAGE": "No Damage", "STRUCTURETYPE": "Utility Misc Structure", "index_right": 7079, "score": 0.058, "d_ndvi": 0.004, "ssim": 0.902, "damage_class": "none" }, "geometry": { "type": "Point", "coordinates": [ -118.073420190259995, 34.169707291474303 ] } },
{ "type": "Feature", "properties": { "DAMAGE": "No Damage", "STRUCTURETYPE": "Single Family Residence Single Story", "index_right": 7079, "score": 0.058, "d_ndvi": 0.004, "ssim": 0.902, "damage_class": "none" }, "geometry": { "type": "Point", "coordinates": [ -118.073517813774998, 34.169487520785403 ] } },
{ "type": "Feature", "properties": { "DAMAGE": "No Damage", "STRUCTURETYPE": "Single Family Residence Single Story", "index_right": 7174, "score": 0.087, "d_ndvi": -0.018, "ssim": 0.879, "damage_class": "none" }, "geometry": { "type": "Point", "coordinates": [ -118.073517126563999, 34.169338005930101 ] } },
{ "type": "Feature", "properties": { "DAMAGE": "No Damage", "STRUCTURETYPE": "Utility Misc Structure", "index_right": 7174, "score": 0.087, "d_ndvi": -0.018, "ssim": 0.879, "damage_class": "none" }, "geometry": { "type": "Point", "coordinates": [ -118.073412333595002, 34.169367203727703 ] } },
{ "type": "Feature", "properties": { "DAMAGE": "No Damage", "STRUCTURETYPE": "Single Family Residence Single Story", "index_right": 7174, "score": 0.087, "d_ndvi": -0.018, "ssim": 0.879, "damage_class": "none" }, "geometry": { "type": "Point", "coordinates": [ -118.073503820718003, 34.169158525915599 ] } },
{ "type": "Feature", "properties": { "DAMAGE": "No Damage", "STRUCTURETYPE": "Utility Misc Structure", "index_right": 7174, "score": 0.087, "d_ndvi": -0.018, "ssim": 0.879, "damage_class": "none" }, "geometry": { "type": "Point", "coordinates": [ -118.073410569304002, 34.169147654385299 ] } },
{ "type": "Feature", "properties": { "DAMAGE": "No Damage", "STRUCTURETYPE": "Single Family Residence Single Story", "index_right": 7174, "score": 0.087, "d_ndvi": -0.018, "ssim": 0.879, "damage_class": "none" }, "geometry": { "type": "Point", "coordinates": [ -118.073505071173003, 34.1690078056658 ] } },
{ "type": "Feature", "properties": { "DAMAGE": "No Damage", "STRUCTURETYPE": "Single Family Residence Single Story", "index_right": 7269, "score": 0.086, "d_ndvi": -0.024, "ssim": 0.883, "damage_class": "none" }, "geometry": { "type": "Point", "coordinates": [ -118.073497146235994, 34.168820884979098 ] } },
{ "type": "Feature", "properties": { "DAMAGE": "No Damage", "STRUCTURETYPE": "Single Family Residence Multi Story", "index_right": 6468, "score": 0.029, "d_ndvi": 0.036, "ssim": 0.942, "damage_class": "none" }, "geometry": { "type": "Point", "coordinates": [ -118.044628681448998, 34.173126111357 ] } },
{ "type": "Feature", "properties": { "DAMAGE": "No Damage", "STRUCTURETYPE": "Utility Misc Structure", "index_right": 6468, "score": 0.029, "d_ndvi": 0.036, "ssim": 0.942, "damage_class": "none" }, "geometry": { "type": "Point", "coordinates": [ -118.044528710636001, 34.173063600190297 ] } },
{ "type": "Feature", "properties": { "DAMAGE": "No Damage", "STRUCTURETYPE": "Utility Misc Structure", "index_right": 6563, "score": 0.032, "d_ndvi": 0.033, "ssim": 0.928, "damage_class": "none" }, "geometry": { "type": "Point", "coordinates": [ -118.044976635789993, 34.1725621097046 ] } },
{ "type": "Feature", "properties": { "DAMAGE": "No Damage", "STRUCTURETYPE": "Single Family Residence Multi Story", "index_right": 6118, "score": 0.071, "d_ndvi": -0.024, "ssim": 0.903, "damage_class": "none" }, "geometry": { "type": "Point", "coordinates": [ -118.07978482771, 34.173944280297199 ] } },
{ "type": "Feature", "properties": { "DAMAGE": "No Damage", "STRUCTURETYPE": "Utility Misc Structure", "index_right": 6118, "score": 0.071, "d_ndvi": -0.024, "ssim": 0.903, "damage_class": "none" }, "geometry": { "type": "Point", "coordinates": [ -118.079575628944994, 34.173961435781102 ] } },
{ "type": "Feature", "properties": { "DAMAGE": "No Damage", "STRUCTURETYPE": "Single Family Residence Multi Story", "index_right": 6702, "score": 0.048, "d_ndvi": -0.009, "ssim": 0.927, "damage_class": "none" }, "geometry": { "type": "Point", "coordinates": [ -118.072170047100002, 34.171513898715403 ] } },
{ "type": "Feature", "properties": { "DAMAGE": "No Damage", "STRUCTURETYPE": "Single Family Residence Multi Story", "index_right": 6117, "score": 0.065, "d_ndvi": -0.031, "ssim": 0.92, "damage_class": "none" }, "geometry": { "type": "Point", "coordinates": [ -118.080217376400995, 34.173868622364502 ] } },
{ "type": "Feature", "properties": { "DAMAGE": "No Damage", "STRUCTURETYPE": "Single Family Residence Multi Story", "index_right": 6848, "score": 0.021, "d_ndvi": 0.038, "ssim": 0.956, "damage_class": "none" }, "geometry": { "type": "Point", "coordinates": [ -118.044901368482996, 34.171244683248098 ] } },
{ "type": "Feature", "properties": { "DAMAGE": "No Damage", "STRUCTURETYPE": "Single Family Residence Multi Story", "index_right": 5928, "score": 0.045, "d_ndvi": -0.022, "ssim": 0.957, "damage_class": "none" }, "geometry": { "type": "Point", "coordinates": [ -118.079648760791997, 34.174884702316 ] } },
{ "type": "Feature", "properties": { "DAMAGE": "No Damage", "STRUCTURETYPE": "Single Family Residence Multi Story", "index_right": 5833, "score": 0.045, "d_ndvi": -0.008, "ssim": 0.937, "damage_class": "none" }, "geometry": { "type": "Point", "coordinates": [ -118.079813238727994, 34.175183149509003 ] } },
{ "type": "Feature", "properties": { "DAMAGE": "No Damage", "STRUCTURETYPE": "Utility Misc Structure", "index_right": 5833, "score": 0.045, "d_ndvi": -0.008, "ssim": 0.937, "damage_class": "none" }, "geometry": { "type": "Point", "coordinates": [ -118.079564805144003, 34.175181439410899 ] } },
{ "type": "Feature", "properties": { "DAMAGE": "No Damage", "STRUCTURETYPE": "Single Family Residence Single Story", "index_right": 6662, "score": 0.062, "d_ndvi": 0.074, "ssim": 0.876, "damage_class": "none" }, "geometry": { "type": "Point", "coordinates": [ -118.042425991710999, 34.1719513850962 ] } },
{ "type": "Feature", "properties": { "DAMAGE": "No Damage", "STRUCTURETYPE": "Utility Misc Structure", "index_right": 6023, "score": 0.073, "d_ndvi": -0.028, "ssim": 0.918, "damage_class": "none" }, "geometry": { "type": "Point", "coordinates": [ -118.079625114438997, 34.174477236520403 ] } },
{ "type": "Feature", "properties": { "DAMAGE": "No Damage", "STRUCTURETYPE": "Single Family Residence Single Story", "index_right": 5927, "score": 0.065, "d_ndvi": 0.005, "ssim": 0.905, "damage_class": "none" }, "geometry": { "type": "Point", "coordinates": [ -118.079989244743004, 34.174899817524 ] } },
{ "type": "Feature", "properties": { "DAMAGE": "No Damage", "STRUCTURETYPE": "Single Family Residence Multi Story", "index_right": 5928, "score": 0.045, "d_ndvi": -0.022, "ssim": 0.957, "damage_class": "none" }, "geometry": { "type": "Point", "coordinates": [ -118.079331023083, 34.175114373217603 ] } },
{ "type": "Feature", "properties": { "DAMAGE": "No Damage", "STRUCTURETYPE": "Single Family Residence Multi Story", "index_right": 5929, "score": 0.063, "d_ndvi": -0.02, "ssim": 0.925, "damage_class": "none" }, "geometry": { "type": "Point", "coordinates": [ -118.078972520725003, 34.175088932047501 ] } },
{ "type": "Feature", "properties": { "DAMAGE": "No Damage", "STRUCTURETYPE": "Single Family Residence Single Story", "index_right": 5834, "score": 0.073, "d_ndvi": -0.015, "ssim": 0.899, "damage_class": "none" }, "geometry": { "type": "Point", "coordinates": [ -118.079041080146993, 34.175280859890599 ] } },
{ "type": "Feature", "properties": { "DAMAGE": "No Damage", "STRUCTURETYPE": "Single Family Residence Multi Story", "index_right": 7038, "score": 0.023, "d_ndvi": 0.051, "ssim": 0.942, "damage_class": "none" }, "geometry": { "type": "Point", "coordinates": [ -118.044810703482, 34.170222491661399 ] } },
{ "type": "Feature", "properties": { "DAMAGE": "No Damage", "STRUCTURETYPE": "Utility Misc Structure", "index_right": 7038, "score": 0.023, "d_ndvi": 0.051, "ssim": 0.942, "damage_class": "none" }, "geometry": { "type": "Point", "coordinates": [ -118.044896114400998, 34.170140196212898 ] } },
{ "type": "Feature", "properties": { "DAMAGE": "No Damage", "STRUCTURETYPE": "Single Family Residence Multi Story", "index_right": 7038, "score": 0.023, "d_ndvi": 0.051, "ssim": 0.942, "damage_class": "none" }, "geometry": { "type": "Point", "coordinates": [ -118.044914011535994, 34.170202510356198 ] } },
{ "type": "Feature", "properties": { "DAMAGE": "No Damage", "STRUCTURETYPE": "Single Family Residence Multi Story", "index_right": 7037, "score": 0.01, "d_ndvi": 0.059, "ssim": 0.944, "damage_class": "none" }, "geometry": { "type": "Point", "coordinates": [ -118.045049605939994, 34.170180102361698 ] } },
{ "type": "Feature", "properties": { "DAMAGE": "No Damage", "STRUCTURETYPE": "Single Family Residence Multi Story", "index_right": 6022, "score": 0.062, "d_ndvi": -0.024, "ssim": 0.923, "damage_class": "none" }, "geometry": { "type": "Point", "coordinates": [ -118.080096886269999, 34.174526258983299 ] } },
{ "type": "Feature", "properties": { "DAMAGE": "No Damage", "STRUCTURETYPE": "Single Family Residence Single Story", "index_right": 7177, "score": 0.084, "d_ndvi": -0.0, "ssim": 0.87, "damage_class": "none" }, "geometry": { "type": "Point", "coordinates": [ -118.071857917572999, 34.168972710779101 ] } },
{ "type": "Feature", "properties": { "DAMAGE": "No Damage", "STRUCTURETYPE": "Single Family Residence Single Story", "index_right": 7177, "score": 0.084, "d_ndvi": -0.0, "ssim": 0.87, "damage_class": "none" }, "geometry": { "type": "Point", "coordinates": [ -118.071808817456002, 34.169145345104702 ] } },
{ "type": "Feature", "properties": { "DAMAGE": "No Damage", "STRUCTURETYPE": "Utility Misc Structure", "index_right": 7177, "score": 0.084, "d_ndvi": -0.0, "ssim": 0.87, "damage_class": "none" }, "geometry": { "type": "Point", "coordinates": [ -118.071946369288995, 34.169112809289302 ] } },
{ "type": "Feature", "properties": { "DAMAGE": "No Damage", "STRUCTURETYPE": "Single Family Residence Single Story", "index_right": 7272, "score": 0.05, "d_ndvi": 0.0, "ssim": 0.907, "damage_class": "none" }, "geometry": { "type": "Point", "coordinates": [ -118.071848674807001, 34.1688316391174 ] } },
{ "type": "Feature", "properties": { "DAMAGE": "No Damage", "STRUCTURETYPE": "Single Family Residence Multi Story", "index_right": 7272, "score": 0.05, "d_ndvi": 0.0, "ssim": 0.907, "damage_class": "none" }, "geometry": { "type": "Point", "coordinates": [ -118.071848559822996, 34.168647673967101 ] } },
{ "type": "Feature", "properties": { "DAMAGE": "No Damage", "STRUCTURETYPE": "Single Family Residence Single Story", "index_right": 7367, "score": 0.039, "d_ndvi": -0.001, "ssim": 0.933, "damage_class": "none" }, "geometry": { "type": "Point", "coordinates": [ -118.071849892024005, 34.168496072045897 ] } },
{ "type": "Feature", "properties": { "DAMAGE": "No Damage", "STRUCTURETYPE": "Single Family Residence Single Story", "index_right": 7367, "score": 0.039, "d_ndvi": -0.001, "ssim": 0.933, "damage_class": "none" }, "geometry": { "type": "Point", "coordinates": [ -118.071807989210001, 34.168340083887102 ] } },
{ "type": "Feature", "properties": { "DAMAGE": "No Damage", "STRUCTURETYPE": "Utility Misc Structure", "index_right": 7367, "score": 0.039, "d_ndvi": -0.001, "ssim": 0.933, "damage_class": "none" }, "geometry": { "type": "Point", "coordinates": [ -118.071924987589, 34.168303217538202 ] } },
{ "type": "Feature", "properties": { "DAMAGE": "No Damage", "STRUCTURETYPE": "Single Family Residence Single Story", "index_right": 7271, "score": 0.068, "d_ndvi": -0.018, "ssim": 0.91, "damage_class": "none" }, "geometry": { "type": "Point", "coordinates": [ -118.072493196260993, 34.168841785272903 ] } },
{ "type": "Feature", "properties": { "DAMAGE": "No Damage", "STRUCTURETYPE": "Utility Misc Structure", "index_right": 7271, "score": 0.068, "d_ndvi": -0.018, "ssim": 0.91, "damage_class": "none" }, "geometry": { "type": "Point", "coordinates": [ -118.072393104175006, 34.168809348936399 ] } },
{ "type": "Feature", "properties": { "DAMAGE": "No Damage", "STRUCTURETYPE": "Single Family Residence Single Story", "index_right": 7271, "score": 0.068, "d_ndvi": -0.018, "ssim": 0.91, "damage_class": "none" }, "geometry": { "type": "Point", "coordinates": [ -118.072447021057997, 34.1686659691945 ] } },
{ "type": "Feature", "properties": { "DAMAGE": "No Damage", "STRUCTURETYPE": "Single Family Residence Single Story", "index_right": 7366, "score": 0.033, "d_ndvi": -0.004, "ssim": 0.934, "damage_class": "none" }, "geometry": { "type": "Point", "coordinates": [ -118.072452189965006, 34.168489975854698 ] } },
{ "type": "Feature", "properties": { "DAMAGE": "No Damage", "STRUCTURETYPE": "Single Family Residence Single Story", "index_right": 7366, "score": 0.033, "d_ndvi": -0.004, "ssim": 0.934, "damage_class": "none" }, "geometry": { "type": "Point", "coordinates": [ -118.072462477471007, 34.168317352080898 ] } },
{ "type": "Feature", "properties": { "DAMAGE": "No Damage", "STRUCTURETYPE": "Single Family Residence Single Story", "index_right": 7366, "score": 0.033, "d_ndvi": -0.004, "ssim": 0.934, "damage_class": "none" }, "geometry": { "type": "Point", "coordinates": [ -118.072464878668001, 34.168179512502398 ] } },
{ "type": "Feature", "properties": { "DAMAGE": "No Damage", "STRUCTURETYPE": "Single Family Residence Single Story", "index_right": 7132, "score": 0.025, "d_ndvi": 0.067, "ssim": 0.925, "damage_class": "none" }, "geometry": { "type": "Point", "coordinates": [ -118.045216879432999, 34.170000931840697 ] } },
{ "type": "Feature", "properties": { "DAMAGE": "No Damage", "STRUCTURETYPE": "Utility Misc Structure", "index_right": 7273, "score": 0.092, "d_ndvi": -0.01, "ssim": 0.878, "damage_class": "none" }, "geometry": { "type": "Point", "coordinates": [ -118.071363448908002, 34.168640054856603 ] } },
{ "type": "Feature", "properties": { "DAMAGE": "No Damage", "STRUCTURETYPE": "Single Family Residence Single Story", "index_right": 7273, "score": 0.092, "d_ndvi": -0.01, "ssim": 0.878, "damage_class": "none" }, "geometry": { "type": "Point", "coordinates": [ -118.071493164737007, 34.1686724392302 ] } },
{ "type": "Feature", "properties": { "DAMAGE": "No Damage", "STRUCTURETYPE": "Utility Misc Structure", "index_right": 7132, "score": 0.025, "d_ndvi": 0.067, "ssim": 0.925, "damage_class": "none" }, "geometry": { "type": "Point", "coordinates": [ -118.045219482749999, 34.169906687039699 ] } },
{ "type": "Feature", "properties": { "DAMAGE": "No Damage", "STRUCTURETYPE": "Single Family Residence Multi Story", "index_right": 7132, "score": 0.025, "d_ndvi": 0.067, "ssim": 0.925, "damage_class": "none" }, "geometry": { "type": "Point", "coordinates": [ -118.045182105647996, 34.169822717495499 ] } },
{ "type": "Feature", "properties": { "DAMAGE": "No Damage", "STRUCTURETYPE": "Single Family Residence Single Story", "index_right": 7226, "score": 0.033, "d_ndvi": 0.03, "ssim": 0.939, "damage_class": "none" }, "geometry": { "type": "Point", "coordinates": [ -118.045642768912003, 34.169394573123398 ] } },
{ "type": "Feature", "properties": { "DAMAGE": "No Damage", "STRUCTURETYPE": "Utility Misc Structure", "index_right": 7226, "score": 0.033, "d_ndvi": 0.03, "ssim": 0.939, "damage_class": "none" }, "geometry": { "type": "Point", "coordinates": [ -118.045743884179004, 34.169323813584903 ] } },
{ "type": "Feature", "properties": { "DAMAGE": "No Damage", "STRUCTURETYPE": "Single Family Residence Multi Story", "index_right": 6710, "score": 0.072, "d_ndvi": -0.014, "ssim": 0.907, "damage_class": "none" }, "geometry": { "type": "Point", "coordinates": [ -118.067903568727004, 34.171447825536603 ] } },
{ "type": "Feature", "properties": { "DAMAGE": "No Damage", "STRUCTURETYPE": "Single Family Residence Multi Story", "index_right": 6615, "score": 0.056, "d_ndvi": -0.01, "ssim": 0.917, "damage_class": "none" }, "geometry": { "type": "Point", "coordinates": [ -118.067570104211995, 34.171806823014201 ] } },
{ "type": "Feature", "properties": { "DAMAGE": "No Damage", "STRUCTURETYPE": "Single Family Residence Multi Story", "index_right": 5930, "score": 0.074, "d_ndvi": -0.038, "ssim": 0.924, "damage_class": "none" }, "geometry": { "type": "Point", "coordinates": [ -118.078534836364994, 34.175113068161302 ] } },
{ "type": "Feature", "properties": { "DAMAGE": "No Damage", "STRUCTURETYPE": "Single Family Residence Single Story", "index_right": 5835, "score": 0.133, "d_ndvi": -0.043, "ssim": 0.863, "damage_class": "none" }, "geometry": { "type": "Point", "coordinates": [ -118.078638510931995, 34.1753630329016 ] } },
{ "type": "Feature", "properties": { "DAMAGE": "No Damage", "STRUCTURETYPE": "Utility Misc Structure", "index_right": 5834, "score": 0.073, "d_ndvi": -0.015, "ssim": 0.899, "damage_class": "none" }, "geometry": { "type": "Point", "coordinates": [ -118.078779727891998, 34.175447638311098 ] } },
{ "type": "Feature", "properties": { "DAMAGE": "No Damage", "STRUCTURETYPE": "Single Family Residence Multi Story", "index_right": 5075, "score": 0.066, "d_ndvi": -0.008, "ssim": 0.909, "damage_class": "none" }, "geometry": { "type": "Point", "coordinates": [ -118.078360537148001, 34.178780554587199 ] } },
{ "type": "Feature", "properties": { "DAMAGE": "No Damage", "STRUCTURETYPE": "Single Family Residence Single Story", "index_right": 7219, "score": 0.055, "d_ndvi": -0.012, "ssim": 0.93, "damage_class": "none" }, "geometry": { "type": "Point", "coordinates": [ -118.049455987936, 34.1692034509555 ] } },
{ "type": "Feature", "properties": { "DAMAGE": "No Damage", "STRUCTURETYPE": "Utility Misc Structure", "index_right": 7314, "score": 0.036, "d_ndvi": 0.015, "ssim": 0.935, "damage_class": "none" }, "geometry": { "type": "Point", "coordinates": [ -118.049497862902996, 34.169059292212097 ] } },
{ "type": "Feature", "properties": { "DAMAGE": "No Damage", "STRUCTURETYPE": "Single Family Residence Single Story", "index_right": 7219, "score": 0.055, "d_ndvi": -0.012, "ssim": 0.93, "damage_class": "none" }, "geometry": { "type": "Point", "coordinates": [ -118.049306213625002, 34.169205410906898 ] } },
{ "type": "Feature", "properties": { "DAMAGE": "No Damage", "STRUCTURETYPE": "Utility Misc Structure", "index_right": 7315, "score": 0.023, "d_ndvi": 0.016, "ssim": 0.955, "damage_class": "none" }, "geometry": { "type": "Point", "coordinates": [ -118.049229720419007, 34.169051965287402 ] } },
{ "type": "Feature", "properties": { "DAMAGE": "No Damage", "STRUCTURETYPE": "Single Family Residence Single Story", "index_right": 7315, "score": 0.023, "d_ndvi": 0.016, "ssim": 0.955, "damage_class": "none" }, "geometry": { "type": "Point", "coordinates": [ -118.048933149576001, 34.169166778228899 ] } },
{ "type": "Feature", "properties": { "DAMAGE": "No Damage", "STRUCTURETYPE": "Single Family Residence Single Story", "index_right": 7315, "score": 0.023, "d_ndvi": 0.016, "ssim": 0.955, "damage_class": "none" }, "geometry": { "type": "Point", "coordinates": [ -118.049103444102997, 34.169140291741599 ] } },
{ "type": "Feature", "properties": { "DAMAGE": "No Damage", "STRUCTURETYPE": "Single Family Residence Single Story", "index_right": 6807, "score": 0.11, "d_ndvi": -0.042, "ssim": 0.883, "damage_class": "none" }, "geometry": { "type": "Point", "coordinates": [ -118.066532524007997, 34.170937903852803 ] } },
{ "type": "Feature", "properties": { "DAMAGE": "No Damage", "STRUCTURETYPE": "Single Family Residence Multi Story", "index_right": 6807, "score": 0.11, "d_ndvi": -0.042, "ssim": 0.883, "damage_class": "none" }, "geometry": { "type": "Point", "coordinates": [ -118.066546555786999, 34.171113523765399 ] } },
{ "type": "Feature", "properties": { "DAMAGE": "No Damage", "STRUCTURETYPE": "Single Family Residence Multi Story", "index_right": 6712, "score": 0.079, "d_ndvi": -0.004, "ssim": 0.886, "damage_class": "none" }, "geometry": { "type": "Point", "coordinates": [ -118.066519691574001, 34.171310452617398 ] } },
{ "type": "Feature", "properties": { "DAMAGE": "No Damage", "STRUCTURETYPE": "Utility Misc Structure", "index_right": 7315, "score": 0.023, "d_ndvi": 0.016, "ssim": 0.955, "damage_class": "none" }, "geometry": { "type": "Point", "coordinates": [ -118.049136113135006, 34.168968929853897 ] } },
{ "type": "Feature", "properties": { "DAMAGE": "No Damage", "STRUCTURETYPE": "Single Family Residence Single Story", "index_right": 7315, "score": 0.023, "d_ndvi": 0.016, "ssim": 0.955, "damage_class": "none" }, "geometry": { "type": "Point", "coordinates": [ -118.049131502980998, 34.168867767184899 ] } },
{ "type": "Feature", "properties": { "DAMAGE": "No Damage", "STRUCTURETYPE": "Single Family Residence Multi Story", "index_right": 7121, "score": 0.032, "d_ndvi": 0.005, "ssim": 0.944, "damage_class": "none" }, "geometry": { "type": "Point", "coordinates": [ -118.051225472314997, 34.1697122890602 ] } },
{ "type": "Feature", "properties": { "DAMAGE": "No Damage", "STRUCTURETYPE": "Single Family Residence Single Story", "index_right": 6903, "score": 0.06, "d_ndvi": -0.014, "ssim": 0.935, "damage_class": "none" }, "geometry": { "type": "Point", "coordinates": [ -118.066362657078997, 34.170658083534498 ] } },
{ "type": "Feature", "properties": { "DAMAGE": "No Damage", "STRUCTURETYPE": "Utility Misc Structure", "index_right": 6903, "score": 0.06, "d_ndvi": -0.014, "ssim": 0.935, "damage_class": "none" }, "geometry": { "type": "Point", "coordinates": [ -118.066196797535, 34.170630606779 ] } },
{ "type": "Feature", "properties": { "DAMAGE": "No Damage", "STRUCTURETYPE": "Single Family Residence Single Story", "index_right": 6902, "score": 0.067, "d_ndvi": 0.005, "ssim": 0.898, "damage_class": "none" }, "geometry": { "type": "Point", "coordinates": [ -118.066643560268005, 34.170714444709603 ] } },
{ "type": "Feature", "properties": { "DAMAGE": "No Damage", "STRUCTURETYPE": "Utility Misc Structure", "index_right": 6807, "score": 0.11, "d_ndvi": -0.042, "ssim": 0.883, "damage_class": "none" }, "geometry": { "type": "Point", "coordinates": [ -118.066752360622004, 34.170800188958196 ] } },
{ "type": "Feature", "properties": { "DAMAGE": "No Damage", "STRUCTURETYPE": "Single Family Residence Single Story", "index_right": 6903, "score": 0.06, "d_ndvi": -0.014, "ssim": 0.935, "damage_class": "none" }, "geometry": { "type": "Point", "coordinates": [ -118.066310072397002, 34.170466446189899 ] } },
{ "type": "Feature", "properties": { "DAMAGE": "No Damage", "STRUCTURETYPE": "Single Family Residence Single Story", "index_right": 6998, "score": 0.035, "d_ndvi": -0.002, "ssim": 0.956, "damage_class": "none" }, "geometry": { "type": "Point", "coordinates": [ -118.066349756373, 34.170056576968499 ] } },
{ "type": "Feature", "properties": { "DAMAGE": "No Damage", "STRUCTURETYPE": "Utility Misc Structure", "index_right": 6998, "score": 0.035, "d_ndvi": -0.002, "ssim": 0.956, "damage_class": "none" }, "geometry": { "type": "Point", "coordinates": [ -118.066210583979, 34.170000785421699 ] } },
{ "type": "Feature", "properties": { "DAMAGE": "No Damage", "STRUCTURETYPE": "Single Family Residence Single Story", "index_right": 6998, "score": 0.035, "d_ndvi": -0.002, "ssim": 0.956, "damage_class": "none" }, "geometry": { "type": "Point", "coordinates": [ -118.066374629825006, 34.170251925503798 ] } },
{ "type": "Feature", "properties": { "DAMAGE": "No Damage", "STRUCTURETYPE": "Utility Misc Structure", "index_right": 6998, "score": 0.035, "d_ndvi": -0.002, "ssim": 0.956, "damage_class": "none" }, "geometry": { "type": "Point", "coordinates": [ -118.066167136960999, 34.170199151647303 ] } },
{ "type": "Feature", "properties": { "DAMAGE": "No Damage", "STRUCTURETYPE": "Utility Misc Structure", "index_right": 6903, "score": 0.06, "d_ndvi": -0.014, "ssim": 0.935, "damage_class": "none" }, "geometry": { "type": "Point", "coordinates": [ -118.066179804105005, 34.170377557696703 ] } },
{ "type": "Feature", "properties": { "DAMAGE": "No Damage", "STRUCTURETYPE": "Single Family Residence Single Story", "index_right": 7122, "score": 0.026, "d_ndvi": 0.019, "ssim": 0.943, "damage_class": "none" }, "geometry": { "type": "Point", "coordinates": [ -118.050604086072994, 34.169730511961902 ] } },
{ "type": "Feature", "properties": { "DAMAGE": "No Damage", "STRUCTURETYPE": "Single Family Residence Multi Story", "index_right": 7121, "score": 0.032, "d_ndvi": 0.005, "ssim": 0.944, "damage_class": "none" }, "geometry": { "type": "Point", "coordinates": [ -118.050877113732, 34.169819792826601 ] } },
{ "type": "Feature", "properties": { "DAMAGE": "No Damage", "STRUCTURETYPE": "Utility Misc Structure", "index_right": 7121, "score": 0.032, "d_ndvi": 0.005, "ssim": 0.944, "damage_class": "none" }, "geometry": { "type": "Point", "coordinates": [ -118.050999030387999, 34.170011782450203 ] } },
{ "type": "Feature", "properties": { "DAMAGE": "No Damage", "STRUCTURETYPE": "Single Family Residence Single Story", "index_right": 7000, "score": 0.052, "d_ndvi": 0.01, "ssim": 0.927, "damage_class": "none" }, "geometry": { "type": "Point", "coordinates": [ -118.065066307275998, 34.170107701659198 ] } },
{ "type": "Feature", "properties": { "DAMAGE": "No Damage", "STRUCTURETYPE": "Single Family Residence Single Story", "index_right": 6999, "score": 0.048, "d_ndvi": -0.014, "ssim": 0.938, "damage_class": "none" }, "geometry": { "type": "Point", "coordinates": [ -118.065451032355995, 34.170057471089699 ] } },
{ "type": "Feature", "properties": { "DAMAGE": "No Damage", "STRUCTURETYPE": "Utility Misc Structure", "index_right": 6999, "score": 0.048, "d_ndvi": -0.014, "ssim": 0.938, "damage_class": "none" }, "geometry": { "type": "Point", "coordinates": [ -118.065565966405998, 34.1700783785097 ] } },
{ "type": "Feature", "properties": { "DAMAGE": "No Damage", "STRUCTURETYPE": "Single Family Residence Single Story", "index_right": 6998, "score": 0.035, "d_ndvi": -0.002, "ssim": 0.956, "damage_class": "none" }, "geometry": { "type": "Point", "coordinates": [ -118.065895613980004, 34.170100187477701 ] } },
{ "type": "Feature", "properties": { "DAMAGE": "Inaccessible", "STRUCTURETYPE": "Single Family Residence Multi Story", "index_right": 4692, "score": 0.03, "d_ndvi": 0.003, "ssim": 0.948, "damage_class": "none" }, "geometry": { "type": "Point", "coordinates": [ -118.080200282359002, 34.180626870699498 ] } },
{ "type": "Feature", "properties": { "DAMAGE": "No Damage", "STRUCTURETYPE": "Single Family Residence Multi Story", "index_right": 6905, "score": 0.082, "d_ndvi": -0.039, "ssim": 0.914, "damage_class": "none" }, "geometry": { "type": "Point", "coordinates": [ -118.065269408277004, 34.170489244308797 ] } },
{ "type": "Feature", "properties": { "DAMAGE": "No Damage", "STRUCTURETYPE": "Utility Misc Structure", "index_right": 6904, "score": 0.143, "d_ndvi": -0.059, "ssim": 0.869, "damage_class": "none" }, "geometry": { "type": "Point", "coordinates": [ -118.065836467105001, 34.170466220988402 ] } },
{ "type": "Feature", "properties": { "DAMAGE": "No Damage", "STRUCTURETYPE": "Utility Misc Structure", "index_right": 6903, "score": 0.06, "d_ndvi": -0.014, "ssim": 0.935, "damage_class": "none" }, "geometry": { "type": "Point", "coordinates": [ -118.066048236848005, 34.170460787165702 ] } },
{ "type": "Feature", "properties": { "DAMAGE": "No Damage", "STRUCTURETYPE": "Single Family Residence Multi Story", "index_right": 7000, "score": 0.052, "d_ndvi": 0.01, "ssim": 0.927, "damage_class": "none" }, "geometry": { "type": "Point", "coordinates": [ -118.065048208018993, 34.170318398739099 ] } },
{ "type": "Feature", "properties": { "DAMAGE": "No Damage", "STRUCTURETYPE": "Utility Misc Structure", "index_right": 7000, "score": 0.052, "d_ndvi": 0.01, "ssim": 0.927, "damage_class": "none" }, "geometry": { "type": "Point", "coordinates": [ -118.064980896357, 34.1702096306106 ] } },
{ "type": "Feature", "properties": { "DAMAGE": "No Damage", "STRUCTURETYPE": "Single Family Residence Single Story", "index_right": 6998, "score": 0.035, "d_ndvi": -0.002, "ssim": 0.956, "damage_class": "none" }, "geometry": { "type": "Point", "coordinates": [ -118.066005247969997, 34.170298424145699 ] } },
{ "type": "Feature", "properties": { "DAMAGE": "No Damage", "STRUCTURETYPE": "Single Family Residence Multi Story", "index_right": 7023, "score": 0.058, "d_ndvi": -0.004, "ssim": 0.914, "damage_class": "none" }, "geometry": { "type": "Point", "coordinates": [ -118.053003911668, 34.170375596145597 ] } },
{ "type": "Feature", "properties": { "DAMAGE": "No Damage", "STRUCTURETYPE": "Single Family Residence Single Story", "index_right": 7154, "score": 0.067, "d_ndvi": -0.041, "ssim": 0.94, "damage_class": "none" }, "geometry": { "type": "Point", "coordinates": [ -118.084254171726002, 34.169137228060997 ] } },
{ "type": "Feature", "properties": { "DAMAGE": "No Damage", "STRUCTURETYPE": "Single Family Residence Multi Story", "index_right": 7021, "score": 0.034, "d_ndvi": -0.003, "ssim": 0.954, "damage_class": "none" }, "geometry": { "type": "Point", "coordinates": [ -118.053899418802999, 34.170368862730299 ] } },
{ "type": "Feature", "properties": { "DAMAGE": "No Damage", "STRUCTURETYPE": "Utility Misc Structure", "index_right": 7021, "score": 0.034, "d_ndvi": -0.003, "ssim": 0.954, "damage_class": "none" }, "geometry": { "type": "Point", "coordinates": [ -118.053941759048996, 34.170111365744603 ] } },
{ "type": "Feature", "properties": { "DAMAGE": "No Damage", "STRUCTURETYPE": "Single Family Residence Multi Story", "index_right": 7021, "score": 0.034, "d_ndvi": -0.003, "ssim": 0.954, "damage_class": "none" }, "geometry": { "type": "Point", "coordinates": [ -118.053740435310004, 34.170267338094703 ] } },
{ "type": "Feature", "properties": { "DAMAGE": "No Damage", "STRUCTURETYPE": "Single Family Residence Single Story", "index_right": 7093, "score": 0.045, "d_ndvi": -0.009, "ssim": 0.942, "damage_class": "none" }, "geometry": { "type": "Point", "coordinates": [ -118.065963205017994, 34.169867023059297 ] } },
{ "type": "Feature", "properties": { "DAMAGE": "No Damage", "STRUCTURETYPE": "Utility Misc Structure", "index_right": 7094, "score": 0.08, "d_ndvi": 0.003, "ssim": 0.888, "damage_class": "none" }, "geometry": { "type": "Point", "coordinates": [ -118.065685029113993, 34.169913204547903 ] } },
{ "type": "Feature", "properties": { "DAMAGE": "No Damage", "STRUCTURETYPE": "Single Family Residence Multi Story", "index_right": 7022, "score": 0.041, "d_ndvi": -0.003, "ssim": 0.941, "damage_class": "none" }, "geometry": { "type": "Point", "coordinates": [ -118.053534339620995, 34.170428347694703 ] } },
{ "type": "Feature", "properties": { "DAMAGE": "No Damage", "STRUCTURETYPE": "Utility Misc Structure", "index_right": 7022, "score": 0.041, "d_ndvi": -0.003, "ssim": 0.941, "damage_class": "none" }, "geometry": { "type": "Point", "coordinates": [ -118.053383266807998, 34.170311381621197 ] } },
{ "type": "Feature", "properties": { "DAMAGE": "No Damage", "STRUCTURETYPE": "Single Family Residence Single Story", "index_right": 7181, "score": 0.081, "d_ndvi": -0.02, "ssim": 0.893, "damage_class": "none" }, "geometry": { "type": "Point", "coordinates": [ -118.069898907015002, 34.169032095196101 ] } },
{ "type": "Feature", "properties": { "DAMAGE": "No Damage", "STRUCTURETYPE": "Single Family Residence Multi Story", "index_right": 7022, "score": 0.041, "d_ndvi": -0.003, "ssim": 0.941, "damage_class": "none" }, "geometry": { "type": "Point", "coordinates": [ -118.053228248601997, 34.170351376046597 ] } },
{ "type": "Feature", "properties": { "DAMAGE": "No Damage", "STRUCTURETYPE": "Utility Misc Structure", "index_right": 7022, "score": 0.041, "d_ndvi": -0.003, "ssim": 0.941, "damage_class": "none" }, "geometry": { "type": "Point", "coordinates": [ -118.053279435177998, 34.170125756502898 ] } },
{ "type": "Feature", "properties": { "DAMAGE": "No Damage", "STRUCTURETYPE": "Single Family Residence Multi Story", "index_right": 6486, "score": 0.083, "d_ndvi": -0.026, "ssim": 0.903, "damage_class": "none" }, "geometry": { "type": "Point", "coordinates": [ -118.085710413564996, 34.172212911131503 ] } },
{ "type": "Feature", "properties": { "DAMAGE": "No Damage", "STRUCTURETYPE": "Single Family Residence Multi Story", "index_right": 6486, "score": 0.083, "d_ndvi": -0.026, "ssim": 0.903, "damage_class": "none" }, "geometry": { "type": "Point", "coordinates": [ -118.085704615837997, 34.172401397707503 ] } },
{ "type": "Feature", "properties": { "DAMAGE": "No Damage", "STRUCTURETYPE": "Single Family Residence Single Story", "index_right": 6617, "score": 0.058, "d_ndvi": -0.017, "ssim": 0.927, "damage_class": "none" }, "geometry": { "type": "Point", "coordinates": [ -118.066507009063002, 34.171801010129201 ] } },
{ "type": "Feature", "properties": { "DAMAGE": "No Damage", "STRUCTURETYPE": "Single Family Residence Multi Story", "index_right": 6392, "score": 0.052, "d_ndvi": -0.029, "ssim": 0.943, "damage_class": "none" }, "geometry": { "type": "Point", "coordinates": [ -118.085659117964994, 34.172635797788701 ] } },
{ "type": "Feature", "properties": { "DAMAGE": "No Damage", "STRUCTURETYPE": "Single Family Residence Multi Story", "index_right": 6392, "score": 0.052, "d_ndvi": -0.029, "ssim": 0.943, "damage_class": "none" }, "geometry": { "type": "Point", "coordinates": [ -118.085526328102006, 34.1728224773994 ] } },
{ "type": "Feature", "properties": { "DAMAGE": "No Damage", "STRUCTURETYPE": "Single Family Residence Multi Story", "index_right": 6297, "score": 0.096, "d_ndvi": -0.022, "ssim": 0.893, "damage_class": "none" }, "geometry": { "type": "Point", "coordinates": [ -118.085278772172998, 34.172950857156799 ] } },
{ "type": "Feature", "properties": { "DAMAGE": "No Damage", "STRUCTURETYPE": "Single Family Residence Single Story", "index_right": 6924, "score": 0.045, "d_ndvi": 0.001, "ssim": 0.94, "damage_class": "none" }, "geometry": { "type": "Point", "coordinates": [ -118.054849189506996, 34.170889751853601 ] } },
{ "type": "Feature", "properties": { "DAMAGE": "No Damage", "STRUCTURETYPE": "Single Family Residence Single Story", "index_right": 6393, "score": 0.134, "d_ndvi": -0.028, "ssim": 0.844, "damage_class": "none" }, "geometry": { "type": "Point", "coordinates": [ -118.085075001028002, 34.172550518431699 ] } },
{ "type": "Feature", "properties": { "DAMAGE": "Inaccessible", "STRUCTURETYPE": "Single Family Residence Single Story", "index_right": 6925, "score": 0.041, "d_ndvi": -0.017, "ssim": 0.947, "damage_class": "none" }, "geometry": { "type": "Point", "coordinates": [ -118.054598603985994, 34.1708427422016 ] } },
{ "type": "Feature", "properties": { "DAMAGE": "Inaccessible", "STRUCTURETYPE": "Utility Misc Structure", "index_right": 6829, "score": 0.064, "d_ndvi": 0.012, "ssim": 0.899, "damage_class": "none" }, "geometry": { "type": "Point", "coordinates": [ -118.054717053144003, 34.170980994385602 ] } },
{ "type": "Feature", "properties": { "DAMAGE": "No Damage", "STRUCTURETYPE": "Single Family Residence Single Story", "index_right": 7093, "score": 0.045, "d_ndvi": -0.009, "ssim": 0.942, "damage_class": "none" }, "geometry": { "type": "Point", "coordinates": [ -118.066323910944007, 34.1698877699856 ] } },
{ "type": "Feature", "properties": { "DAMAGE": "No Damage", "STRUCTURETYPE": "Single Family Residence Multi Story", "index_right": 6582, "score": 0.096, "d_ndvi": -0.027, "ssim": 0.89, "damage_class": "none" }, "geometry": { "type": "Point", "coordinates": [ -118.085285136736005, 34.171812160873898 ] } },
{ "type": "Feature", "properties": { "DAMAGE": "No Damage", "STRUCTURETYPE": "Single Family Residence Multi Story", "index_right": 6828, "score": 0.037, "d_ndvi": -0.009, "ssim": 0.94, "damage_class": "none" }, "geometry": { "type": "Point", "coordinates": [ -118.055406058271998, 34.171170854234802 ] } },
{ "type": "Feature", "properties": { "DAMAGE": "No Damage", "STRUCTURETYPE": "Utility Misc Structure", "index_right": 6828, "score": 0.037, "d_ndvi": -0.009, "ssim": 0.94, "damage_class": "none" }, "geometry": { "type": "Point", "coordinates": [ -118.055685494513, 34.171202051437902 ] } },
{ "type": "Feature", "properties": { "DAMAGE": "No Damage", "STRUCTURETYPE": "Single Family Residence Single Story", "index_right": 7095, "score": 0.056, "d_ndvi": 0.0, "ssim": 0.91, "damage_class": "none" }, "geometry": { "type": "Point", "coordinates": [ -118.065075239224001, 34.169897848378902 ] } },
{ "type": "Feature", "properties": { "DAMAGE": "No Damage", "STRUCTURETYPE": "Single Family Residence Single Story", "index_right": 7094, "score": 0.08, "d_ndvi": 0.003, "ssim": 0.888, "damage_class": "none" }, "geometry": { "type": "Point", "coordinates": [ -118.065547804559998, 34.169913944080001 ] } },
{ "type": "Feature", "properties": { "DAMAGE": "No Damage", "STRUCTURETYPE": "Utility Misc Structure", "index_right": 6827, "score": 0.052, "d_ndvi": 0.025, "ssim": 0.907, "damage_class": "none" }, "geometry": { "type": "Point", "coordinates": [ -118.055715733602, 34.171293036463403 ] } },
{ "type": "Feature", "properties": { "DAMAGE": "No Damage", "STRUCTURETYPE": "Single Family Residence Multi Story", "index_right": 6733, "score": 0.058, "d_ndvi": 0.017, "ssim": 0.898, "damage_class": "none" }, "geometry": { "type": "Point", "coordinates": [ -118.055300357106006, 34.171339631895101 ] } },
{ "type": "Feature", "properties": { "DAMAGE": "No Damage", "STRUCTURETYPE": "Single Family Residence Multi Story", "index_right": 6733, "score": 0.058, "d_ndvi": 0.017, "ssim": 0.898, "damage_class": "none" }, "geometry": { "type": "Point", "coordinates": [ -118.055532538368993, 34.1713540550464 ] } },
{ "type": "Feature", "properties": { "DAMAGE": "No Damage", "STRUCTURETYPE": "Single Family Residence Single Story", "index_right": 6733, "score": 0.058, "d_ndvi": 0.017, "ssim": 0.898, "damage_class": "none" }, "geometry": { "type": "Point", "coordinates": [ -118.055332071229003, 34.171514847820198 ] } },
{ "type": "Feature", "properties": { "DAMAGE": "No Damage", "STRUCTURETYPE": "Single Family Residence Single Story", "index_right": 6733, "score": 0.058, "d_ndvi": 0.017, "ssim": 0.898, "damage_class": "none" }, "geometry": { "type": "Point", "coordinates": [ -118.055616855140002, 34.1715792449641 ] } },
{ "type": "Feature", "properties": { "DAMAGE": "No Damage", "STRUCTURETYPE": "Utility Misc Structure", "index_right": 6733, "score": 0.058, "d_ndvi": 0.017, "ssim": 0.898, "damage_class": "none" }, "geometry": { "type": "Point", "coordinates": [ -118.055501088350994, 34.171583373603902 ] } },
{ "type": "Feature", "properties": { "DAMAGE": "No Damage", "STRUCTURETYPE": "Single Family Residence Multi Story", "index_right": 6733, "score": 0.058, "d_ndvi": 0.017, "ssim": 0.898, "damage_class": "none" }, "geometry": { "type": "Point", "coordinates": [ -118.055498605408005, 34.171749540222599 ] } },
{ "type": "Feature", "properties": { "DAMAGE": "No Damage", "STRUCTURETYPE": "Single Family Residence Single Story", "index_right": 6677, "score": 0.088, "d_ndvi": -0.056, "ssim": 0.921, "damage_class": "none" }, "geometry": { "type": "Point", "coordinates": [ -118.085444157406002, 34.171459333719199 ] } },
{ "type": "Feature", "properties": { "DAMAGE": "No Damage", "STRUCTURETYPE": "Single Family Residence Single Story", "index_right": 6541, "score": 0.052, "d_ndvi": 0.015, "ssim": 0.914, "damage_class": "none" }, "geometry": { "type": "Point", "coordinates": [ -118.056323128583003, 34.172641677403497 ] } },
{ "type": "Feature", "properties": { "DAMAGE": "No Damage", "STRUCTURETYPE": "Utility Misc Structure", "index_right": 6447, "score": 0.047, "d_ndvi": -0.01, "ssim": 0.935, "damage_class": "none" }, "geometry": { "type": "Point", "coordinates": [ -118.056139383580998, 34.1726921041314 ] } },
{ "type": "Feature", "properties": { "DAMAGE": "No Damage", "STRUCTURETYPE": "Single Family Residence Multi Story", "index_right": 6542, "score": 0.115, "d_ndvi": -0.006, "ssim": 0.838, "damage_class": "none" }, "geometry": { "type": "Point", "coordinates": [ -118.055891580614997, 34.172635690021799 ] } },
{ "type": "Feature", "properties": { "DAMAGE": "No Damage", "STRUCTURETYPE": "Single Family Residence Multi Story", "index_right": 6541, "score": 0.052, "d_ndvi": 0.015, "ssim": 0.914, "damage_class": "none" }, "geometry": { "type": "Point", "coordinates": [ -118.056310424608, 34.172456899297401 ] } },
{ "type": "Feature", "properties": { "DAMAGE": "No Damage", "STRUCTURETYPE": "Utility Misc Structure", "index_right": 6542, "score": 0.115, "d_ndvi": -0.006, "ssim": 0.838, "damage_class": "none" }, "geometry": { "type": "Point", "coordinates": [ -118.056092714306004, 34.172524972437699 ] } },
{ "type": "Feature", "properties": { "DAMAGE": "No Damage", "STRUCTURETYPE": "Single Family Residence Multi Story", "index_right": 6825, "score": 0.037, "d_ndvi": -0.008, "ssim": 0.962, "damage_class": "none" }, "geometry": { "type": "Point", "coordinates": [ -118.056901419945007, 34.170937081091502 ] } },
{ "type": "Feature", "properties": { "DAMAGE": "No Damage", "STRUCTURETYPE": "Single Family Residence Single Story", "index_right": 6826, "score": 0.062, "d_ndvi": 0.004, "ssim": 0.903, "damage_class": "none" }, "geometry": { "type": "Point", "coordinates": [ -118.056667672917996, 34.170900096216101 ] } },
{ "type": "Feature", "properties": { "DAMAGE": "No Damage", "STRUCTURETYPE": "Utility Misc Structure", "index_right": 6826, "score": 0.062, "d_ndvi": 0.004, "ssim": 0.903, "damage_class": "none" }, "geometry": { "type": "Point", "coordinates": [ -118.056714496704004, 34.171022933626197 ] } },
{ "type": "Feature", "properties": { "DAMAGE": "No Damage", "STRUCTURETYPE": "Single Family Residence Single Story", "index_right": 6394, "score": 0.056, "d_ndvi": -0.032, "ssim": 0.946, "damage_class": "none" }, "geometry": { "type": "Point", "coordinates": [ -118.084227238436995, 34.1726016980964 ] } },
{ "type": "Feature", "properties": { "DAMAGE": "No Damage", "STRUCTURETYPE": "Single Family Residence Multi Story", "index_right": 6394, "score": 0.056, "d_ndvi": -0.032, "ssim": 0.946, "damage_class": "none" }, "geometry": { "type": "Point", "coordinates": [ -118.084220675344994, 34.172780362910103 ] } },
{ "type": "Feature", "properties": { "DAMAGE": "No Damage", "STRUCTURETYPE": "Single Family Residence Single Story", "index_right": 6298, "score": 0.079, "d_ndvi": -0.047, "ssim": 0.932, "damage_class": "none" }, "geometry": { "type": "Point", "coordinates": [ -118.084609123942002, 34.173102219192998 ] } },
{ "type": "Feature", "properties": { "DAMAGE": "No Damage", "STRUCTURETYPE": "Single Family Residence Single Story", "index_right": 6637, "score": 0.123, "d_ndvi": -0.027, "ssim": 0.855, "damage_class": "none" }, "geometry": { "type": "Point", "coordinates": [ -118.055790874980005, 34.172092697551001 ] } },
{ "type": "Feature", "properties": { "DAMAGE": "No Damage", "STRUCTURETYPE": "Single Family Residence Single Story", "index_right": 6638, "score": 0.057, "d_ndvi": 0.003, "ssim": 0.92, "damage_class": "none" }, "geometry": { "type": "Point", "coordinates": [ -118.055661202270997, 34.172092473840301 ] } },
{ "type": "Feature", "properties": { "DAMAGE": "No Damage", "STRUCTURETYPE": "Utility Misc Structure", "index_right": 6543, "score": 0.137, "d_ndvi": 0.005, "ssim": 0.802, "damage_class": "none" }, "geometry": { "type": "Point", "coordinates": [ -118.055676069388994, 34.172322303215203 ] } },
{ "type": "Feature", "properties": { "DAMAGE": "No Damage", "STRUCTURETYPE": "Single Family Residence Multi Story", "index_right": 6638, "score": 0.057, "d_ndvi": 0.003, "ssim": 0.92, "damage_class": "none" }, "geometry": { "type": "Point", "coordinates": [ -118.055476983857005, 34.1720839750623 ] } },
{ "type": "Feature", "properties": { "DAMAGE": "No Damage", "STRUCTURETYPE": "Single Family Residence Multi Story", "index_right": 6448, "score": 0.096, "d_ndvi": -0.006, "ssim": 0.87, "damage_class": "none" }, "geometry": { "type": "Point", "coordinates": [ -118.055722821309004, 34.173032256518397 ] } },
{ "type": "Feature", "properties": { "DAMAGE": "No Damage", "STRUCTURETYPE": "Single Family Residence Single Story", "index_right": 6826, "score": 0.062, "d_ndvi": 0.004, "ssim": 0.903, "damage_class": "none" }, "geometry": { "type": "Point", "coordinates": [ -118.056302246345993, 34.171082822688902 ] } },
{ "type": "Feature", "properties": { "DAMAGE": "No Damage", "STRUCTURETYPE": "Single Family Residence Single Story", "index_right": 6826, "score": 0.062, "d_ndvi": 0.004, "ssim": 0.903, "damage_class": "none" }, "geometry": { "type": "Point", "coordinates": [ -118.056397387816006, 34.170939031340602 ] } },
{ "type": "Feature", "properties": { "DAMAGE": "No Damage", "STRUCTURETYPE": "Utility Misc Structure", "index_right": 6921, "score": 0.031, "d_ndvi": -0.004, "ssim": 0.96, "damage_class": "none" }, "geometry": { "type": "Point", "coordinates": [ -118.056309505632001, 34.170828688351399 ] } },
{ "type": "Feature", "properties": { "DAMAGE": "No Damage", "STRUCTURETYPE": "Single Family Residence Multi Story", "index_right": 6298, "score": 0.079, "d_ndvi": -0.047, "ssim": 0.932, "damage_class": "none" }, "geometry": { "type": "Point", "coordinates": [ -118.084956648887996, 34.173059416624902 ] } },
{ "type": "Feature", "properties": { "DAMAGE": "No Damage", "STRUCTURETYPE": "Single Family Residence Multi Story", "index_right": 6445, "score": 0.031, "d_ndvi": 0.003, "ssim": 0.942, "damage_class": "none" }, "geometry": { "type": "Point", "coordinates": [ -118.056906768652993, 34.172890916627502 ] } },
{ "type": "Feature", "properties": { "DAMAGE": "No Damage", "STRUCTURETYPE": "Single Family Residence Multi Story", "index_right": 6540, "score": 0.041, "d_ndvi": -0.008, "ssim": 0.943, "damage_class": "none" }, "geometry": { "type": "Point", "coordinates": [ -118.056841710724996, 34.172653272380003 ] } },
{ "type": "Feature", "properties": { "DAMAGE": "No Damage", "STRUCTURETYPE": "Single Family Residence Single Story", "index_right": 6446, "score": 0.043, "d_ndvi": -0.01, "ssim": 0.931, "damage_class": "none" }, "geometry": { "type": "Point", "coordinates": [ -118.056341633878006, 34.172933477759102 ] } },
{ "type": "Feature", "properties": { "DAMAGE": "No Damage", "STRUCTURETYPE": "Utility Misc Structure", "index_right": 6447, "score": 0.047, "d_ndvi": -0.01, "ssim": 0.935, "damage_class": "none" }, "geometry": { "type": "Point", "coordinates": [ -118.056183511523002, 34.172864192759398 ] } },
{ "type": "Feature", "properties": { "DAMAGE": "No Damage", "STRUCTURETYPE": "Single Family Residence Multi Story", "index_right": 6827, "score": 0.052, "d_ndvi": 0.025, "ssim": 0.907, "damage_class": "none" }, "geometry": { "type": "Point", "coordinates": [ -118.056149219234996, 34.171089516252799 ] } },
{ "type": "Feature", "properties": { "DAMAGE": "No Damage", "STRUCTURETYPE": "Single Family Residence Multi Story", "index_right": 6827, "score": 0.052, "d_ndvi": 0.025, "ssim": 0.907, "damage_class": "none" }, "geometry": { "type": "Point", "coordinates": [ -118.055936565549999, 34.170998020405698 ] } },
{ "type": "Feature", "properties": { "DAMAGE": "No Damage", "STRUCTURETYPE": "Single Family Residence Single Story", "index_right": 6823, "score": 0.055, "d_ndvi": -0.005, "ssim": 0.927, "damage_class": "none" }, "geometry": { "type": "Point", "coordinates": [ -118.058023440887993, 34.171039574642599 ] } },
{ "type": "Feature", "properties": { "DAMAGE": "No Damage", "STRUCTURETYPE": "Single Family Residence Multi Story", "index_right": 6918, "score": 0.061, "d_ndvi": -0.026, "ssim": 0.929, "damage_class": "none" }, "geometry": { "type": "Point", "coordinates": [ -118.057881640922005, 34.1708701415915 ] } },
{ "type": "Feature", "properties": { "DAMAGE": "No Damage", "STRUCTURETYPE": "Single Family Residence Single Story", "index_right": 6919, "score": 0.036, "d_ndvi": 0.007, "ssim": 0.946, "damage_class": "none" }, "geometry": { "type": "Point", "coordinates": [ -118.057668624317003, 34.170852512781202 ] } },
{ "type": "Feature", "properties": { "DAMAGE": "No Damage", "STRUCTURETYPE": "Single Family Residence Multi Story", "index_right": 6920, "score": 0.048, "d_ndvi": -0.009, "ssim": 0.94, "damage_class": "none" }, "geometry": { "type": "Point", "coordinates": [ -118.057240878019996, 34.1708405050613 ] } },
{ "type": "Feature", "properties": { "DAMAGE": "No Damage", "STRUCTURETYPE": "Single Family Residence Single Story", "index_right": 7368, "score": 0.074, "d_ndvi": -0.016, "ssim": 0.897, "damage_class": "none" }, "geometry": { "type": "Point", "coordinates": [ -118.071467157610996, 34.168504641794598 ] } },
{ "type": "Feature", "properties": { "DAMAGE": "No Damage", "STRUCTURETYPE": "Utility Misc Structure", "index_right": 5927, "score": 0.065, "d_ndvi": 0.005, "ssim": 0.905, "damage_class": "none" }, "geometry": { "type": "Point", "coordinates": [ -118.079882188018999, 34.175104250855298 ] } },
{ "type": "Feature", "properties": { "DAMAGE": "No Damage", "STRUCTURETYPE": "Utility Misc Structure", "index_right": 5927, "score": 0.065, "d_ndvi": 0.005, "ssim": 0.905, "damage_class": "none" }, "geometry": { "type": "Point", "coordinates": [ -118.079883523814004, 34.175048326639903 ] } },
{ "type": "Feature", "properties": { "DAMAGE": "No Damage", "STRUCTURETYPE": "Single Family Residence Multi Story", "index_right": 7875, "score": 0.051, "d_ndvi": 0.003, "ssim": 0.928, "damage_class": "none" }, "geometry": { "type": "Point", "coordinates": [ -118.054401187523993, 34.166451685705098 ] } },
{ "type": "Feature", "properties": { "DAMAGE": "No Damage", "STRUCTURETYPE": "Utility Misc Structure", "index_right": 7875, "score": 0.051, "d_ndvi": 0.003, "ssim": 0.928, "damage_class": "none" }, "geometry": { "type": "Point", "coordinates": [ -118.054517397181996, 34.166359242357203 ] } },
{ "type": "Feature", "properties": { "DAMAGE": "No Damage", "STRUCTURETYPE": "Single Family Residence Single Story", "index_right": 7779, "score": 0.047, "d_ndvi": -0.013, "ssim": 0.939, "damage_class": "none" }, "geometry": { "type": "Point", "coordinates": [ -118.054658967180004, 34.166558689684798 ] } },
{ "type": "Feature", "properties": { "DAMAGE": "No Damage", "STRUCTURETYPE": "Single Family Residence Single Story", "index_right": 7365, "score": 0.073, "d_ndvi": -0.025, "ssim": 0.902, "damage_class": "none" }, "geometry": { "type": "Point", "coordinates": [ -118.072840864038994, 34.168156655785403 ] } },
{ "type": "Feature", "properties": { "DAMAGE": "No Damage", "STRUCTURETYPE": "Utility Misc Structure", "index_right": 7874, "score": 0.057, "d_ndvi": -0.004, "ssim": 0.908, "damage_class": "none" }, "geometry": { "type": "Point", "coordinates": [ -118.054611618777997, 34.166416303594801 ] } },
{ "type": "Feature", "properties": { "DAMAGE": "No Damage", "STRUCTURETYPE": "Single Family Residence Single Story", "index_right": 7779, "score": 0.047, "d_ndvi": -0.013, "ssim": 0.939, "damage_class": "none" }, "geometry": { "type": "Point", "coordinates": [ -118.054813878955002, 34.166562077526301 ] } },
{ "type": "Feature", "properties": { "DAMAGE": "No Damage", "STRUCTURETYPE": "Single Family Residence Single Story", "index_right": 7874, "score": 0.057, "d_ndvi": -0.004, "ssim": 0.908, "damage_class": "none" }, "geometry": { "type": "Point", "coordinates": [ -118.054827980709007, 34.166358399482903 ] } },
{ "type": "Feature", "properties": { "DAMAGE": "No Damage", "STRUCTURETYPE": "Single Family Residence Multi Story", "index_right": 7685, "score": 0.047, "d_ndvi": -0.01, "ssim": 0.935, "damage_class": "none" }, "geometry": { "type": "Point", "coordinates": [ -118.054230309092006, 34.1670081639339 ] } },
{ "type": "Feature", "properties": { "DAMAGE": "No Damage", "STRUCTURETYPE": "Utility Misc Structure", "index_right": 7685, "score": 0.047, "d_ndvi": -0.01, "ssim": 0.935, "damage_class": "none" }, "geometry": { "type": "Point", "coordinates": [ -118.054185296309996, 34.167186455575298 ] } },
{ "type": "Feature", "properties": { "DAMAGE": "No Damage", "STRUCTURETYPE": "Single Family Residence Single Story", "index_right": 7685, "score": 0.047, "d_ndvi": -0.01, "ssim": 0.935, "damage_class": "none" }, "geometry": { "type": "Point", "coordinates": [ -118.054446703362999, 34.167002849554997 ] } },
{ "type": "Feature", "properties": { "DAMAGE": "No Damage", "STRUCTURETYPE": "Single Family Residence Multi Story", "index_right": 7685, "score": 0.047, "d_ndvi": -0.01, "ssim": 0.935, "damage_class": "none" }, "geometry": { "type": "Point", "coordinates": [ -118.054423030059993, 34.167228057028098 ] } },
{ "type": "Feature", "properties": { "DAMAGE": "Inaccessible", "STRUCTURETYPE": "Single Family Residence Multi Story", "index_right": 7873, "score": 0.066, "d_ndvi": -0.0, "ssim": 0.898, "damage_class": "none" }, "geometry": { "type": "Point", "coordinates": [ -118.055308821931007, 34.166098595320399 ] } },
{ "type": "Feature", "properties": { "DAMAGE": "Inaccessible", "STRUCTURETYPE": "Utility Misc Structure", "index_right": 7872, "score": 0.03, "d_ndvi": 0.03, "ssim": 0.943, "damage_class": "none" }, "geometry": { "type": "Point", "coordinates": [ -118.055692839138004, 34.166113666018703 ] } },
{ "type": "Feature", "properties": { "DAMAGE": "No Damage", "STRUCTURETYPE": "Utility Misc Structure", "index_right": 7169, "score": 0.061, "d_ndvi": -0.014, "ssim": 0.921, "damage_class": "none" }, "geometry": { "type": "Point", "coordinates": [ -118.076251378202002, 34.169254721839998 ] } },
{ "type": "Feature", "properties": { "DAMAGE": "No Damage", "STRUCTURETYPE": "Single Family Residence Single Story", "index_right": 7169, "score": 0.061, "d_ndvi": -0.014, "ssim": 0.921, "damage_class": "none" }, "geometry": { "type": "Point", "coordinates": [ -118.076335508122995, 34.169358385821504 ] } },
{ "type": "Feature", "properties": { "DAMAGE": "No Damage", "STRUCTURETYPE": "Utility Misc Structure", "index_right": 7074, "score": 0.058, "d_ndvi": 0.011, "ssim": 0.906, "damage_class": "none" }, "geometry": { "type": "Point", "coordinates": [ -118.076073092262007, 34.169449876013601 ] } },
{ "type": "Feature", "properties": { "DAMAGE": "No Damage", "STRUCTURETYPE": "Single Family Residence Single Story", "index_right": 7074, "score": 0.058, "d_ndvi": 0.011, "ssim": 0.906, "damage_class": "none" }, "geometry": { "type": "Point", "coordinates": [ -118.076077396989007, 34.169584159310098 ] } },
{ "type": "Feature", "properties": { "DAMAGE": "No Damage", "STRUCTURETYPE": "Single Family Residence Single Story", "index_right": 7074, "score": 0.058, "d_ndvi": 0.011, "ssim": 0.906, "damage_class": "none" }, "geometry": { "type": "Point", "coordinates": [ -118.076200465284998, 34.169464674827999 ] } },
{ "type": "Feature", "properties": { "DAMAGE": "No Damage", "STRUCTURETYPE": "Utility Misc Structure", "index_right": 5454, "score": 0.075, "d_ndvi": -0.008, "ssim": 0.898, "damage_class": "none" }, "geometry": { "type": "Point", "coordinates": [ -118.079281003486997, 34.177278765591602 ] } },
{ "type": "Feature", "properties": { "DAMAGE": "No Damage", "STRUCTURETYPE": "Single Family Residence Single Story", "index_right": 7873, "score": 0.066, "d_ndvi": -0.0, "ssim": 0.898, "damage_class": "none" }, "geometry": { "type": "Point", "coordinates": [ -118.055325744393997, 34.166254111924502 ] } },
{ "type": "Feature", "properties": { "DAMAGE": "No Damage", "STRUCTURETYPE": "Utility Misc Structure", "index_right": 5356, "score": 0.063, "d_ndvi": -0.019, "ssim": 0.921, "damage_class": "none" }, "geometry": { "type": "Point", "coordinates": [ -118.080437715174, 34.177422967686802 ] } },
{ "type": "Feature", "properties": { "DAMAGE": "No Damage", "STRUCTURETYPE": "Single Family Residence Single Story", "index_right": 7684, "score": 0.043, "d_ndvi": 0.0, "ssim": 0.931, "damage_class": "none" }, "geometry": { "type": "Point", "coordinates": [ -118.054626969189002, 34.167017095806003 ] } },
{ "type": "Feature", "properties": { "DAMAGE": "No Damage", "STRUCTURETYPE": "Utility Misc Structure", "index_right": 7684, "score": 0.043, "d_ndvi": 0.0, "ssim": 0.931, "damage_class": "none" }, "geometry": { "type": "Point", "coordinates": [ -118.054685982215005, 34.167182531119302 ] } },
{ "type": "Feature", "properties": { "DAMAGE": "No Damage", "STRUCTURETYPE": "Single Family Residence Single Story", "index_right": 7778, "score": 0.031, "d_ndvi": 0.014, "ssim": 0.942, "damage_class": "none" }, "geometry": { "type": "Point", "coordinates": [ -118.055228558359005, 34.166582090910801 ] } },
{ "type": "Feature", "properties": { "DAMAGE": "No Damage", "STRUCTURETYPE": "Single Family Residence Single Story", "index_right": 6604, "score": 0.049, "d_ndvi": -0.021, "ssim": 0.927, "damage_class": "none" }, "geometry": { "type": "Point", "coordinates": [ -118.073817330056997, 34.1717453848348 ] } },
{ "type": "Feature", "properties": { "DAMAGE": "No Damage", "STRUCTURETYPE": "Single Family Residence Single Story", "index_right": 6604, "score": 0.049, "d_ndvi": -0.021, "ssim": 0.927, "damage_class": "none" }, "geometry": { "type": "Point", "coordinates": [ -118.073647501756, 34.171802757559703 ] } },
{ "type": "Feature", "properties": { "DAMAGE": "No Damage", "STRUCTURETYPE": "Utility Misc Structure", "index_right": 7778, "score": 0.031, "d_ndvi": 0.014, "ssim": 0.942, "damage_class": "none" }, "geometry": { "type": "Point", "coordinates": [ -118.055247604439003, 34.1664662412512 ] } },
{ "type": "Feature", "properties": { "DAMAGE": "No Damage", "STRUCTURETYPE": "Single Family Residence Multi Story", "index_right": 7684, "score": 0.043, "d_ndvi": 0.0, "ssim": 0.931, "damage_class": "none" }, "geometry": { "type": "Point", "coordinates": [ -118.054821843419006, 34.167063775357803 ] } },
{ "type": "Feature", "properties": { "DAMAGE": "No Damage", "STRUCTURETYPE": "Single Family Residence Multi Story", "index_right": 7778, "score": 0.031, "d_ndvi": 0.014, "ssim": 0.942, "damage_class": "none" }, "geometry": { "type": "Point", "coordinates": [ -118.055389411592003, 34.1665618396787 ] } },
{ "type": "Feature", "properties": { "DAMAGE": "No Damage", "STRUCTURETYPE": "Single Family Residence Multi Story", "index_right": 7873, "score": 0.066, "d_ndvi": -0.0, "ssim": 0.898, "damage_class": "none" }, "geometry": { "type": "Point", "coordinates": [ -118.055311630963004, 34.166407593155199 ] } },
{ "type": "Feature", "properties": { "DAMAGE": "No Damage", "STRUCTURETYPE": "Single Family Residence Single Story", "index_right": 7778, "score": 0.031, "d_ndvi": 0.014, "ssim": 0.942, "damage_class": "none" }, "geometry": { "type": "Point", "coordinates": [ -118.055557057884997, 34.1665848677805 ] } },
{ "type": "Feature", "properties": { "DAMAGE": "No Damage", "STRUCTURETYPE": "Utility Misc Structure", "index_right": 7778, "score": 0.031, "d_ndvi": 0.014, "ssim": 0.942, "damage_class": "none" }, "geometry": { "type": "Point", "coordinates": [ -118.055501493490993, 34.166458238414101 ] } },
{ "type": "Feature", "properties": { "DAMAGE": "Inaccessible", "STRUCTURETYPE": "Single Family Residence Single Story", "index_right": 7589, "score": 0.044, "d_ndvi": 0.005, "ssim": 0.945, "damage_class": "none" }, "geometry": { "type": "Point", "coordinates": [ -118.054736669655, 34.1673743268029 ] } },
{ "type": "Feature", "properties": { "DAMAGE": "No Damage", "STRUCTURETYPE": "Single Family Residence Single Story", "index_right": 6203, "score": 0.091, "d_ndvi": -0.022, "ssim": 0.895, "damage_class": "none" }, "geometry": { "type": "Point", "coordinates": [ -118.084940985863, 34.1733931275865 ] } },
{ "type": "Feature", "properties": { "DAMAGE": "No Damage", "STRUCTURETYPE": "Single Family Residence Single Story", "index_right": 7777, "score": 0.022, "d_ndvi": 0.027, "ssim": 0.963, "damage_class": "none" }, "geometry": { "type": "Point", "coordinates": [ -118.055722841971004, 34.166574169101501 ] } },
{ "type": "Feature", "properties": { "DAMAGE": "No Damage", "STRUCTURETYPE": "Single Family Residence Single Story", "index_right": 6203, "score": 0.091, "d_ndvi": -0.022, "ssim": 0.895, "damage_class": "none" }, "geometry": { "type": "Point", "coordinates": [ -118.084919527805994, 34.173669297102698 ] } },
{ "type": "Feature", "properties": { "DAMAGE": "No Damage", "STRUCTURETYPE": "Single Family Residence Single Story", "index_right": 7775, "score": 0.062, "d_ndvi": -0.005, "ssim": 0.902, "damage_class": "none" }, "geometry": { "type": "Point", "coordinates": [ -118.056842082627, 34.166542766530803 ] } },
{ "type": "Feature", "properties": { "DAMAGE": "No Damage", "STRUCTURETYPE": "Single Family Residence Multi Story", "index_right": 7589, "score": 0.044, "d_ndvi": 0.005, "ssim": 0.945, "damage_class": "none" }, "geometry": { "type": "Point", "coordinates": [ -118.054777302252006, 34.167568301303298 ] } },
{ "type": "Feature", "properties": { "DAMAGE": "Inaccessible", "STRUCTURETYPE": "Single Family Residence Multi Story", "index_right": 7590, "score": 0.078, "d_ndvi": 0.014, "ssim": 0.891, "damage_class": "none" }, "geometry": { "type": "Point", "coordinates": [ -118.054444532134994, 34.167571941071003 ] } },
{ "type": "Feature", "properties": { "DAMAGE": "No Damage", "STRUCTURETYPE": "Single Family Residence Multi Story", "index_right": 7685, "score": 0.047, "d_ndvi": -0.01, "ssim": 0.935, "damage_class": "none" }, "geometry": { "type": "Point", "coordinates": [ -118.054394934350995, 34.167343350421802 ] } },
{ "type": "Feature", "properties": { "DAMAGE": "No Damage", "STRUCTURETYPE": "Single Family Residence Single Story", "index_right": 6108, "score": 0.056, "d_ndvi": -0.023, "ssim": 0.938, "damage_class": "none" }, "geometry": { "type": "Point", "coordinates": [ -118.084918774119004, 34.173940710665903 ] } },
{ "type": "Feature", "properties": { "DAMAGE": "No Damage", "STRUCTURETYPE": "Single Family Residence Single Story", "index_right": 7680, "score": 0.056, "d_ndvi": 0.003, "ssim": 0.917, "damage_class": "none" }, "geometry": { "type": "Point", "coordinates": [ -118.056882522086994, 34.1669491869457 ] } },
{ "type": "Feature", "properties": { "DAMAGE": "No Damage", "STRUCTURETYPE": "Utility Misc Structure", "index_right": 7680, "score": 0.056, "d_ndvi": 0.003, "ssim": 0.917, "damage_class": "none" }, "geometry": { "type": "Point", "coordinates": [ -118.056819474951993, 34.167056934241202 ] } },
{ "type": "Feature", "properties": { "DAMAGE": "No Damage", "STRUCTURETYPE": "Single Family Residence Single Story", "index_right": 7590, "score": 0.078, "d_ndvi": 0.014, "ssim": 0.891, "damage_class": "none" }, "geometry": { "type": "Point", "coordinates": [ -118.054182325230002, 34.167482878478303 ] } },
{ "type": "Feature", "properties": { "DAMAGE": "No Damage", "STRUCTURETYPE": "Utility Misc Structure", "index_right": 7590, "score": 0.078, "d_ndvi": 0.014, "ssim": 0.891, "damage_class": "none" }, "geometry": { "type": "Point", "coordinates": [ -118.054283990209001, 34.167572842913003 ] } },
{ "type": "Feature", "properties": { "DAMAGE": "No Damage", "STRUCTURETYPE": "Single Family Residence Single Story", "index_right": 7680, "score": 0.056, "d_ndvi": 0.003, "ssim": 0.917, "damage_class": "none" }, "geometry": { "type": "Point", "coordinates": [ -118.056948417106, 34.167234634947903 ] } },
{ "type": "Feature", "properties": { "DAMAGE": "No Damage", "STRUCTURETYPE": "Single Family Residence Multi Story", "index_right": 7494, "score": 0.061, "d_ndvi": -0.017, "ssim": 0.931, "damage_class": "none" }, "geometry": { "type": "Point", "coordinates": [ -118.054835539134004, 34.168114504777897 ] } },
{ "type": "Feature", "properties": { "DAMAGE": "No Damage", "STRUCTURETYPE": "Single Family Residence Multi Story", "index_right": 5551, "score": 0.055, "d_ndvi": -0.017, "ssim": 0.93, "damage_class": "none" }, "geometry": { "type": "Point", "coordinates": [ -118.077725845060996, 34.176918914602602 ] } },
{ "type": "Feature", "properties": { "DAMAGE": "No Damage", "STRUCTURETYPE": "Single Family Residence Single Story", "index_right": 7585, "score": 0.068, "d_ndvi": 0.02, "ssim": 0.89, "damage_class": "none" }, "geometry": { "type": "Point", "coordinates": [ -118.056953512350006, 34.167513083399101 ] } },
{ "type": "Feature", "properties": { "DAMAGE": "No Damage", "STRUCTURETYPE": "Single Family Residence Multi Story", "index_right": 7494, "score": 0.061, "d_ndvi": -0.017, "ssim": 0.931, "damage_class": "none" }, "geometry": { "type": "Point", "coordinates": [ -118.054648892573994, 34.168051868747803 ] } },
{ "type": "Feature", "properties": { "DAMAGE": "No Damage", "STRUCTURETYPE": "Single Family Residence Multi Story", "index_right": 5457, "score": 0.081, "d_ndvi": -0.024, "ssim": 0.908, "damage_class": "none" }, "geometry": { "type": "Point", "coordinates": [ -118.077700904235996, 34.1772312379426 ] } },
{ "type": "Feature", "properties": { "DAMAGE": "No Damage", "STRUCTURETYPE": "Single Family Residence Single Story", "index_right": 7490, "score": 0.026, "d_ndvi": 0.035, "ssim": 0.934, "damage_class": "none" }, "geometry": { "type": "Point", "coordinates": [ -118.056935258584005, 34.167795786111498 ] } },
{ "type": "Feature", "properties": { "DAMAGE": "No Damage", "STRUCTURETYPE": "Utility Misc Structure", "index_right": 7490, "score": 0.026, "d_ndvi": 0.035, "ssim": 0.934, "damage_class": "none" }, "geometry": { "type": "Point", "coordinates": [ -118.056932978659006, 34.167891146675998 ] } },
{ "type": "Feature", "properties": { "DAMAGE": "No Damage", "STRUCTURETYPE": "Single Family Residence Multi Story", "index_right": 7398, "score": 0.046, "d_ndvi": 0.007, "ssim": 0.928, "damage_class": "none" }, "geometry": { "type": "Point", "coordinates": [ -118.055623667963005, 34.168400072220201 ] } },
{ "type": "Feature", "properties": { "DAMAGE": "No Damage", "STRUCTURETYPE": "Single Family Residence Single Story", "index_right": 7398, "score": 0.046, "d_ndvi": 0.007, "ssim": 0.928, "damage_class": "none" }, "geometry": { "type": "Point", "coordinates": [ -118.055547754033, 34.168286075769402 ] } },
{ "type": "Feature", "properties": { "DAMAGE": "No Damage", "STRUCTURETYPE": "Single Family Residence Multi Story", "index_right": 7490, "score": 0.026, "d_ndvi": 0.035, "ssim": 0.934, "damage_class": "none" }, "geometry": { "type": "Point", "coordinates": [ -118.056922802543994, 34.1681431031882 ] } },
{ "type": "Feature", "properties": { "DAMAGE": "No Damage", "STRUCTURETYPE": "Single Family Residence Multi Story", "index_right": 5361, "score": 0.114, "d_ndvi": -0.015, "ssim": 0.858, "damage_class": "none" }, "geometry": { "type": "Point", "coordinates": [ -118.077830499689995, 34.177679701861599 ] } },
{ "type": "Feature", "properties": { "DAMAGE": "No Damage", "STRUCTURETYPE": "Single Family Residence Single Story", "index_right": 7396, "score": 0.036, "d_ndvi": 0.013, "ssim": 0.935, "damage_class": "none" }, "geometry": { "type": "Point", "coordinates": [ -118.056258476831999, 34.168279105490903 ] } },
{ "type": "Feature", "properties": { "DAMAGE": "No Damage", "STRUCTURETYPE": "Multi Family Residence Multi Story", "index_right": 7493, "score": 0.067, "d_ndvi": 0.011, "ssim": 0.89, "damage_class": "none" }, "geometry": { "type": "Point", "coordinates": [ -118.055315698534002, 34.168125623203501 ] } },
{ "type": "Feature", "properties": { "DAMAGE": "No Damage", "STRUCTURETYPE": "Utility Misc Structure", "index_right": 5361, "score": 0.114, "d_ndvi": -0.015, "ssim": 0.858, "damage_class": "none" }, "geometry": { "type": "Point", "coordinates": [ -118.077857198518998, 34.177471948306803 ] } },
{ "type": "Feature", "properties": { "DAMAGE": "No Damage", "STRUCTURETYPE": "Multi Family Residence Single Story", "index_right": 7493, "score": 0.067, "d_ndvi": 0.011, "ssim": 0.89, "damage_class": "none" }, "geometry": { "type": "Point", "coordinates": [ -118.055449569969994, 34.168167125339799 ] } },
{ "type": "Feature", "properties": { "DAMAGE": "No Damage", "STRUCTURETYPE": "Single Family Residence Single Story", "index_right": 7493, "score": 0.067, "d_ndvi": 0.011, "ssim": 0.89, "damage_class": "none" }, "geometry": { "type": "Point", "coordinates": [ -118.055642380769001, 34.168139826155802 ] } },
{ "type": "Feature", "properties": { "DAMAGE": "No Damage", "STRUCTURETYPE": "Single Family Residence Single Story", "index_right": 7493, "score": 0.067, "d_ndvi": 0.011, "ssim": 0.89, "damage_class": "none" }, "geometry": { "type": "Point", "coordinates": [ -118.055614906694004, 34.168050790276702 ] } },
{ "type": "Feature", "properties": { "DAMAGE": "No Damage", "STRUCTURETYPE": "Multi Family Residence Multi Story", "index_right": 7492, "score": 0.03, "d_ndvi": 0.027, "ssim": 0.939, "damage_class": "none" }, "geometry": { "type": "Point", "coordinates": [ -118.055674567406001, 34.167972768692799 ] } },
{ "type": "Feature", "properties": { "DAMAGE": "No Damage", "STRUCTURETYPE": "Single Family Residence Single Story", "index_right": 8861, "score": 0.378, "d_ndvi": -0.01, "ssim": 0.529, "damage_class": "severe" }, "geometry": { "type": "Point", "coordinates": [ -118.085614042301003, 34.161146196284598 ] } },
{ "type": "Feature", "properties": { "DAMAGE": "No Damage", "STRUCTURETYPE": "Single Family Residence Single Story", "index_right": 8862, "score": 0.082, "d_ndvi": -0.02, "ssim": 0.894, "damage_class": "none" }, "geometry": { "type": "Point", "coordinates": [ -118.085466733865999, 34.161098679453502 ] } },
{ "type": "Feature", "properties": { "DAMAGE": "No Damage", "STRUCTURETYPE": "Utility Misc Structure", "index_right": 8862, "score": 0.082, "d_ndvi": -0.02, "ssim": 0.894, "damage_class": "none" }, "geometry": { "type": "Point", "coordinates": [ -118.085402610323996, 34.160975621700899 ] } },
{ "type": "Feature", "properties": { "DAMAGE": "No Damage", "STRUCTURETYPE": "Single Family Residence Single Story", "index_right": 8862, "score": 0.082, "d_ndvi": -0.02, "ssim": 0.894, "damage_class": "none" }, "geometry": { "type": "Point", "coordinates": [ -118.085272448930994, 34.161150700068497 ] } },
{ "type": "Feature", "properties": { "DAMAGE": "No Damage", "STRUCTURETYPE": "Single Family Residence Single Story", "index_right": 8862, "score": 0.082, "d_ndvi": -0.02, "ssim": 0.894, "damage_class": "none" }, "geometry": { "type": "Point", "coordinates": [ -118.085052709335002, 34.161156437022299 ] } },
{ "type": "Feature", "properties": { "DAMAGE": "No Damage", "STRUCTURETYPE": "Utility Misc Structure", "index_right": 8862, "score": 0.082, "d_ndvi": -0.02, "ssim": 0.894, "damage_class": "none" }, "geometry": { "type": "Point", "coordinates": [ -118.085089179139004, 34.161021802850698 ] } },
{ "type": "Feature", "properties": { "DAMAGE": "No Damage", "STRUCTURETYPE": "Single Family Residence Single Story", "index_right": 8863, "score": 0.046, "d_ndvi": -0.018, "ssim": 0.946, "damage_class": "none" }, "geometry": { "type": "Point", "coordinates": [ -118.084888817999001, 34.161166022149402 ] } },
{ "type": "Feature", "properties": { "DAMAGE": "No Damage", "STRUCTURETYPE": "Single Family Residence Single Story", "index_right": 8863, "score": 0.046, "d_ndvi": -0.018, "ssim": 0.946, "damage_class": "none" }, "geometry": { "type": "Point", "coordinates": [ -118.084819793248997, 34.161054654723401 ] } },
{ "type": "Feature", "properties": { "DAMAGE": "No Damage", "STRUCTURETYPE": "Single Family Residence Single Story", "index_right": 6537, "score": 0.092, "d_ndvi": -0.006, "ssim": 0.879, "damage_class": "none" }, "geometry": { "type": "Point", "coordinates": [ -118.058470841429994, 34.172369835633901 ] } },
{ "type": "Feature", "properties": { "DAMAGE": "No Damage", "STRUCTURETYPE": "Single Family Residence Single Story", "index_right": 6543, "score": 0.137, "d_ndvi": 0.005, "ssim": 0.802, "damage_class": "none" }, "geometry": { "type": "Point", "coordinates": [ -118.055492875064004, 34.172300191205601 ] } },
{ "type": "Feature", "properties": { "DAMAGE": "No Damage", "STRUCTURETYPE": "Single Family Residence Multi Story", "index_right": 6821, "score": 0.066, "d_ndvi": -0.014, "ssim": 0.9, "damage_class": "none" }, "geometry": { "type": "Point", "coordinates": [ -118.058984332815001, 34.171294103001301 ] } },
{ "type": "Feature", "properties": { "DAMAGE": "Inaccessible", "STRUCTURETYPE": "Single Family Residence Single Story", "index_right": 6632, "score": 0.064, "d_ndvi": -0.019, "ssim": 0.913, "damage_class": "none" }, "geometry": { "type": "Point", "coordinates": [ -118.058581129388998, 34.171911201818098 ] } },
{ "type": "Feature", "properties": { "DAMAGE": "No Damage", "STRUCTURETYPE": "Single Family Residence Multi Story", "index_right": 6727, "score": 0.061, "d_ndvi": -0.037, "ssim": 0.939, "damage_class": "none" }, "geometry": { "type": "Point", "coordinates": [ -118.058555813965995, 34.171433174972698 ] } },
{ "type": "Feature", "properties": { "DAMAGE": "Minor (10-25%)", "STRUCTURETYPE": "Single Family Residence Multi Story", "index_right": 6730, "score": 0.033, "d_ndvi": 0.001, "ssim": 0.943, "damage_class": "none" }, "geometry": { "type": "Point", "coordinates": [ -118.057261891411002, 34.171760602427298 ] } },
{ "type": "Feature", "properties": { "DAMAGE": "No Damage", "STRUCTURETYPE": "Single Family Residence Single Story", "index_right": 8863, "score": 0.046, "d_ndvi": -0.018, "ssim": 0.946, "damage_class": "none" }, "geometry": { "type": "Point", "coordinates": [ -118.084664080175997, 34.1611298565929 ] } },
{ "type": "Feature", "properties": { "DAMAGE": "Affected (1-9%)", "STRUCTURETYPE": "Single Family Residence Single Story", "index_right": 8863, "score": 0.046, "d_ndvi": -0.018, "ssim": 0.946, "damage_class": "none" }, "geometry": { "type": "Point", "coordinates": [ -118.084464143041998, 34.161167696108699 ] } },
{ "type": "Feature", "properties": { "DAMAGE": "No Damage", "STRUCTURETYPE": "Single Family Residence Single Story", "index_right": 8864, "score": 0.051, "d_ndvi": -0.023, "ssim": 0.929, "damage_class": "none" }, "geometry": { "type": "Point", "coordinates": [ -118.084261184873, 34.1611879627579 ] } },
{ "type": "Feature", "properties": { "DAMAGE": "No Damage", "STRUCTURETYPE": "Utility Misc Structure", "index_right": 8864, "score": 0.051, "d_ndvi": -0.023, "ssim": 0.929, "damage_class": "none" }, "geometry": { "type": "Point", "coordinates": [ -118.084194747238001, 34.161069192421202 ] } },
{ "type": "Feature", "properties": { "DAMAGE": "No Damage", "STRUCTURETYPE": "Single Family Residence Single Story", "index_right": 8864, "score": 0.051, "d_ndvi": -0.023, "ssim": 0.929, "damage_class": "none" }, "geometry": { "type": "Point", "coordinates": [ -118.084062543303006, 34.161193380919102 ] } },
{ "type": "Feature", "properties": { "DAMAGE": "No Damage", "STRUCTURETYPE": "Utility Misc Structure", "index_right": 8864, "score": 0.051, "d_ndvi": -0.023, "ssim": 0.929, "damage_class": "none" }, "geometry": { "type": "Point", "coordinates": [ -118.083993728018001, 34.160981948689901 ] } },
{ "type": "Feature", "properties": { "DAMAGE": "No Damage", "STRUCTURETYPE": "Single Family Residence Single Story", "index_right": 8865, "score": 0.048, "d_ndvi": -0.019, "ssim": 0.93, "damage_class": "none" }, "geometry": { "type": "Point", "coordinates": [ -118.083871718742003, 34.161184391793299 ] } },
{ "type": "Feature", "properties": { "DAMAGE": "No Damage", "STRUCTURETYPE": "Utility Misc Structure", "index_right": 8865, "score": 0.048, "d_ndvi": -0.019, "ssim": 0.93, "damage_class": "none" }, "geometry": { "type": "Point", "coordinates": [ -118.083811721917996, 34.161046362846299 ] } },
{ "type": "Feature", "properties": { "DAMAGE": "No Damage", "STRUCTURETYPE": "Single Family Residence Single Story", "index_right": 8865, "score": 0.048, "d_ndvi": -0.019, "ssim": 0.93, "damage_class": "none" }, "geometry": { "type": "Point", "coordinates": [ -118.083652287909004, 34.161196531761703 ] } },
{ "type": "Feature", "properties": { "DAMAGE": "No Damage", "STRUCTURETYPE": "Utility Misc Structure", "index_right": 8865, "score": 0.048, "d_ndvi": -0.019, "ssim": 0.93, "damage_class": "none" }, "geometry": { "type": "Point", "coordinates": [ -118.083623618833002, 34.161011637370102 ] } },
{ "type": "Feature", "properties": { "DAMAGE": "No Damage", "STRUCTURETYPE": "Single Family Residence Single Story", "index_right": 8865, "score": 0.048, "d_ndvi": -0.019, "ssim": 0.93, "damage_class": "none" }, "geometry": { "type": "Point", "coordinates": [ -118.083455683512, 34.161195178578303 ] } },
{ "type": "Feature", "properties": { "DAMAGE": "No Damage", "STRUCTURETYPE": "Utility Misc Structure", "index_right": 8865, "score": 0.048, "d_ndvi": -0.019, "ssim": 0.93, "damage_class": "none" }, "geometry": { "type": "Point", "coordinates": [ -118.083509796239994, 34.161080169252699 ] } },
{ "type": "Feature", "properties": { "DAMAGE": "No Damage", "STRUCTURETYPE": "Single Family Residence Single Story", "index_right": 8866, "score": 0.064, "d_ndvi": -0.007, "ssim": 0.907, "damage_class": "none" }, "geometry": { "type": "Point", "coordinates": [ -118.083252321431999, 34.161187621957303 ] } },
{ "type": "Feature", "properties": { "DAMAGE": "No Damage", "STRUCTURETYPE": "Utility Misc Structure", "index_right": 8866, "score": 0.064, "d_ndvi": -0.007, "ssim": 0.907, "damage_class": "none" }, "geometry": { "type": "Point", "coordinates": [ -118.083329955942006, 34.161056961564498 ] } },
{ "type": "Feature", "properties": { "DAMAGE": "No Damage", "STRUCTURETYPE": "Single Family Residence Single Story", "index_right": 8866, "score": 0.064, "d_ndvi": -0.007, "ssim": 0.907, "damage_class": "none" }, "geometry": { "type": "Point", "coordinates": [ -118.083251203247997, 34.160975766116003 ] } },
{ "type": "Feature", "properties": { "DAMAGE": "No Damage", "STRUCTURETYPE": "Single Family Residence Multi Story", "index_right": 6105, "score": 0.055, "d_ndvi": -0.033, "ssim": 0.939, "damage_class": "none" }, "geometry": { "type": "Point", "coordinates": [ -118.086436211890003, 34.174125287086902 ] } },
{ "type": "Feature", "properties": { "DAMAGE": "No Damage", "STRUCTURETYPE": "Single Family Residence Single Story", "index_right": 6105, "score": 0.055, "d_ndvi": -0.033, "ssim": 0.939, "damage_class": "none" }, "geometry": { "type": "Point", "coordinates": [ -118.086708914358994, 34.1740642638187 ] } },
{ "type": "Feature", "properties": { "DAMAGE": "No Damage", "STRUCTURETYPE": "Single Family Residence Multi Story", "index_right": 6540, "score": 0.041, "d_ndvi": -0.008, "ssim": 0.943, "damage_class": "none" }, "geometry": { "type": "Point", "coordinates": [ -118.057291277998999, 34.172597656463303 ] } },
{ "type": "Feature", "properties": { "DAMAGE": "No Damage", "STRUCTURETYPE": "Single Family Residence Single Story", "index_right": 6200, "score": 0.07, "d_ndvi": -0.041, "ssim": 0.932, "damage_class": "none" }, "geometry": { "type": "Point", "coordinates": [ -118.086655103477, 34.173726408396 ] } },
{ "type": "Feature", "properties": { "DAMAGE": "No Damage", "STRUCTURETYPE": "Single Family Residence Single Story", "index_right": 8866, "score": 0.064, "d_ndvi": -0.007, "ssim": 0.907, "damage_class": "none" }, "geometry": { "type": "Point", "coordinates": [ -118.083066923801994, 34.161166107604103 ] } },
{ "type": "Feature", "properties": { "DAMAGE": "No Damage", "STRUCTURETYPE": "Single Family Residence Single Story", "index_right": 8866, "score": 0.064, "d_ndvi": -0.007, "ssim": 0.907, "damage_class": "none" }, "geometry": { "type": "Point", "coordinates": [ -118.082870744629005, 34.161214195294797 ] } },
{ "type": "Feature", "properties": { "DAMAGE": "No Damage", "STRUCTURETYPE": "Utility Misc Structure", "index_right": 8867, "score": 0.083, "d_ndvi": -0.016, "ssim": 0.886, "damage_class": "none" }, "geometry": { "type": "Point", "coordinates": [ -118.082809306759003, 34.161073238744002 ] } },
{ "type": "Feature", "properties": { "DAMAGE": "No Damage", "STRUCTURETYPE": "Utility Misc Structure", "index_right": 8867, "score": 0.083, "d_ndvi": -0.016, "ssim": 0.886, "damage_class": "none" }, "geometry": { "type": "Point", "coordinates": [ -118.082684101918005, 34.161003385877201 ] } },
{ "type": "Feature", "properties": { "DAMAGE": "No Damage", "STRUCTURETYPE": "Single Family Residence Single Story", "index_right": 8867, "score": 0.083, "d_ndvi": -0.016, "ssim": 0.886, "damage_class": "none" }, "geometry": { "type": "Point", "coordinates": [ -118.082663283642006, 34.161210400433298 ] } },
{ "type": "Feature", "properties": { "DAMAGE": "No Damage", "STRUCTURETYPE": "Single Family Residence Single Story", "index_right": 8867, "score": 0.083, "d_ndvi": -0.016, "ssim": 0.886, "damage_class": "none" }, "geometry": { "type": "Point", "coordinates": [ -118.082485739274006, 34.161193082752703 ] } },
{ "type": "Feature", "properties": { "DAMAGE": "No Damage", "STRUCTURETYPE": "Utility Misc Structure", "index_right": 8867, "score": 0.083, "d_ndvi": -0.016, "ssim": 0.886, "damage_class": "none" }, "geometry": { "type": "Point", "coordinates": [ -118.082412638188998, 34.161071761756801 ] } },
{ "type": "Feature", "properties": { "DAMAGE": "No Damage", "STRUCTURETYPE": "Single Family Residence Single Story", "index_right": 6725, "score": 0.058, "d_ndvi": -0.011, "ssim": 0.917, "damage_class": "none" }, "geometry": { "type": "Point", "coordinates": [ -118.059880710433006, 34.1717052022018 ] } },
{ "type": "Feature", "properties": { "DAMAGE": "No Damage", "STRUCTURETYPE": "Utility Misc Structure", "index_right": 6630, "score": 0.035, "d_ndvi": -0.0, "ssim": 0.942, "damage_class": "none" }, "geometry": { "type": "Point", "coordinates": [ -118.059883312851994, 34.1718311012798 ] } },
{ "type": "Feature", "properties": { "DAMAGE": "No Damage", "STRUCTURETYPE": "Single Family Residence Multi Story", "index_right": 6630, "score": 0.035, "d_ndvi": -0.0, "ssim": 0.942, "damage_class": "none" }, "geometry": { "type": "Point", "coordinates": [ -118.059975534797999, 34.172081063849703 ] } },
{ "type": "Feature", "properties": { "DAMAGE": "No Damage", "STRUCTURETYPE": "Single Family Residence Multi Story", "index_right": 6393, "score": 0.134, "d_ndvi": -0.028, "ssim": 0.844, "damage_class": "none" }, "geometry": { "type": "Point", "coordinates": [ -118.084715797086005, 34.172524059018897 ] } },
{ "type": "Feature", "properties": { "DAMAGE": "No Damage", "STRUCTURETYPE": "Single Family Residence Single Story", "index_right": 8868, "score": 0.078, "d_ndvi": -0.013, "ssim": 0.888, "damage_class": "none" }, "geometry": { "type": "Point", "coordinates": [ -118.082274429468001, 34.161197750064701 ] } },
{ "type": "Feature", "properties": { "DAMAGE": "No Damage", "STRUCTURETYPE": "Single Family Residence Single Story", "index_right": 8868, "score": 0.078, "d_ndvi": -0.013, "ssim": 0.888, "damage_class": "none" }, "geometry": { "type": "Point", "coordinates": [ -118.082106049215994, 34.161226977098103 ] } },
{ "type": "Feature", "properties": { "DAMAGE": "No Damage", "STRUCTURETYPE": "Utility Misc Structure", "index_right": 8868, "score": 0.078, "d_ndvi": -0.013, "ssim": 0.888, "damage_class": "none" }, "geometry": { "type": "Point", "coordinates": [ -118.082018156417007, 34.161074338046603 ] } },
{ "type": "Feature", "properties": { "DAMAGE": "No Damage", "STRUCTURETYPE": "Single Family Residence Single Story", "index_right": 8868, "score": 0.078, "d_ndvi": -0.013, "ssim": 0.888, "damage_class": "none" }, "geometry": { "type": "Point", "coordinates": [ -118.081869929774001, 34.161159127845202 ] } },
{ "type": "Feature", "properties": { "DAMAGE": "No Damage", "STRUCTURETYPE": "Single Family Residence Single Story", "index_right": 8869, "score": 0.097, "d_ndvi": 0.013, "ssim": 0.86, "damage_class": "none" }, "geometry": { "type": "Point", "coordinates": [ -118.081707981495001, 34.161212117713298 ] } },
{ "type": "Feature", "properties": { "DAMAGE": "No Damage", "STRUCTURETYPE": "Utility Misc Structure", "index_right": 8869, "score": 0.097, "d_ndvi": 0.013, "ssim": 0.86, "damage_class": "none" }, "geometry": { "type": "Point", "coordinates": [ -118.081632119587994, 34.161055476321799 ] } },
{ "type": "Feature", "properties": { "DAMAGE": "No Damage", "STRUCTURETYPE": "Single Family Residence Single Story", "index_right": 8869, "score": 0.097, "d_ndvi": 0.013, "ssim": 0.86, "damage_class": "none" }, "geometry": { "type": "Point", "coordinates": [ -118.081486984269006, 34.161179527862402 ] } },
{ "type": "Feature", "properties": { "DAMAGE": "No Damage", "STRUCTURETYPE": "Single Family Residence Multi Story", "index_right": 7023, "score": 0.058, "d_ndvi": -0.004, "ssim": 0.914, "damage_class": "none" }, "geometry": { "type": "Point", "coordinates": [ -118.052521431350996, 34.1702202366669 ] } },
{ "type": "Feature", "properties": { "DAMAGE": "Destroyed (>50%)", "STRUCTURETYPE": "Utility Misc Structure", "index_right": 7113, "score": 0.077, "d_ndvi": -0.011, "ssim": 0.899, "damage_class": "none" }, "geometry": { "type": "Point", "coordinates": [ -118.055615393580993, 34.169719998006599 ] } },
{ "type": "Feature", "properties": { "DAMAGE": "No Damage", "STRUCTURETYPE": "Single Family Residence Single Story", "index_right": 7112, "score": 0.04, "d_ndvi": 0.001, "ssim": 0.926, "damage_class": "none" }, "geometry": { "type": "Point", "coordinates": [ -118.055721065103, 34.169641184178303 ] } },
{ "type": "Feature", "properties": { "DAMAGE": "Destroyed (>50%)", "STRUCTURETYPE": "Utility Misc Structure", "index_right": 6349, "score": 0.169, "d_ndvi": -0.112, "ssim": 0.883, "damage_class": "moderate" }, "geometry": { "type": "Point", "coordinates": [ -118.057728269757007, 34.173141932191697 ] } },
{ "type": "Feature", "properties": { "DAMAGE": "Destroyed (>50%)", "STRUCTURETYPE": "Single Family Residence Single Story", "index_right": 6346, "score": 0.334, "d_ndvi": -0.244, "ssim": 0.817, "damage_class": "severe" }, "geometry": { "type": "Point", "coordinates": [ -118.059040024769004, 34.1734455798643 ] } }
]
}
